universe,family,config,regime,seconds,n_rejections,dev_n,dev_days,dev_net,dev_exp,dev_pf,dev_win,val_n,val_days,val_net,val_exp,val_exp_r,val_pf,val_win,val_ci95,val_p_le0,val_ex_best_trade,val_ex_best_day,val_windows_pos,val_windows_n,val_windows_with_trades,val_net_long,val_net_short,val_n_long,val_n_short,val_cost_share,val_maxdd,val_hold_min,devval_final_equity,devval_shadow_equity,devval_paused,devval_paused_at,devval_exposure,devval_acct_maxdd,trades_file,val_by_sym_net,val_syms_positive,is_base,trial_id
stocks,F1,"F1:ma_trend(atr_mult=2.0, fast=10, filter=False, slow=40, tf=15m)",base,4.4,3.0,56,40.0,-9.630495365718478,-0.1719731315306871,0.7295064476498627,0.5,28,25.0,-2.1941491454168456,-0.078362469479173,-0.078362469479173,0.7729465110579768,0.5714285714285714,"[-0.33615732281876853, 0.19300798183934742]",0.707,-3.612244767093703,-3.612244767093703,2,3,3.0,-1.143125332916236,-1.0510238125006095,14.0,14.0,0.1783898797503621,5.627441628948691,294.9430443827381,87.88247648965799,87.88879367842763,True,2026-07-17 14:09:43.481831+00:00,0.1393233159562506,12.11752351034201,F1_ma_trend_39834940_base.parquet,"{'xyz:GOOGL': -0.06, 'xyz:META': 0.52, 'xyz:MU': 1.43, 'xyz:NVDA': -2.5, 'xyz:SNDK': -1.59}",2.0,,1
stocks,F1,"F1:ma_trend(atr_mult=2.0, fast=10, filter=True, slow=40, tf=15m)",base,4.6,0.0,0,,0.0,,,,0,,0.0,,,,,,,,,0,3,0.0,,,,,,,,,,,,,,,,,,2
stocks,F1,"F1:ma_trend(atr_mult=2.0, fast=20, filter=False, slow=80, tf=15m)",base,4.0,1.0,41,32.0,2.744471984154972,0.0669383410769505,1.1450750051195049,0.4146341463414634,25,23.0,1.975760837828666,0.0790304335131466,0.0790304335131466,1.241536586708777,0.64,"[-0.2428367555089937, 0.4203407564556283]",0.322,0.0720951220569616,0.0720951220569616,2,3,3.0,-2.868410423537557,4.844171261366223,11.0,14.0,0.1302788639338563,2.7838444377252047,277.0676294113333,104.5431664258943,104.5431664258943,False,,0.1072268220382295,7.802560194145229,F1_ma_trend_35237887_base.parquet,"{'xyz:GOOGL': 0.11, 'xyz:META': -0.25, 'xyz:MU': -0.52, 'xyz:NVDA': 1.85, 'xyz:SNDK': 0.78}",3.0,,3
stocks,F1,"F1:ma_trend(atr_mult=2.0, fast=20, filter=True, slow=80, tf=15m)",base,4.4,0.0,0,,0.0,,,,0,,0.0,,,,,,,,,0,3,0.0,,,,,,,,,,,,,,,,,,4
stocks,F2,"F2:bb_mr(k=2.0, max_bars=8, n=20, regime=False, tf=15m)",base,5.1,23.0,94,42.0,-22.843071676571306,-0.2430114008145883,0.5287124742271851,0.3936170212765957,58,27.0,-15.431321721609114,-0.2660572710622261,-0.2660572710622261,0.3727863304704643,0.293103448275862,"[-0.42670867710459554, -0.12179969514220342]",1.0,-16.693136088293876,-16.041221582462093,0,3,3.0,-4.514242571759503,-10.91707914984961,29.0,29.0,0.3434582093660005,16.064624486534818,73.95725181810344,89.1655639411883,61.72560660181964,True,2026-06-09 15:37:37.120195+00:00,0.0815700705305121,10.964115642252551,F2_bb_mr_28727861_base.parquet,"{'xyz:GOOGL': -3.7, 'xyz:META': -3.5, 'xyz:MU': -5.12, 'xyz:NVDA': -0.64, 'xyz:SNDK': -2.47}",0.0,,5
stocks,F2,"F2:bb_mr(k=2.0, max_bars=8, n=20, regime=True, tf=15m)",base,4.9,13.0,47,32.0,-12.903259530996646,-0.2745374368297159,0.4116492330062207,0.3617021276595745,32,22.0,-10.61424641357863,-0.3316952004243322,-0.3316952004243322,0.2352027980684888,0.34375,"[-0.5263059637108367, -0.15854041597286034]",1.0,-11.353799244114525,-11.159854541756904,0,3,3.0,-4.197387691605569,-6.416858721973061,18.0,14.0,0.5962268953426685,10.66139443409877,54.421387469270826,89.3868610590833,76.48249405542467,True,2026-07-16 15:52:41.006023+00:00,0.0366963099253807,10.6131389409167,F2_bb_mr_70897870_base.parquet,"{'xyz:GOOGL': -2.99, 'xyz:META': -2.88, 'xyz:MU': -3.25, 'xyz:NVDA': -0.34, 'xyz:SNDK': -1.15}",0.0,,6
stocks,F2,"F2:bb_mr(k=2.5, max_bars=8, n=20, regime=False, tf=15m)",base,4.7,27.0,65,42.0,-2.4485336622574563,-0.0376697486501147,0.9240723742338,0.4615384615384615,37,27.0,-4.677451929597535,-0.1264176197188523,-0.1264176197188523,0.7521266308528317,0.4324324324324324,"[-0.48581446182948096, 0.2130541499801974]",0.769,-7.434972017556927,-7.22637327387161,1,3,3.0,4.495474657534314,-9.172926587131847,17.0,20.0,0.1517946660794438,8.40653867107533,80.22733180630632,89.8640608302421,92.87401440814506,True,2026-06-29 14:37:30.528812+00:00,0.0593887355616886,10.135939169757904,F2_bb_mr_87018847_base.parquet,"{'xyz:GOOGL': -2.22, 'xyz:META': 0.4, 'xyz:MU': -2.09, 'xyz:NVDA': 1.44, 'xyz:SNDK': -2.2}",2.0,,7
stocks,F2,"F2:bb_mr(k=2.5, max_bars=8, n=20, regime=True, tf=15m)",base,4.7,7.0,38,30.0,-9.560764193953013,-0.2515990577356056,0.4844403606710569,0.3684210526315789,23,20.0,-10.874007940768411,-0.4727829539464526,-0.4727829539464526,0.1850141478133611,0.3478260869565217,"[-0.8334681200272213, -0.1798515489549698]",1.0,-11.63199837649772,-11.63199837649772,0,3,3.0,-2.688508590021716,-8.185499350746694,12.0,11.0,0.5352455940356025,10.921155961288552,60.75799031376811,89.2906731556465,79.56522786527857,True,2026-07-10 15:22:30.113825+00:00,0.0309720944495553,10.709326844353498,F2_bb_mr_21772563_base.parquet,"{'xyz:GOOGL': -1.81, 'xyz:META': -1.59, 'xyz:MU': -1.74, 'xyz:NVDA': -1.43, 'xyz:SNDK': -4.3}",0.0,,8
stocks,F3,"F3:vol_comp_bo(pct=0.1, tf=15m, trail_atr=2.0)",base,5.2,5.0,11,11.0,3.463830603912979,0.3148936912648162,2.2736588825080486,0.7272727272727273,6,6.0,-1.109898506984898,-0.184983084497483,-0.184983084497483,0.4345127793914872,0.5,"[-0.7350299920437704, 0.2850784826456097]",0.747,-1.8546187313944644,-1.8546187313944644,0,3,2.0,0.2008788393729722,-1.3107773463578705,3.0,3.0,0.2735444106191936,1.918137954499784,175.16690594166667,102.35393209692808,102.35393209692808,False,,0.0258611877747112,1.918137954499784,F3_vol_comp_bo_9724871_base.parquet,"{'xyz:GOOGL': -0.6, 'xyz:MU': 0.01, 'xyz:NVDA': -0.57, 'xyz:SNDK': 0.05}",2.0,,9
stocks,F3,"F3:vol_comp_bo(pct=0.2, tf=15m, trail_atr=2.0)",base,5.1,6.0,21,20.0,-3.673406696297992,-0.1749241283951424,0.6093390242306267,0.5238095238095238,9,9.0,-1.4015869547207749,-0.1557318838578638,-0.1557318838578638,0.4413573744680541,0.4444444444444444,"[-0.5283214389389879, 0.16121352074343848]",0.796,-2.146307179130341,-2.146307179130341,0,3,2.0,-0.0600690785497964,-1.341517876170978,4.0,5.0,0.3762966896392776,1.918137954499784,178.4771929425926,94.92500634898124,94.92500634898124,False,,0.0415005621997342,5.591544650797786,F3_vol_comp_bo_82217119_base.parquet,"{'xyz:GOOGL': -0.43, 'xyz:MU': -0.04, 'xyz:NVDA': -0.57, 'xyz:SNDK': -0.35}",0.0,,10
stocks,F1,"F1:ma_trend(atr_mult=2.0, fast=10, filter=False, slow=40, tf=1h)",base,4.5,3.0,24,24.0,1.1930858987568755,0.0497119124482031,1.2387137502937433,0.4166666666666667,18,18.0,1.1463859575313091,0.0636881087517394,0.0636881087517394,1.5825675035989852,0.3888888888888889,"[-0.10449994198175709, 0.2712351173474977]",0.268,-0.2908863972396147,-0.2908863972396147,3,3,3.0,-0.1101475909298092,1.2565335484611189,11.0,7.0,0.1276527673552336,0.6856870707012181,250.3435572101852,102.33947185628814,102.33947185628814,False,,0.0664417867729735,2.781376447881229,F1_ma_trend_62455420_base.parquet,"{'xyz:GOOGL': 1.19, 'xyz:META': -0.33, 'xyz:MU': 0.1, 'xyz:NVDA': -0.14, 'xyz:SNDK': 0.33}",3.0,,11
stocks,F1,"F1:ma_trend(atr_mult=2.0, fast=10, filter=True, slow=40, tf=1h)",base,4.5,0.0,0,,0.0,,,,0,,0.0,,,,,,,,,0,3,0.0,,,,,,,,,,,,,,,,,,12
stocks,F1,"F1:ma_trend(atr_mult=2.0, fast=20, filter=False, slow=80, tf=1h)",base,4.5,3.0,19,19.0,1.3383053986943527,0.0704371262470712,1.5091721631096144,0.4736842105263157,8,8.0,-0.5462112170123481,-0.0682764021265435,-0.0682764021265435,0.1705952294715612,0.5,"[-0.1777147670285337, 0.015775650619973644]",0.908,-0.6028106228943678,-0.6028106228943678,0,3,3.0,-0.0088368284362237,-0.5373743885761242,2.0,6.0,1.4141026624632171,0.5471268143121629,202.1096363083333,100.79209418168205,100.79209418168205,False,,0.0371051824593682,1.723165273602163,F1_ma_trend_98178410_base.parquet,"{'xyz:GOOGL': -0.22, 'xyz:META': 0.05, 'xyz:MU': -0.38, 'xyz:SNDK': 0.0}",2.0,,13
stocks,F1,"F1:ma_trend(atr_mult=2.0, fast=20, filter=True, slow=80, tf=1h)",base,4.5,0.0,0,,0.0,,,,0,,0.0,,,,,,,,,0,3,0.0,,,,,,,,,,,,,,,,,,14
stocks,F2,"F2:bb_mr(k=2.0, max_bars=8, n=20, regime=False, tf=1h)",base,4.7,0.0,48,39.0,0.3155612856498455,0.0065741934510384,1.0303418110206994,0.5833333333333334,34,26.0,-0.7402072862539153,-0.0217708025368798,-0.0217708025368798,0.860538165479767,0.5588235294117647,"[-0.16775123967578168, 0.10521557223173321]",0.642,-1.8714505302873687,-1.8714505302873687,2,3,3.0,-0.593993576162824,-0.1462137100910913,14.0,20.0,0.2490489896503727,2.381079087778004,158.8921207348039,99.616913009589,99.616913009589,False,,0.0832055606664622,3.9800895769345033,F2_bb_mr_85647168_base.parquet,"{'xyz:GOOGL': 0.31, 'xyz:META': -0.52, 'xyz:MU': 0.49, 'xyz:NVDA': -3.05, 'xyz:SNDK': 2.03}",3.0,,15
stocks,F2,"F2:bb_mr(k=2.0, max_bars=8, n=20, regime=True, tf=1h)",base,5.0,0.0,42,34.0,-2.8532883907099733,-0.0679354378740469,0.7326878756233062,0.5238095238095238,23,17.0,0.3286896260086114,0.0142908533047222,0.0142908533047222,1.1255802347847512,0.5217391304347826,"[-0.10051426369276553, 0.11640376281073163]",0.382,-0.3515873163152174,-0.1613200288376275,2,3,3.0,0.8298210876350822,-0.5011314616264708,9.0,14.0,0.2540959086977187,1.1740907802651648,138.47628756884058,97.51696024549172,97.51696024549172,False,,0.062557497700092,4.448397010915102,F2_bb_mr_33715970_base.parquet,"{'xyz:GOOGL': 0.72, 'xyz:META': 0.49, 'xyz:MU': 0.49, 'xyz:NVDA': -2.02, 'xyz:SNDK': 0.65}",4.0,,16
stocks,F2,"F2:bb_mr(k=2.5, max_bars=8, n=20, regime=False, tf=1h)",base,4.7,1.0,46,39.0,-4.783408796816922,-0.1039871477568896,0.728381701531322,0.5,28,24.0,-3.825324291845036,-0.1366187247087512,-0.1366187247087512,0.3771777283333918,0.3571428571428571,"[-0.2658659765305824, -0.00010799549412494112]",0.975,-4.775446091675362,-4.775446091675362,1,3,3.0,-2.660985186775543,-1.1643391050694936,14.0,14.0,0.3732344419522122,5.117820583254127,190.784864704762,92.2351297823195,90.90763952843363,True,2026-08-06 22:07:57.641529+00:00,0.0811611979965245,10.324707252871292,F2_bb_mr_34745707_base.parquet,"{'xyz:GOOGL': -0.91, 'xyz:META': -0.88, 'xyz:MU': 0.62, 'xyz:NVDA': -2.75, 'xyz:SNDK': 0.1}",2.0,,17
stocks,F2,"F2:bb_mr(k=2.5, max_bars=8, n=20, regime=True, tf=1h)",base,4.8,0.0,37,32.0,-11.08521654718513,-0.2996004472212197,0.3436960097124948,0.3243243243243243,22,18.0,-2.7767558261796155,-0.1262161739172552,-0.1262161739172552,0.3881703919979011,0.3181818181818182,"[-0.2622128002140838, 0.026641062675434722]",0.952,-3.7268776260099417,-3.7268776260099417,1,3,3.0,-1.4368282066908056,-1.33992761948881,9.0,13.0,0.3807467798263608,4.0692521175887055,172.80391207803032,88.95931185983906,85.65440024373092,True,2026-07-14 18:44:59.902255+00:00,0.0623530614330982,11.040688140160938,F2_bb_mr_20448718_base.parquet,"{'xyz:GOOGL': -0.22, 'xyz:META': 0.03, 'xyz:MU': 0.35, 'xyz:NVDA': -2.92, 'xyz:SNDK': -0.01}",2.0,,18
stocks,F3,"F3:vol_comp_bo(pct=0.1, tf=1h, trail_atr=2.0)",base,4.8,0.0,16,15.0,4.279089576154522,0.2674430985096576,2.6747991323763443,0.6875,13,12.0,1.318938590122301,0.1014568146247923,0.1014568146247923,1.4851321854138384,0.6153846153846154,"[-0.2782151840671714, 0.5740848130065365]",0.328,-0.713106686594474,-0.713106686594474,2,3,3.0,0.1927451612514858,1.126193428870815,2.0,11.0,0.1083066472596496,1.33387673703926,252.33317291410256,105.36720165040424,105.36720165040424,False,,0.0518245936829193,1.3338767370392477,F3_vol_comp_bo_69948422_base.parquet,"{'xyz:GOOGL': -0.5, 'xyz:META': -1.59, 'xyz:MU': 0.24, 'xyz:NVDA': 1.96, 'xyz:SNDK': 1.2}",3.0,,19
stocks,F3,"F3:vol_comp_bo(pct=0.2, tf=1h, trail_atr=2.0)",base,4.8,4.0,22,21.0,1.451750889731256,0.0659886768059661,1.3293331992008035,0.5454545454545454,13,12.0,-1.3186166735998448,-0.1014320518153726,-0.1014320518153726,0.5914607438810001,0.4615384615384615,"[-0.3647241710083706, 0.21474340872331757]",0.742,-2.521718213104173,-2.521718213104173,0,3,3.0,-0.3161724310317522,-1.0024442425680926,4.0,9.0,0.2129932352831055,1.756542113850157,261.5673076,99.90230770025882,99.90230770025882,False,,0.06163753449862,1.9639505719425607,F3_vol_comp_bo_15529191_base.parquet,"{'xyz:GOOGL': -0.59, 'xyz:META': -1.59, 'xyz:MU': 0.24, 'xyz:NVDA': -0.16, 'xyz:SNDK': 0.78}",2.0,,20
stocks,F5,"F5:trend_pullback(defn=A, max_bars=16, target_r=1.5)",base,4.9,6.0,83,42.0,-8.718337943041726,-0.1050402161812256,0.7705336041786984,0.4457831325301205,51,27.0,-11.008581789159033,-0.2158545448854712,-0.2158545448854712,0.5105434772364481,0.3529411764705882,"[-0.4097281801933137, 0.002316762045794071]",0.971,-13.413406864961662,-13.390881921850797,1,3,3.0,-9.20754850207184,-1.801033287087191,23.0,28.0,0.2211048888622602,13.825859279797218,163.32638278006536,94.46991677907688,80.71326276322556,True,2026-06-05 14:07:23.836538+00:00,0.1321680466114689,10.235207177365185,F5_trend_pullback_6362139_base.parquet,"{'xyz:GOOGL': 1.91, 'xyz:META': -6.37, 'xyz:MU': -4.44, 'xyz:NVDA': -1.79, 'xyz:SNDK': -0.33}",1.0,,21
stocks,F5,"F5:trend_pullback(defn=A, max_bars=16, target_r=2.0)",base,4.6,7.0,79,42.0,-7.116692071626658,-0.090084709767426,0.8129805271400276,0.4177215189873418,51,27.0,-11.248333112866591,-0.2205555512326783,-0.2205555512326783,0.5119887517468485,0.3529411764705882,"[-0.4105686858828648, -0.017551111969413984]",0.981,-13.722923743754135,-13.241462216183027,1,3,3.0,-9.506109392911018,-1.7422237199555777,23.0,28.0,0.2194525598988238,13.69876522904752,161.99902425163395,94.46137362636854,82.07515731093304,True,2026-06-05 14:07:23.836538+00:00,0.1337013186139221,10.447444491048955,F5_trend_pullback_65699219_base.parquet,"{'xyz:GOOGL': 1.45, 'xyz:META': -6.4, 'xyz:MU': -4.44, 'xyz:NVDA': -1.81, 'xyz:SNDK': -0.04}",1.0,,22
stocks,F5,"F5:trend_pullback(defn=B, max_bars=16, target_r=1.5)",base,4.5,2.0,72,42.0,-10.554745640350422,-0.1465936894493114,0.6871576298956698,0.4583333333333333,43,27.0,-11.564789458014744,-0.2689485920468545,-0.2689485920468545,0.4546773376468929,0.3720930232558139,"[-0.5237963635653998, 0.036100176698625086]",0.951,-13.969614533817373,-15.286593362082389,1,3,3.0,-5.278505306400827,-6.286284151613918,18.0,25.0,0.2383220420323366,14.201826950034992,176.22628249302326,92.03883345846504,78.3733929964792,True,2026-06-05 19:07:29.704523+00:00,0.1221506695287744,10.13707650931191,F5_trend_pullback_78731027_base.parquet,"{'xyz:GOOGL': -0.37, 'xyz:META': -5.64, 'xyz:MU': -0.3, 'xyz:NVDA': -5.82, 'xyz:SNDK': 0.56}",1.0,,23
stocks,F5,"F5:trend_pullback(defn=B, max_bars=16, target_r=2.0)",base,4.9,2.0,69,42.0,-9.78611039997914,-0.1418276869562194,0.7058402218387778,0.4202898550724637,43,27.0,-11.321730853791882,-0.263296066367253,-0.263296066367253,0.4679673409915764,0.3720930232558139,"[-0.5191614374369885, 0.04430217845686417]",0.947,-13.796321484679424,-15.13238696262944,1,3,3.0,-5.065480068065531,-6.256250785726349,18.0,25.0,0.2317493377255522,14.048678358008791,177.60118621821704,92.15983386991756,79.39011671959216,True,2026-06-05 19:07:29.704523+00:00,0.1228661964632525,10.18615519989352,F5_trend_pullback_9883134_base.parquet,"{'xyz:GOOGL': -0.38, 'xyz:META': -5.64, 'xyz:MU': -0.3, 'xyz:NVDA': -5.85, 'xyz:SNDK': 0.84}",1.0,,24
stocks,F6,"F6:orb(or_min=30, target_r=2.0)",base,3.8,14.0,72,41.0,-6.3923404678826765,-0.0887825064983705,0.8047463568668254,0.4444444444444444,34,26.0,-0.4586337253763716,-0.0134892272169521,-0.0134892272169521,0.9471618313920396,0.5,"[-0.2553248334710914, 0.23344748681552346]",0.519,-2.54322078909313,-2.812220544133502,1,3,3.0,-3.292307073309759,2.833673347933386,15.0,19.0,0.1324242179218314,5.381881462651923,246.77310480490195,91.44567837695756,92.94244834463667,True,2026-06-05 14:37:31.823945+00:00,0.1427987324951446,10.185397620530424,F6_orb_91048706_base.parquet,"{'xyz:GOOGL': 1.27, 'xyz:META': -0.69, 'xyz:MU': 0.29, 'xyz:NVDA': -0.07, 'xyz:SNDK': -1.27}",2.0,,25
stocks,F6,"F6:orb(or_min=30, target_r=None)",base,3.7,11.0,60,41.0,-11.087838234144636,-0.1847973039024106,0.6485966859741304,0.4166666666666667,29,26.0,-0.8873124256866922,-0.0305969801960928,-0.0305969801960928,0.8897061774843996,0.5172413793103449,"[-0.2874081466743544, 0.2709965576142416]",0.561,-3.5204986894092625,-3.5204986894092625,1,3,3.0,-4.027344433721618,3.1400320080349253,13.0,16.0,0.1205954352348228,5.381881462651923,291.90997541666667,91.50989522679602,87.81827187806442,True,2026-06-05 14:37:31.823945+00:00,0.1437186956966165,10.132630748630916,F6_orb_1320256_base.parquet,"{'xyz:GOOGL': -0.47, 'xyz:META': -0.69, 'xyz:MU': -0.35, 'xyz:NVDA': 0.99, 'xyz:SNDK': -0.37}",1.0,,26
stocks,F6,"F6:orb(or_min=60, target_r=2.0)",base,3.8,4.0,55,41.0,-0.048859532687368,-0.0008883551397703,0.9977936352854038,0.509090909090909,39,27.0,-8.606771369805404,-0.2206864453796257,-0.2206864453796257,0.4540557680143564,0.4102564102564102,"[-0.4069268414025545, -0.010578796988136888]",0.981,-10.124276206821373,-10.041389006971237,0,3,3.0,-3.624721680465104,-4.982049689340302,19.0,20.0,0.2517051533780349,8.606771369805404,193.16130884444445,92.05815508269112,91.0242665433814,True,2026-08-21 15:52:58.211161+00:00,0.1278748850045998,10.078088190974896,F6_orb_56923557_base.parquet,"{'xyz:GOOGL': 0.05, 'xyz:META': -0.57, 'xyz:MU': 0.34, 'xyz:NVDA': -0.32, 'xyz:SNDK': -8.11}",2.0,,27
stocks,F6,"F6:orb(or_min=60, target_r=None)",base,3.9,4.0,51,41.0,-0.6310712639840851,-0.0123739463526291,0.970427373338322,0.5098039215686274,36,27.0,-9.070050056818774,-0.2519458349116326,-0.2519458349116326,0.4168170984505902,0.4166666666666667,"[-0.4482890072199473, -0.029708119988152728]",0.985,-10.750743810234203,-10.750743810234203,0,3,3.0,-3.508954160503288,-5.561095896315488,17.0,19.0,0.26076063478067,9.070050056818776,210.92575702175924,92.09463408408284,89.97877612507133,True,2026-08-20 19:23:02.274955+00:00,0.1279771031380967,10.041609189583198,F6_orb_89930649_base.parquet,"{'xyz:GOOGL': 0.64, 'xyz:META': -1.72, 'xyz:MU': 0.49, 'xyz:NVDA': -1.0, 'xyz:SNDK': -7.48}",2.0,,28
stocks,B0,B0:baseline_session_long(),base,3.6,90.0,43,42.0,2.7447654285277503,0.0638317541518081,1.352886808280015,0.5116279069767442,26,26.0,-0.791739227738998,-0.0304515087591922,-0.0304515087591922,0.7842165615118487,0.3846153846153846,"[-0.16291965232219444, 0.0985571168359658]",0.694,-1.841647544164923,-1.841647544164923,0,3,3.0,-0.791739227738998,0.0,26.0,0.0,0.0881392827557718,1.6187516331033809,360.9113576557692,101.7820449023994,101.7820449023994,False,,0.1595625063886333,2.4181272722259166,B0_baseline_session_long_5922197_base.parquet,"{'xyz:MU': -1.11, 'xyz:NVDA': 1.32, 'xyz:SNDK': -1.01}",1.0,,29
stocks,F1,"F1:ma_trend(atr_mult=2.0, fast=10, filter=False, slow=40, tf=15m)",adverse,3.9,3.0,56,40.0,-11.253364655726582,-0.2009529402808318,0.6804732487345079,0.4642857142857143,28,25.0,-3.05685257509422,-0.109173306253365,-0.109173306253365,0.6907561183111574,0.5,"[-0.3622558763518693, 0.15705068631608596]",0.78,-4.414371578448391,-4.414371578448391,2,3,3.0,-1.7038859050239203,-1.3529666700702991,14.0,14.0,0.3243186878876316,5.889532052288977,294.9430443827381,89.48809329373965,85.39597569778911,True,2026-07-13 14:07:31.484529+00:00,0.1393233159562506,10.511906706260348,F1_ma_trend_39834940_adverse.parquet,"{'xyz:GOOGL': -0.59, 'xyz:META': 0.41, 'xyz:MU': 1.34, 'xyz:NVDA': -2.61, 'xyz:SNDK': -1.61}",2.0,,30
stocks,F1,"F1:ma_trend(atr_mult=2.0, fast=10, filter=True, slow=40, tf=15m)",adverse,4.1,0.0,0,,0.0,,,,0,,0.0,,,,,,,,,0,3,0.0,,,,,,,,,,,,,,,,,,31
stocks,F1,"F1:ma_trend(atr_mult=2.0, fast=20, filter=False, slow=80, tf=15m)",adverse,3.9,1.0,41,32.0,0.8856950239197947,0.0216023176565803,1.0466476257950523,0.4146341463414634,25,23.0,1.180524953270872,0.0472209981308348,0.0472209981308348,1.1442803206003884,0.64,"[-0.26472293772744404, 0.3754120040635273]",0.369,-0.6069018747930917,-0.6069018747930917,1,3,3.0,-3.1012727105437854,4.2817976638146575,11.0,14.0,0.2256487124227366,2.728693067933203,277.0676294113333,101.89160074883412,101.89160074883412,False,,0.1072268220382295,7.864270101196041,F1_ma_trend_35237887_adverse.parquet,"{'xyz:GOOGL': -0.15, 'xyz:META': -0.41, 'xyz:MU': -0.61, 'xyz:NVDA': 1.58, 'xyz:SNDK': 0.76}",2.0,,32
stocks,F1,"F1:ma_trend(atr_mult=2.0, fast=20, filter=True, slow=80, tf=15m)",adverse,4.2,0.0,0,,0.0,,,,0,,0.0,,,,,,,,,0,3,0.0,,,,,,,,,,,,,,,,,,33
stocks,F2,"F2:bb_mr(k=2.0, max_bars=8, n=20, regime=False, tf=15m)",adverse,4.9,23.0,94,42.0,-25.91446516469156,-0.2756857996243783,0.4726233410970276,0.3723404255319149,58,27.0,-16.892941630845414,-0.2912576143249209,-0.2912576143249209,0.3282360032235888,0.2586206896551724,"[-0.44587854200132615, -0.15054992912693632]",1.0,-18.144951751586817,-17.431359234515874,0,3,3.0,-5.24283827829627,-11.650103352549138,29.0,29.0,0.6330573345707707,17.44787679387123,73.95725181810344,89.88189051852018,57.19259320446295,True,2026-06-05 18:26:12.118882+00:00,0.0815700705305121,10.23144319002293,F2_bb_mr_28727861_adverse.parquet,"{'xyz:GOOGL': -4.07, 'xyz:META': -3.9, 'xyz:MU': -5.09, 'xyz:NVDA': -1.2, 'xyz:SNDK': -2.63}",0.0,,34
stocks,F2,"F2:bb_mr(k=2.0, max_bars=8, n=20, regime=True, tf=15m)",adverse,4.8,13.0,47,32.0,-14.320738512903873,-0.3046965641043376,0.3585605925502382,0.3404255319148936,32,22.0,-11.395054713169218,-0.356095459786538,-0.356095459786538,0.197813978176949,0.28125,"[-0.5446128193007074, -0.18820218525745655]",1.0,-12.065450906840931,-11.82409324419053,0,3,3.0,-4.681711208145096,-6.713343505024121,18.0,14.0,1.1635025018947511,11.395054713169218,54.421387469270826,89.69203123388137,74.28420677392687,True,2026-07-16 14:52:27.050338+00:00,0.0366963099253807,10.307968766118634,F2_bb_mr_70897870_adverse.parquet,"{'xyz:GOOGL': -3.12, 'xyz:META': -3.28, 'xyz:MU': -3.23, 'xyz:NVDA': -0.59, 'xyz:SNDK': -1.18}",0.0,,35
stocks,F2,"F2:bb_mr(k=2.5, max_bars=8, n=20, regime=False, tf=15m)",adverse,4.6,27.0,65,42.0,-5.12414474816256,-0.0788329961255778,0.8430386763768911,0.4615384615384615,37,27.0,-5.71335772305081,-0.1544150735959678,-0.1544150735959678,0.6954394331420771,0.3513513513513513,"[-0.4945727596604552, 0.17303396694373543]",0.822,-8.287338262378206,-8.091229034480003,1,3,3.0,3.802068005495722,-9.515425728546532,17.0,20.0,0.269570031851928,8.386735542693932,80.22733180630632,89.96927623749617,89.16249752878663,True,2026-06-26 14:22:26.888855+00:00,0.0593887355616886,10.030723762503824,F2_bb_mr_87018847_adverse.parquet,"{'xyz:GOOGL': -2.47, 'xyz:META': 0.04, 'xyz:MU': -2.1, 'xyz:NVDA': 1.12, 'xyz:SNDK': -2.3}",2.0,,36
stocks,F2,"F2:bb_mr(k=2.5, max_bars=8, n=20, regime=True, tf=15m)",adverse,4.8,7.0,38,30.0,-11.090689600939212,-0.291860252656295,0.4247312437682113,0.3684210526315789,23,20.0,-11.190703233618382,-0.4865523145051471,-0.4865523145051471,0.1615861873117693,0.2608695652173913,"[-0.8412810473737071, -0.200145058302768]",1.0,-11.880117759025463,-11.880117759025463,0,3,3.0,-2.9182863097438414,-8.272416923874546,12.0,11.0,1.0226505301582856,11.190703233618384,60.75799031376811,88.3299036205863,77.71860716544239,True,2026-07-10 15:22:30.113825+00:00,0.0309720944495553,11.670096379413708,F2_bb_mr_21772563_adverse.parquet,"{'xyz:GOOGL': -1.87, 'xyz:META': -1.72, 'xyz:MU': -1.72, 'xyz:NVDA': -1.68, 'xyz:SNDK': -4.2}",0.0,,37
stocks,F3,"F3:vol_comp_bo(pct=0.1, tf=15m, trail_atr=2.0)",adverse,5.4,5.0,11,11.0,3.27246540883772,0.2974968553488836,2.195359672510465,0.7272727272727273,6,6.0,-1.2386942161511374,-0.2064490360251895,-0.2064490360251895,0.3786535013832075,0.5,"[-0.7343950312932853, 0.242976934235115]",0.783,-1.8980092456630309,-1.8980092456630309,0,3,2.0,0.0947066609088846,-1.333400877060022,3.0,3.0,0.5332897592013627,1.9132359066681224,175.16690594166667,102.03377119268656,102.03377119268656,False,,0.0258611877747112,1.9132359066681204,F3_vol_comp_bo_9724871_adverse.parquet,"{'xyz:GOOGL': -0.62, 'xyz:MU': -0.03, 'xyz:NVDA': -0.64, 'xyz:SNDK': 0.04}",1.0,,38
stocks,F3,"F3:vol_comp_bo(pct=0.2, tf=15m, trail_atr=2.0)",adverse,5.2,6.0,21,20.0,-4.262815579513917,-0.2029912180720912,0.5609443668358847,0.4761904761904761,9,9.0,-1.695324295359354,-0.1883693661510393,-0.1883693661510393,0.3632441275384387,0.4444444444444444,"[-0.5450805864626123, 0.11552120032316611]",0.851,-2.3546393248712474,-2.3546393248712474,0,3,2.0,-0.2216090216677965,-1.4737152736915573,4.0,5.0,0.7680547787126227,1.9132359066681224,178.4771929425926,94.04186012512672,94.04186012512672,False,,0.0415005621997342,6.176051486182033,F3_vol_comp_bo_82217119_adverse.parquet,"{'xyz:GOOGL': -0.49, 'xyz:MU': -0.08, 'xyz:NVDA': -0.64, 'xyz:SNDK': -0.48}",0.0,,39
stocks,F1,"F1:ma_trend(atr_mult=2.0, fast=10, filter=False, slow=40, tf=1h)",adverse,4.7,3.0,24,24.0,0.837161465306572,0.0348817277211071,1.1648250035829022,0.4166666666666667,18,18.0,0.8751035298025968,0.0486168627668109,0.0486168627668109,1.4209338721571334,0.3888888888888889,"[-0.11346068249072344, 0.24985363270303876]",0.33,-0.4823351045779399,-0.4823351045779399,3,3,3.0,-0.257689204672831,1.1327927344754276,11.0,7.0,0.2121646194218331,0.7338140045105446,250.3435572101852,101.7122649951092,101.7122649951092,False,,0.0664417867729735,2.940466483891768,F1_ma_trend_62455420_adverse.parquet,"{'xyz:GOOGL': 0.98, 'xyz:META': -0.34, 'xyz:MU': 0.07, 'xyz:NVDA': -0.16, 'xyz:SNDK': 0.32}",3.0,,40
stocks,F1,"F1:ma_trend(atr_mult=2.0, fast=10, filter=True, slow=40, tf=1h)",adverse,4.5,0.0,0,,0.0,,,,0,,0.0,,,,,,,,,0,3,0.0,,,,,,,,,,,,,,,,,,41
stocks,F1,"F1:ma_trend(atr_mult=2.0, fast=20, filter=False, slow=80, tf=1h)",adverse,4.6,3.0,19,19.0,1.1042092517663922,0.0581162764087574,1.414383050543114,0.4736842105263157,8,8.0,-0.6369735409883147,-0.0796216926235393,-0.0796216926235393,0.1169872753431897,0.25,"[-0.18849161314208437, 0.003984597431313354]",0.962,-0.6879952579615424,-0.6879952579615424,0,3,3.0,-0.0307076169371197,-0.606265924051195,2.0,6.0,2.9784818856460658,0.6369735409883147,202.1096363083333,100.46723571077813,100.46723571077813,False,,0.0371051824593682,1.8128324629230832,F1_ma_trend_98178410_adverse.parquet,"{'xyz:GOOGL': -0.28, 'xyz:META': 0.03, 'xyz:MU': -0.39, 'xyz:SNDK': -0.0}",1.0,,42
stocks,F1,"F1:ma_trend(atr_mult=2.0, fast=20, filter=True, slow=80, tf=1h)",adverse,4.4,0.0,0,,0.0,,,,0,,0.0,,,,,,,,,0,3,0.0,,,,,,,,,,,,,,,,,,43
stocks,F2,"F2:bb_mr(k=2.0, max_bars=8, n=20, regime=False, tf=1h)",adverse,4.8,0.0,48,39.0,-1.1064728416738174,-0.0230515175348711,0.8974771817847009,0.5833333333333334,34,26.0,-1.414006284367158,-0.0415884201284458,-0.0415884201284458,0.7393868644177177,0.5294117647058824,"[-0.18320234362557028, 0.07904612563984674]",0.731,-2.500670520846436,-2.500670520846436,1,3,3.0,-0.8586990305396487,-0.5553072538275093,14.0,20.0,0.4500026756886878,2.6223177455479245,158.8921207348039,97.50864752813642,97.50864752813642,False,,0.0832055606664622,5.1561453297418325,F2_bb_mr_85647168_adverse.parquet,"{'xyz:GOOGL': 0.05, 'xyz:META': -0.59, 'xyz:MU': 0.45, 'xyz:NVDA': -3.17, 'xyz:SNDK': 1.84}",3.0,,44
stocks,F2,"F2:bb_mr(k=2.0, max_bars=8, n=20, regime=True, tf=1h)",adverse,4.9,0.0,42,34.0,-3.836694224887963,-0.0913498624973324,0.6492373255524754,0.5238095238095238,23,17.0,-0.1930629327930682,-0.0083940405562203,-0.0083940405562203,0.9292706209459628,0.5217391304347826,"[-0.11637879226938078, 0.08695371801639146]",0.538,-0.7702769285267432,-0.6302729430412526,1,3,3.0,0.588205335657396,-0.7812682684504645,9.0,14.0,0.4606277066421764,1.4281763623954178,138.47628756884058,95.9993694964964,95.9993694964964,False,,0.062557497700092,4.919105728932763,F2_bb_mr_33715970_adverse.parquet,"{'xyz:GOOGL': 0.51, 'xyz:META': 0.42, 'xyz:MU': 0.45, 'xyz:NVDA': -2.11, 'xyz:SNDK': 0.55}",4.0,,45
stocks,F2,"F2:bb_mr(k=2.5, max_bars=8, n=20, regime=False, tf=1h)",adverse,4.8,1.0,46,39.0,-5.758200563027197,-0.1251782731092869,0.6735047389248547,0.4782608695652174,28,24.0,-4.116577747426393,-0.1470206338366569,-0.1470206338366569,0.3391090669433272,0.3571428571428571,"[-0.2705962631580402, -0.015180341667637905]",0.985,-5.027689812217275,-5.027689812217275,1,3,3.0,-2.734136680384605,-1.3824410670417877,14.0,14.0,0.6438754781576441,5.338480333853568,190.784864704762,92.00216538555142,89.64091524814401,True,2026-08-03 19:22:52.448395+00:00,0.0811611979965245,10.216590918853283,F2_bb_mr_34745707_adverse.parquet,"{'xyz:GOOGL': -0.98, 'xyz:META': -0.88, 'xyz:MU': 0.55, 'xyz:NVDA': -2.9, 'xyz:SNDK': 0.09}",2.0,,46
stocks,F2,"F2:bb_mr(k=2.5, max_bars=8, n=20, regime=True, tf=1h)",adverse,4.7,0.0,37,32.0,-11.77972740463263,-0.318371010936017,0.3119319159162299,0.3243243243243243,22,18.0,-3.005098130351741,-0.1365953695614427,-0.1365953695614427,0.3497329283296915,0.3181818181818182,"[-0.26391828135122003, 0.009473527956014317]",0.967,-3.916210195142624,-3.916210195142624,1,3,3.0,-1.484706607057877,-1.5203915232938652,9.0,13.0,0.6528419703322991,4.227000716778916,172.80391207803032,88.3002169734091,84.73086802361321,True,2026-07-14 18:44:59.902255+00:00,0.0623530614330982,11.699783026590891,F2_bb_mr_20448718_adverse.parquet,"{'xyz:GOOGL': -0.27, 'xyz:META': 0.01, 'xyz:MU': 0.3, 'xyz:NVDA': -3.03, 'xyz:SNDK': -0.01}",2.0,,47
stocks,F3,"F3:vol_comp_bo(pct=0.1, tf=1h, trail_atr=2.0)",adverse,4.9,0.0,16,15.0,3.881456380392725,0.2425910237745453,2.5150293524395915,0.625,13,12.0,1.0928982208488869,0.0840690939114528,0.0840690939114528,1.3981382996134326,0.6153846153846154,"[-0.2855902765405242, 0.5498963543871185]",0.359,-0.8438210416123519,-0.8438210416123519,2,3,3.0,0.1932358793592012,0.8996623414896856,2.0,11.0,0.1866580507096025,1.4320662712296468,252.33317291410256,104.73682416833168,104.73682416833168,False,,0.0518245936829193,1.432066271229644,F3_vol_comp_bo_69948422_adverse.parquet,"{'xyz:GOOGL': -0.55, 'xyz:META': -1.62, 'xyz:MU': 0.24, 'xyz:NVDA': 1.83, 'xyz:SNDK': 1.2}",3.0,,48
stocks,F3,"F3:vol_comp_bo(pct=0.2, tf=1h, trail_atr=2.0)",adverse,4.8,4.0,22,21.0,1.076935393547905,0.048951608797632,1.2424505668529229,0.5,13,12.0,-1.4427570510532504,-0.1109813116194808,-0.1109813116194808,0.5588834988309187,0.4615384615384615,"[-0.3714533582692896, 0.20508406785106037]",0.761,-2.6415639685149443,-2.6415639685149443,0,3,3.0,-0.3324364525951742,-1.1103205984580762,4.0,9.0,0.3655930718873288,1.8598921992889417,261.5673076,99.39664790958474,99.39664790958474,False,,0.06163753449862,2.2795139046160955,F3_vol_comp_bo_15529191_adverse.parquet,"{'xyz:GOOGL': -0.62, 'xyz:META': -1.62, 'xyz:MU': 0.24, 'xyz:NVDA': -0.2, 'xyz:SNDK': 0.77}",2.0,,49
stocks,F5,"F5:trend_pullback(defn=A, max_bars=16, target_r=1.5)",adverse,4.9,7.0,83,42.0,-11.483063843483736,-0.1383501667889606,0.7043258202163912,0.4337349397590361,51,27.0,-12.078602890933004,-0.2368353508026079,-0.2368353508026079,0.4703180551421357,0.3333333333333333,"[-0.4277267578224251, -0.023278675703703445]",0.983,-14.412245051762628,-14.33916637795637,1,3,3.0,-9.441582608889302,-2.6370202820437028,23.0,28.0,0.3867624319304402,14.509885889201994,163.32638278006536,93.60423945423246,76.81335686794836,True,2026-06-05 14:07:23.836538+00:00,0.1321680466114689,10.780458319634375,F5_trend_pullback_6362139_adverse.parquet,"{'xyz:GOOGL': 1.47, 'xyz:META': -6.41, 'xyz:MU': -4.56, 'xyz:NVDA': -1.98, 'xyz:SNDK': -0.6}",1.0,,50
stocks,F5,"F5:trend_pullback(defn=A, max_bars=16, target_r=2.0)",adverse,4.6,8.0,79,42.0,-9.88220423821081,-0.1250911928887444,0.7465132493491597,0.4177215189873418,51,27.0,-12.321647330212286,-0.2416009280433781,-0.2416009280433781,0.4722637323408953,0.3333333333333333,"[-0.4263306556116996, -0.0441080737136903]",0.986,-14.72351377187463,-14.162686129435428,0,3,3.0,-9.759510841568936,-2.562136488643351,23.0,28.0,0.3854031244464345,14.354026922467186,161.99902425163395,93.62846658921036,78.17117203394209,True,2026-06-05 14:07:23.836538+00:00,0.1337013186139221,10.956559045526191,F5_trend_pullback_65699219_adverse.parquet,"{'xyz:GOOGL': 0.97, 'xyz:META': -6.42, 'xyz:MU': -4.56, 'xyz:NVDA': -1.99, 'xyz:SNDK': -0.33}",1.0,,51
stocks,F5,"F5:trend_pullback(defn=B, max_bars=16, target_r=1.5)",adverse,4.8,4.0,71,42.0,-12.078931434828526,-0.1701257948567398,0.6429010951868287,0.4507042253521127,43,27.0,-12.57164125411893,-0.2923637500957891,-0.2923637500957891,0.4160574328316618,0.3720930232558139,"[-0.5402361110531486, 0.005884186933080017]",0.972,-14.905283414948553,-16.128432608988547,1,3,3.0,-5.615224769577574,-6.956416484541358,18.0,25.0,0.4288359223719311,14.898323588362624,176.22628249302326,91.49566055761704,75.76985631671182,True,2026-06-05 19:07:29.704523+00:00,0.1214351425942962,10.607744928667628,F5_trend_pullback_78731027_adverse.parquet,"{'xyz:GOOGL': -0.64, 'xyz:META': -5.86, 'xyz:MU': -0.33, 'xyz:NVDA': -6.05, 'xyz:SNDK': 0.31}",1.0,,52
stocks,F5,"F5:trend_pullback(defn=B, max_bars=16, target_r=2.0)",adverse,4.8,4.0,68,42.0,-11.179777234601143,-0.1644084887441345,0.664871098661286,0.4264705882352941,43,27.0,-12.338285070108936,-0.2869368620955566,-0.2869368620955566,0.4286556348880679,0.3720930232558139,"[-0.5387141411254911, 0.01430473555226454]",0.965,-14.74015151177128,-15.981556663931272,1,3,3.0,-5.413396830975697,-6.924888239133236,18.0,25.0,0.4165601839147946,14.751880296246933,177.60118621821704,91.6619333325999,76.90673101588688,True,2026-06-05 19:07:29.704523+00:00,0.1221506695287744,10.538343152844106,F5_trend_pullback_9883134_adverse.parquet,"{'xyz:GOOGL': -0.65, 'xyz:META': -5.85, 'xyz:MU': -0.33, 'xyz:NVDA': -6.07, 'xyz:SNDK': 0.58}",1.0,,53
stocks,F6,"F6:orb(or_min=30, target_r=2.0)",adverse,3.6,14.0,72,41.0,-8.150565465141353,-0.1132022981269632,0.7545470207136854,0.4444444444444444,34,26.0,-1.1657510768597397,-0.0342867963782276,-0.0342867963782276,0.8663267428190846,0.5,"[-0.2682887567556926, 0.20062386984220398]",0.597,-3.1150153056351786,-3.341392925452121,1,3,3.0,-3.4145872020272185,2.2488361251674784,15.0,19.0,0.2307569974079326,5.498550765399125,246.77310480490195,90.96407266185018,90.46797735238206,True,2026-06-05 14:37:31.823945+00:00,0.1427987324951446,10.2407910053617,F6_orb_91048706_adverse.parquet,"{'xyz:GOOGL': 1.01, 'xyz:META': -0.69, 'xyz:MU': 0.09, 'xyz:NVDA': -0.23, 'xyz:SNDK': -1.36}",2.0,,54
stocks,F6,"F6:orb(or_min=30, target_r=None)",adverse,3.6,11.0,60,41.0,-12.453150846078058,-0.2075525141013009,0.6102050297301241,0.4166666666666667,29,26.0,-1.4375285101914723,-0.0495699486272921,-0.0495699486272921,0.821802069727055,0.5172413793103449,"[-0.2963497115335276, 0.24057645731717897]",0.623,-3.906979843122209,-3.906979843122209,1,3,3.0,-4.0845953691744405,2.6470668589829693,13.0,16.0,0.2113726182438213,5.5388486024601296,291.90997541666667,91.10367748720648,85.89361453811362,True,2026-06-05 14:37:31.823945+00:00,0.1437186956966165,10.12811221850268,F6_orb_1320256_adverse.parquet,"{'xyz:GOOGL': -0.59, 'xyz:META': -0.69, 'xyz:MU': -0.44, 'xyz:NVDA': 0.77, 'xyz:SNDK': -0.5}",1.0,,55
stocks,F6,"F6:orb(or_min=60, target_r=2.0)",adverse,3.6,4.0,55,41.0,-1.2527139364539135,-0.0227766170264347,0.9437952547412158,0.4909090909090909,39,27.0,-9.551799657289708,-0.2449179399305053,-0.2449179399305053,0.4046296314634101,0.3846153846153846,"[-0.42492017436329316, -0.042245656711688985]",0.99,-10.92008369032171,-10.811788444393564,0,3,3.0,-4.082198518786181,-5.469601138503526,19.0,20.0,0.4622512571691549,9.551799657289708,193.16130884444445,91.48936593674702,88.87871271295602,True,2026-08-20 18:07:58.286565+00:00,0.1278748850045998,10.4665541859343,F6_orb_56923557_adverse.parquet,"{'xyz:GOOGL': -0.17, 'xyz:META': -0.68, 'xyz:MU': 0.3, 'xyz:NVDA': -0.79, 'xyz:SNDK': -8.22}",1.0,,56
stocks,F6,"F6:orb(or_min=60, target_r=None)",adverse,3.6,4.0,51,41.0,-1.7582826232842028,-0.0344761298683177,0.918236499999012,0.4901960784313725,36,27.0,-9.901846381555824,-0.2750512883765507,-0.2750512883765507,0.3735720972593592,0.3888888888888889,"[-0.4624544702536071, -0.05480315713694287]",0.991,-11.482494937368871,-11.482494937368871,0,3,3.0,-3.919689764438055,-5.982156617117768,17.0,19.0,0.4787997871098223,9.901846381555824,210.92575702175924,91.89546115298516,88.02309730185962,True,2026-06-26 19:22:31.549136+00:00,0.1279771031380967,10.060458969696157,F6_orb_89930649_adverse.parquet,"{'xyz:GOOGL': 0.42, 'xyz:META': -1.73, 'xyz:MU': 0.46, 'xyz:NVDA': -1.42, 'xyz:SNDK': -7.63}",2.0,,57
stocks,B0,B0:baseline_session_long(),adverse,3.7,92.0,43,42.0,2.887160807754099,0.0671432745989325,1.36849457364033,0.5116279069767442,26,26.0,-0.953639897180953,-0.0366784575838828,-0.0366784575838828,0.7443351441382907,0.3846153846153846,"[-0.16828340002447048, 0.090255427776279]",0.718,-1.9792005615659567,-1.9792005615659567,0,3,3.0,-0.953639897180953,0.0,26.0,0.0,0.14555672794809,1.6306981055876175,360.9113576557692,101.75709669993095,101.75709669993095,False,,0.1595625063886333,2.024795392896806,B0_baseline_session_long_5922197_adverse.parquet,"{'xyz:MU': -1.14, 'xyz:NVDA': 1.2, 'xyz:SNDK': -1.01}",1.0,,58
stocks,F1,"F1:ma_trend(atr_mult=2.0, fast=10, filter=False, slow=40, tf=15m)",standard_fee,3.9,3.0,56,40.0,-15.230103523304642,-0.2719661343447258,0.5691408119911604,0.4464285714285714,28,25.0,-5.285050758550158,-0.1887518128053627,-0.1887518128053627,0.5074432868614842,0.5,"[-0.433098678784249, 0.06398959274993354]",0.912,-6.501843698557722,-6.501843698557722,1,3,3.0,-2.946353329786,-2.338697428764158,14.0,14.0,0.8317605587190396,6.655002206774232,294.9430443827381,88.79173048589018,79.1670357907515,True,2026-07-06 14:37:30.081300+00:00,0.1393233159562506,11.208269514109816,F1_ma_trend_39834940_standard_fee.parquet,"{'xyz:GOOGL': -1.8, 'xyz:META': 0.07, 'xyz:MU': 1.1, 'xyz:NVDA': -2.86, 'xyz:SNDK': -1.79}",2.0,,59
stocks,F1,"F1:ma_trend(atr_mult=2.0, fast=10, filter=True, slow=40, tf=15m)",standard_fee,4.0,0.0,0,,0.0,,,,0,,0.0,,,,,,,,,0,3,0.0,,,,,,,,,,,,,,,,,,60
stocks,F1,"F1:ma_trend(atr_mult=2.0, fast=20, filter=False, slow=80, tf=15m)",standard_fee,3.9,1.0,41,32.0,-2.950024532515597,-0.071951817866234,0.8501722243603117,0.3902439024390244,25,23.0,-1.4761186514018636,-0.0590447460560745,-0.0590447460560745,0.8333776327221049,0.56,"[-0.3497861501252376, 0.25592013433301525]",0.63,-3.118032798881149,-3.118032798881149,1,3,3.0,-3.91336326455677,2.4372446131549066,11.0,14.0,0.6194216771299048,2.916487285014317,277.0676294113333,95.36162155714916,95.36162155714916,False,,0.1072268220382295,8.544520010937745,F1_ma_trend_35237887_standard_fee.parquet,"{'xyz:GOOGL': -1.0, 'xyz:META': -0.79, 'xyz:MU': -1.06, 'xyz:NVDA': 0.71, 'xyz:SNDK': 0.67}",2.0,,61
stocks,F1,"F1:ma_trend(atr_mult=2.0, fast=20, filter=True, slow=80, tf=15m)",standard_fee,4.0,0.0,0,,0.0,,,,0,,0.0,,,,,,,,,0,3,0.0,,,,,,,,,,,,,,,,,,62
stocks,F2,"F2:bb_mr(k=2.0, max_bars=8, n=20, regime=False, tf=15m)",standard_fee,4.8,23.0,94,42.0,-33.92852773205016,-0.3609417843835123,0.3420282475303737,0.3191489361702128,58,27.0,-20.666699694527576,-0.3563224085263375,-0.3563224085263375,0.2269265449591423,0.2241379310344827,"[-0.49818072167831445, -0.22548694743795472]",1.0,-21.82071986279429,-21.13285974119973,0,3,3.0,-7.182999360251372,-13.483700334276204,29.0,29.0,1.6397110802717745,20.97674082409644,73.95725181810344,90.02985809574868,45.40477257342236,True,2026-06-04 15:37:31.828487+00:00,0.0815700705305121,10.014059912831144,F2_bb_mr_28727861_standard_fee.parquet,"{'xyz:GOOGL': -5.09, 'xyz:META': -4.35, 'xyz:MU': -5.19, 'xyz:NVDA': -2.71, 'xyz:SNDK': -3.33}",0.0,,63
stocks,F2,"F2:bb_mr(k=2.0, max_bars=8, n=20, regime=True, tf=15m)",standard_fee,4.8,13.0,47,32.0,-18.34012781505128,-0.3902154854266229,0.2328759137529344,0.2978723404255319,32,22.0,-13.749122367899266,-0.4296600739968521,-0.4296600739968521,0.1167258015834516,0.21875,"[-0.6021194597733407, -0.2811041475070282]",1.0,-14.22924395780406,-14.03158341774567,0,3,3.0,-6.263078477293324,-7.486043890605943,18.0,14.0,3.49972119877027,13.749122367899268,54.421387469270826,88.73996973974867,67.91074981704948,True,2026-07-10 15:22:30.113825+00:00,0.0366963099253807,11.260030260251328,F2_bb_mr_70897870_standard_fee.parquet,"{'xyz:GOOGL': -3.57, 'xyz:META': -3.91, 'xyz:MU': -3.39, 'xyz:NVDA': -1.52, 'xyz:SNDK': -1.36}",0.0,,64
stocks,F2,"F2:bb_mr(k=2.5, max_bars=8, n=20, regime=False, tf=15m)",standard_fee,4.8,27.0,65,42.0,-11.953595024928358,-0.1839014619219747,0.6480039443434374,0.4,37,27.0,-9.433161045062452,-0.2549502985152014,-0.2549502985152014,0.5160770668789307,0.3513513513513513,"[-0.5564472786274043, 0.04331871210993167]",0.949,-11.63549141868096,-11.346212434392498,0,3,3.0,1.5260816262149346,-10.959242671277387,17.0,20.0,0.7198430560095772,9.794514115178735,80.22733180630632,89.88617959584046,78.61324393000916,True,2026-05-29 14:37:31.621709+00:00,0.0593887355616886,10.11382040415954,F2_bb_mr_87018847_standard_fee.parquet,"{'xyz:GOOGL': -3.49, 'xyz:META': -0.78, 'xyz:MU': -2.36, 'xyz:NVDA': 0.12, 'xyz:SNDK': -2.93}",1.0,,65
stocks,F2,"F2:bb_mr(k=2.5, max_bars=8, n=20, regime=True, tf=15m)",standard_fee,4.8,7.0,38,30.0,-14.676606219508228,-0.3862264794607428,0.2955390180224402,0.3157894736842105,23,20.0,-12.496070415319512,-0.543307409361718,-0.543307409361718,0.1047931969576305,0.2608695652173913,"[-0.8592487206962237, -0.2765285957778146]",1.0,-12.976192005224307,-12.955209452508967,0,3,3.0,-3.8854850968331225,-8.610585318486393,12.0,11.0,2.957984684904869,12.496070415319512,60.75799031376811,89.80648107935455,72.82732336517226,True,2026-06-26 16:37:40.006890+00:00,0.0309720944495553,10.193518920645444,F2_bb_mr_21772563_standard_fee.parquet,"{'xyz:GOOGL': -2.08, 'xyz:META': -1.95, 'xyz:MU': -1.9, 'xyz:NVDA': -2.38, 'xyz:SNDK': -4.18}",0.0,,66
stocks,F3,"F3:vol_comp_bo(pct=0.1, tf=15m, trail_atr=2.0)",standard_fee,5.2,5.0,11,11.0,2.868517532130963,0.2607743211028148,2.031726615946554,0.7272727272727273,6,6.0,-1.5197361560353235,-0.2532893593392206,-0.2532893593392206,0.2573573533765735,0.5,"[-0.7321957946149785, 0.14683424193531716]",0.877,-1.992363587491202,-1.992363587491202,0,3,2.0,-0.1389517274689888,-1.3807844285663349,3.0,3.0,1.4018357714588785,1.905317481325255,175.16690594166667,101.34878137609562,101.34878137609562,False,,0.0258611877747112,1.905317481325256,F3_vol_comp_bo_9724871_standard_fee.parquet,"{'xyz:GOOGL': -0.63, 'xyz:MU': -0.12, 'xyz:NVDA': -0.8, 'xyz:SNDK': 0.03}",1.0,,67
stocks,F3,"F3:vol_comp_bo(pct=0.2, tf=15m, trail_atr=2.0)",standard_fee,5.1,6.0,21,20.0,-5.3752614385341175,-0.2559648304063865,0.4735325701797833,0.4761904761904761,9,9.0,-2.220945577593697,-0.2467717308437441,-0.2467717308437441,0.2360650087854416,0.4444444444444444,"[-0.5915716693626141, 0.02400307562425421]",0.945,-2.693573009049575,-2.693573009049575,0,3,2.0,-0.4986488075059724,-1.7222967700877243,4.0,5.0,1.9447770706960752,2.220945577593697,178.4771929425926,92.40379298387217,92.40379298387217,False,,0.0415005621997342,7.596207016127835,F3_vol_comp_bo_82217119_standard_fee.parquet,"{'xyz:GOOGL': -0.57, 'xyz:MU': -0.14, 'xyz:NVDA': -0.8, 'xyz:SNDK': -0.71}",0.0,,68
stocks,F1,"F1:ma_trend(atr_mult=2.0, fast=10, filter=False, slow=40, tf=1h)",standard_fee,4.5,3.0,24,24.0,-0.2737135656485625,-0.0114047319020234,0.950850170463933,0.4166666666666667,18,18.0,-0.124427498422048,-0.0069126388012248,-0.0069126388012248,0.9522678995205688,0.3888888888888889,"[-0.16214872224405757, 0.18494040650027868]",0.562,-1.3163680052330324,-1.3163680052330324,1,3,3.0,-0.8678875248967551,0.7434600264747072,11.0,7.0,0.6106723069946882,0.9618698935431444,250.3435572101852,99.60185893592934,99.60185893592934,False,,0.0664417867729735,3.589177645869725,F1_ma_trend_62455420_standard_fee.parquet,"{'xyz:GOOGL': 0.35, 'xyz:META': -0.38, 'xyz:MU': -0.09, 'xyz:NVDA': -0.24, 'xyz:SNDK': 0.24}",2.0,,69
stocks,F1,"F1:ma_trend(atr_mult=2.0, fast=10, filter=True, slow=40, tf=1h)",standard_fee,4.6,0.0,0,,0.0,,,,0,,0.0,,,,,,,,,0,3,0.0,,,,,,,,,,,,,,,,,,70
stocks,F1,"F1:ma_trend(atr_mult=2.0, fast=20, filter=False, slow=80, tf=1h)",standard_fee,4.7,3.0,19,19.0,0.3144693684706908,0.0165510193931942,1.1062074769032249,0.3684210526315789,8,8.0,-0.9933800212299472,-0.1241725026537434,-0.1241725026537434,0.0217455375177516,0.125,"[-0.22895993457984737, -0.03593040373916399]",1.0,-1.0154617835417985,-1.0154617835417985,0,3,3.0,-0.1143092603854263,-0.8790707608445207,2.0,6.0,27.616904859033724,0.9933800212299472,202.1096363083333,99.32108934724074,99.32108934724074,False,,0.0371051824593682,2.259480584484564,F1_ma_trend_98178410_standard_fee.parquet,"{'xyz:GOOGL': -0.49, 'xyz:META': -0.02, 'xyz:MU': -0.43, 'xyz:SNDK': -0.04}",0.0,,71
stocks,F1,"F1:ma_trend(atr_mult=2.0, fast=20, filter=True, slow=80, tf=1h)",standard_fee,4.6,0.0,0,,0.0,,,,0,,0.0,,,,,,,,,0,3,0.0,,,,,,,,,,,,,,,,,,72
stocks,F2,"F2:bb_mr(k=2.0, max_bars=8, n=20, regime=False, tf=1h)",standard_fee,4.7,0.0,48,39.0,-4.6505077806565245,-0.0968855787636776,0.6132903591548651,0.5208333333333334,34,26.0,-3.724819966897521,-0.1095535284381623,-0.1095535284381623,0.4254339263094722,0.3235294117647059,"[-0.24155064716590907, 0.0066969256453983505]",0.972,-4.71896384580581,-4.71896384580581,0,3,3.0,-1.7698902132591052,-1.954929753638416,14.0,20.0,1.501592082546836,4.215524032653606,158.8921207348039,91.59767660437672,91.59767660437672,False,,0.0832055606664622,8.896215807992078,F2_bb_mr_85647168_standard_fee.parquet,"{'xyz:GOOGL': -0.7, 'xyz:META': -0.76, 'xyz:MU': 0.28, 'xyz:NVDA': -3.78, 'xyz:SNDK': 1.23}",2.0,,73
stocks,F2,"F2:bb_mr(k=2.0, max_bars=8, n=20, regime=True, tf=1h)",standard_fee,4.8,0.0,42,34.0,-6.5367969096798895,-0.155638021659045,0.4571461573072767,0.4523809523809524,23,17.0,-1.9325525094009,-0.0840240221478652,-0.0840240221478652,0.4551132885708622,0.3043478260869565,"[-0.17990534020551102, 0.007537426473134527]",0.969,-2.290583067167204,-2.205564233749936,0,3,3.0,-0.1496439537312335,-1.7829085556696656,9.0,14.0,1.7349201084898294,2.456394345794374,138.47628756884058,91.50365493285,91.50365493285,False,,0.062557497700092,8.629018575139781,F2_bb_mr_33715970_standard_fee.parquet,"{'xyz:GOOGL': -0.06, 'xyz:META': 0.24, 'xyz:MU': 0.31, 'xyz:NVDA': -2.62, 'xyz:SNDK': 0.2}",3.0,,74
stocks,F2,"F2:bb_mr(k=2.5, max_bars=8, n=20, regime=False, tf=1h)",standard_fee,4.7,1.0,46,39.0,-8.530048197138226,-0.1854358303725701,0.5356117661108257,0.4565217391304347,28,24.0,-5.88417079543186,-0.2101489569797092,-0.2101489569797092,0.2029658859003624,0.25,"[-0.3277780951090154, -0.08695608694192143]",1.0,-6.673148759388541,-6.673148759388541,1,3,3.0,-3.542081750797942,-2.342089044633918,14.0,14.0,2.186423559868482,6.87849441224551,190.784864704762,91.4699518028618,85.06711493196703,True,2026-07-22 19:23:00.220061+00:00,0.0811611979965245,10.09515420124906,F2_bb_mr_34745707_standard_fee.parquet,"{'xyz:GOOGL': -1.3, 'xyz:META': -0.95, 'xyz:MU': 0.3, 'xyz:NVDA': -3.69, 'xyz:SNDK': -0.25}",1.0,,75
stocks,F2,"F2:bb_mr(k=2.5, max_bars=8, n=20, regime=True, tf=1h)",standard_fee,4.9,0.0,37,32.0,-13.691933366477686,-0.3700522531480456,0.2360351798465224,0.3243243243243243,22,18.0,-4.4141867847610445,-0.2006448538527747,-0.2006448538527747,0.2137327298362668,0.1818181818181818,"[-0.32199246799414394, -0.06102712973079144]",0.997,-5.203164748717725,-5.203164748717725,0,3,3.0,-2.046129803654152,-2.3680569811068928,9.0,13.0,2.1287062586299785,5.408510401574693,172.80391207803032,89.27245186794079,81.37521377329834,True,2026-07-06 18:52:26.184661+00:00,0.0623530614330982,10.727548132059212,F2_bb_mr_20448718_standard_fee.parquet,"{'xyz:GOOGL': -0.45, 'xyz:META': -0.03, 'xyz:MU': 0.11, 'xyz:NVDA': -3.71, 'xyz:SNDK': -0.33}",1.0,,76
stocks,F3,"F3:vol_comp_bo(pct=0.1, tf=1h, trail_atr=2.0)",standard_fee,4.8,1.0,16,15.0,2.968973442741301,0.1855608401713313,2.104307046774062,0.625,12,11.0,0.2191204794918193,0.0182600399576516,0.0182600399576516,1.0734211426808098,0.4166666666666667,"[-0.36283232122673054, 0.5204617362896576]",0.446,-1.5427722224781988,-1.5427722224781988,1,3,3.0,0.1695857881655313,0.0495346913262877,2.0,10.0,0.4491403101744603,1.821344964990704,248.33757317222225,102.92788589719255,102.92788589719255,False,,0.0497802310129817,2.2005301755540927,F3_vol_comp_bo_69948422_standard_fee.parquet,"{'xyz:GOOGL': -0.8, 'xyz:META': -1.75, 'xyz:MU': 0.05, 'xyz:NVDA': 1.54, 'xyz:SNDK': 1.18}",3.0,,77
stocks,F3,"F3:vol_comp_bo(pct=0.2, tf=1h, trail_atr=2.0)",standard_fee,4.8,6.0,22,21.0,0.0420002765784692,0.0019091034808395,1.0088776223277784,0.5,12,11.0,-2.141791200190112,-0.1784826000158426,-0.1784826000158426,0.4023106136988816,0.3333333333333333,"[-0.4559746004174309, 0.184632466893375]",0.825,-3.318737564810734,-3.318737564810734,0,3,3.0,-0.4300000507841689,-1.7117911494059428,4.0,8.0,0.9245892347245716,2.275439277337183,258.3412190819445,97.6400010513478,97.6400010513478,False,,0.0595931718286824,3.5801408192173625,F3_vol_comp_bo_15529191_standard_fee.parquet,"{'xyz:GOOGL': -0.8, 'xyz:META': -1.75, 'xyz:MU': 0.05, 'xyz:NVDA': -0.36, 'xyz:SNDK': 0.72}",2.0,,78
stocks,F5,"F5:trend_pullback(defn=A, max_bars=16, target_r=1.5)",standard_fee,4.7,7.0,83,42.0,-18.45752915448685,-0.2223798693311668,0.5540842808754622,0.3734939759036144,51,27.0,-15.683885925747251,-0.307527175014652,-0.307527175014652,0.3591967888299592,0.3137254901960784,"[-0.48747938261438956, -0.11005328369924453]",0.998,-17.774261272824713,-17.538476021602,0,3,3.0,-10.7376521911054,-4.946233734641847,23.0,28.0,0.9696903640182236,16.865842778302508,163.32638278006536,93.43405041274184,66.07632335743997,True,2026-06-04 18:52:24.899640+00:00,0.1321680466114689,10.123895659358666,F5_trend_pullback_6362139_standard_fee.parquet,"{'xyz:GOOGL': 0.09, 'xyz:META': -6.83, 'xyz:MU': -4.9, 'xyz:NVDA': -2.59, 'xyz:SNDK': -1.46}",1.0,,79
stocks,F5,"F5:trend_pullback(defn=A, max_bars=16, target_r=2.0)",standard_fee,4.6,8.0,79,42.0,-16.501235730618244,-0.2088764016533955,0.6011439520394769,0.379746835443038,51,27.0,-15.892639545923515,-0.3116203832534022,-0.3116203832534022,0.3636941987143894,0.3137254901960784,"[-0.4898460014367205, -0.12410285165997564]",0.999,-18.04663054775792,-17.41823323268098,0,3,3.0,-10.994302173412624,-4.898337372510893,23.0,28.0,0.9490006468658906,16.977822189219587,161.99902425163395,93.58030699060065,67.82386316113232,True,2026-06-04 18:52:24.899640+00:00,0.1337013186139221,10.139909962644708,F5_trend_pullback_65699219_standard_fee.parquet,"{'xyz:GOOGL': -0.33, 'xyz:META': -6.84, 'xyz:MU': -4.9, 'xyz:NVDA': -2.6, 'xyz:SNDK': -1.22}",0.0,,80
stocks,F5,"F5:trend_pullback(defn=B, max_bars=16, target_r=1.5)",standard_fee,4.7,4.0,71,42.0,-17.448164199536713,-0.2457487915427706,0.5060998903141304,0.4084507042253521,43,27.0,-15.243405849844054,-0.3544978104614896,-0.3544978104614896,0.3231983986951367,0.3488372093023256,"[-0.5850581603588068, -0.08139714748178146]",0.995,-17.333781196921517,-18.262222833846423,0,3,3.0,-6.615175066302228,-8.628230783541829,18.0,25.0,1.0270584848411348,16.54433159190292,176.22628249302326,91.23361484307333,67.49667936062664,True,2026-06-05 14:07:23.836538+00:00,0.1214351425942962,10.58282382860314,F5_trend_pullback_78731027_standard_fee.parquet,"{'xyz:GOOGL': -1.6, 'xyz:META': -6.67, 'xyz:MU': -0.39, 'xyz:NVDA': -6.27, 'xyz:SNDK': -0.31}",0.0,,81
stocks,F5,"F5:trend_pullback(defn=B, max_bars=16, target_r=2.0)",standard_fee,4.5,4.0,68,42.0,-16.255823408851068,-0.239056226600751,0.5327542148598093,0.4117647058823529,43,27.0,-15.022929805807811,-0.3493704606001817,-0.3493704606001817,0.3352006884238285,0.3488372093023256,"[-0.5814936095320763, -0.0711891376076247]",0.993,-17.17692080764221,-18.12462471919212,0,3,3.0,-6.406452092178253,-8.616477713629559,18.0,25.0,0.99143931855635,16.403727702731977,177.60118621821704,91.5165945486268,68.91227478442615,True,2026-06-05 14:07:23.836538+00:00,0.1221506695287744,10.299844123049638,F5_trend_pullback_9883134_standard_fee.parquet,"{'xyz:GOOGL': -1.62, 'xyz:META': -6.65, 'xyz:MU': -0.39, 'xyz:NVDA': -6.3, 'xyz:SNDK': -0.05}",0.0,,82
stocks,F6,"F6:orb(or_min=30, target_r=2.0)",standard_fee,3.7,15.0,72,41.0,-13.022936634241823,-0.1808741199200253,0.6223579144419019,0.4305555555555556,34,26.0,-3.516669885000353,-0.1034314672058927,-0.1034314672058927,0.6204722459288067,0.4117647058823529,"[-0.30965354779987747, 0.10714457007083737]",0.826,-5.220302531146837,-5.332471707443155,1,3,3.0,-4.090689193132697,0.5740193081323433,15.0,19.0,0.6807200009109178,6.29874925659289,246.77310480490195,90.0535549801956,83.21070494083618,True,2026-06-05 14:37:31.823945+00:00,0.1427987324951446,10.715036554135722,F6_orb_91048706_standard_fee.parquet,"{'xyz:GOOGL': 0.16, 'xyz:META': -0.7, 'xyz:MU': -0.49, 'xyz:NVDA': -0.61, 'xyz:SNDK': -1.87}",1.0,,83
stocks,F6,"F6:orb(or_min=30, target_r=None)",standard_fee,3.5,11.0,60,41.0,-15.924652735382878,-0.265410878923048,0.5128025695146102,0.4166666666666667,29,26.0,-3.125511244553066,-0.1077762498121747,-0.1077762498121747,0.6309249430851691,0.3793103448275862,"[-0.32904658891370575, 0.1581664686939677]",0.793,-5.3097339894601205,-5.3097339894601205,1,3,3.0,-4.556393185234458,1.4308819406813922,13.0,16.0,0.5810038170707261,6.622760793871767,291.90997541666667,90.2591264440072,80.7001474801424,True,2026-06-05 14:37:31.823945+00:00,0.1437186956966165,10.509465090324127,F6_orb_1320256_standard_fee.parquet,"{'xyz:GOOGL': -1.01, 'xyz:META': -0.7, 'xyz:MU': -0.69, 'xyz:NVDA': 0.3, 'xyz:SNDK': -1.02}",1.0,,84
stocks,F6,"F6:orb(or_min=60, target_r=2.0)",standard_fee,3.6,4.0,55,41.0,-4.896127449855658,-0.0890204990882847,0.7874950196861634,0.4727272727272727,39,27.0,-12.262796417265363,-0.3144306773657785,-0.3144306773657785,0.2825065936494496,0.358974358974359,"[-0.4912463556150824, -0.11965292815005042]",1.0,-13.362380589090492,-13.165056524724951,0,3,3.0,-5.290902756989469,-6.971893660275895,19.0,20.0,1.2570707443894011,12.262796417265362,193.16130884444445,91.2378433218462,82.48934350349724,True,2026-07-08 15:22:26.528188+00:00,0.1278748850045998,10.046643498854904,F6_orb_56923557_standard_fee.parquet,"{'xyz:GOOGL': -0.99, 'xyz:META': -0.98, 'xyz:MU': 0.13, 'xyz:NVDA': -1.92, 'xyz:SNDK': -8.51}",1.0,,85
stocks,F6,"F6:orb(or_min=60, target_r=None)",standard_fee,3.7,4.0,51,41.0,-5.190093717657261,-0.1017665434834757,0.7665355317701634,0.4705882352941176,36,27.0,-12.281397761100411,-0.3411499378083447,-0.3411499378083447,0.2663158054132946,0.3611111111111111,"[-0.5136757764988167, -0.13345688082879495]",0.998,-13.828077656112352,-13.828077656112352,0,3,3.0,-4.955516161132628,-7.325881599967785,17.0,19.0,1.273140972152152,12.281397761100411,210.92575702175924,91.0706316978923,82.1767758918606,True,2026-06-24 16:37:31.960611+00:00,0.1279771031380967,10.213855122808807,F6_orb_89930649_standard_fee.parquet,"{'xyz:GOOGL': -0.35, 'xyz:META': -1.85, 'xyz:MU': 0.32, 'xyz:NVDA': -2.48, 'xyz:SNDK': -7.93}",1.0,,86
stocks,B0,B0:baseline_session_long(),standard_fee,3.6,93.0,43,42.0,1.5865194240124647,0.0368958005584294,1.1927948633666918,0.4883720930232558,26,26.0,-1.5605316071338056,-0.0600204464282232,-0.0600204464282232,0.613346209931047,0.3461538461538461,"[-0.18408444998202003, 0.060505578661889915]",0.818,-2.521221576481147,-2.521221576481147,0,3,3.0,-1.5605316071338056,0.0,26.0,0.0,0.4199481102919007,1.6965477260804347,360.9113576557692,99.82621075040734,99.82621075040734,False,,0.1595625063886333,2.57159838092376,B0_baseline_session_long_5922197_standard_fee.parquet,"{'xyz:MU': -1.27, 'xyz:NVDA': 0.81, 'xyz:SNDK': -1.1}",1.0,,87
stocks,F1b,"F1b:ma_trend(atr_mult=2.0, fast=10, filter=True, slow=40, tf=15m)",base,3.9,1.0,36,35.0,23.22100809876692,0.6450280027435255,3.644520185030742,0.5555555555555556,25,24.0,-0.2368773018624672,-0.0094750920744986,-0.0094750920744986,0.954450850807464,0.48,"[-0.21438407630663053, 0.18557480703337498]",0.565,-1.184934205293406,-1.184934205293406,1,3,3.0,-0.1859832427385347,-0.0508940591239326,12.0,13.0,0.1964446406945587,2.565682069634511,289.24587295733335,122.83624235506716,122.83624235506716,False,,0.1169375447204334,3.0370005419786708,F1b_ma_trend_99250138_base.parquet,"{'xyz:GOOGL': 1.56, 'xyz:META': -0.33, 'xyz:MU': 1.41, 'xyz:NVDA': -1.69, 'xyz:SNDK': -1.19}",2.0,,88
stocks,F1b,"F1b:ma_trend(atr_mult=2.0, fast=20, filter=True, slow=80, tf=15m)",base,3.9,2.0,23,22.0,0.2927063271227336,0.0127263620488145,1.038187523074837,0.5217391304347826,18,18.0,-2.9933511835244606,-0.1662972879735811,-0.1662972879735811,0.5890611804926391,0.3333333333333333,"[-0.5703318756431731, 0.23624584936360807]",0.786,-5.126598616783268,-5.126598616783268,1,3,3.0,-2.552010869934626,-0.4413403135898357,6.0,12.0,0.2009977153750548,4.093237429028953,209.0974392287037,97.2993551435983,97.2993551435983,False,,0.0604109168966574,5.160829069181744,F1b_ma_trend_2918084_base.parquet,"{'xyz:GOOGL': 2.51, 'xyz:META': -1.06, 'xyz:MU': -0.41, 'xyz:NVDA': -2.74, 'xyz:SNDK': -1.29}",1.0,,89
stocks,F1b,"F1b:ma_trend(atr_mult=2.0, fast=10, filter=True, slow=40, tf=1h)",base,4.7,2.0,13,13.0,-0.2223034783789089,-0.0171002675676083,0.891850777503504,0.4615384615384615,12,12.0,0.4752583720661693,0.0396048643388474,0.0396048643388474,1.4478937745645126,0.5833333333333334,"[-0.10985656439875227, 0.216523167827286]",0.335,-0.2876183744673105,-0.2876183744673105,1,3,3.0,-0.1023768521360161,0.5776352242021853,4.0,8.0,0.1874085531508175,0.5833577014331421,179.1813051152778,100.2529548936873,100.2529548936873,False,,0.0290299499131145,1.6678270308224654,F1b_ma_trend_29923525_base.parquet,"{'xyz:GOOGL': 0.67, 'xyz:META': 0.13, 'xyz:MU': -0.62, 'xyz:NVDA': 0.3}",3.0,,90
stocks,F1b,"F1b:ma_trend(atr_mult=2.0, fast=20, filter=True, slow=80, tf=1h)",base,4.5,0.0,3,3.0,0.191309385055315,0.0637697950184383,1.886250974804444,0.6666666666666666,3,3.0,-0.3559985816690187,-0.1186661938896729,-0.1186661938896729,0.1071849848025125,0.3333333333333333,,,-0.3987372250793443,-0.3987372250793443,1,3,3.0,0.0427386434103255,-0.3987372250793443,1.0,2.0,1.1960395403646007,0.3987372250793443,79.65485235555555,99.83531080338628,99.83531080338628,False,,0.0043953797403659,0.614600891799185,F1b_ma_trend_27423441_base.parquet,"{'xyz:GOOGL': 0.04, 'xyz:MU': -0.4}",1.0,,91
stocks,F1b,"F1b:ma_trend(atr_mult=2.0, fast=10, filter=True, slow=40, tf=15m)",adverse,4.1,1.0,36,35.0,21.98670324267738,0.6107417567410383,3.527340859059422,0.5555555555555556,25,24.0,-0.956148351544239,-0.0382459340617695,-0.0382459340617695,0.8244521811897663,0.48,"[-0.24011170484074704, 0.15477955881563907]",0.681,-1.8471949052334875,-1.8471949052334875,1,3,3.0,-0.4127282699087667,-0.5434200816354722,12.0,13.0,0.3537555197152612,2.7235501356629435,289.24587295733335,120.87561221664704,120.87561221664704,False,,0.1169375447204334,3.00419948913013,F1b_ma_trend_99250138_adverse.parquet,"{'xyz:GOOGL': 1.38, 'xyz:META': -0.67, 'xyz:MU': 1.34, 'xyz:NVDA': -1.77, 'xyz:SNDK': -1.23}",2.0,,92
stocks,F1b,"F1b:ma_trend(atr_mult=2.0, fast=20, filter=True, slow=80, tf=15m)",adverse,4.2,2.0,23,22.0,-0.529863559542856,-0.0230375460670806,0.9323335771810258,0.5217391304347826,18,18.0,-3.354291257302497,-0.1863495142945831,-0.1863495142945831,0.5390156612632012,0.3333333333333333,"[-0.5690778235296509, 0.1945763137917288]",0.832,-5.312831517882001,-5.312831517882001,1,3,3.0,-2.5239689705554813,-0.830322286747017,6.0,12.0,0.3490912591785532,4.126920659424078,209.0974392287037,96.11584518315463,96.11584518315463,False,,0.0604109168966574,5.631829688139462,F1b_ma_trend_2918084_adverse.parquet,"{'xyz:GOOGL': 2.19, 'xyz:META': -1.06, 'xyz:MU': -0.41, 'xyz:NVDA': -2.76, 'xyz:SNDK': -1.32}",1.0,,93
stocks,F1b,"F1b:ma_trend(atr_mult=2.0, fast=10, filter=True, slow=40, tf=1h)",adverse,4.5,2.0,13,13.0,-0.388770030842317,-0.0299053869878705,0.8160518365975173,0.4615384615384615,12,12.0,0.259460452783676,0.0216217043986396,0.0216217043986396,1.2367514118024974,0.5833333333333334,"[-0.12115902048473406, 0.18977594236799367]",0.418,-0.4572471501137054,-0.4572471501137054,1,3,3.0,-0.1567337927720668,0.4161942455557428,4.0,8.0,0.3368873258607929,0.5890076667710143,179.1813051152778,99.87069042194138,99.87069042194138,False,,0.0290299499131145,1.7759105921818872,F1b_ma_trend_29923525_adverse.parquet,"{'xyz:GOOGL': 0.52, 'xyz:META': 0.11, 'xyz:MU': -0.63, 'xyz:NVDA': 0.26}",3.0,,94
stocks,F1b,"F1b:ma_trend(atr_mult=2.0, fast=20, filter=True, slow=80, tf=1h)",adverse,4.6,0.0,3,3.0,0.1581690252687186,0.0527230084229062,1.722499784384365,0.6666666666666666,3,3.0,-0.3891684822662848,-0.1297228274220949,-0.1297228274220949,0.0504649651633123,0.3333333333333333,,,-0.4098516305227417,-0.4098516305227417,1,3,3.0,0.0206831482564569,-0.4098516305227417,1.0,2.0,3.934295911413545,0.4098516305227417,79.65485235555555,99.76900054300242,99.76900054300242,False,,0.0043953797403659,0.6287707619706424,F1b_ma_trend_27423441_adverse.parquet,"{'xyz:GOOGL': 0.02, 'xyz:MU': -0.41}",1.0,,95
stocks,F1b,"F1b:ma_trend(atr_mult=2.0, fast=10, filter=True, slow=40, tf=15m)",standard_fee,3.9,1.0,36,35.0,16.2855588098141,0.4523766336059471,2.7654029126170694,0.5277777777777778,25,24.0,-2.766518970139789,-0.1106607588055915,-0.1106607588055915,0.5530406221864954,0.44,"[-0.30752101296991646, 0.07567964467414538]",0.874,-3.533076662589862,-3.533076662589862,1,3,3.0,-1.2284656898605937,-1.538053280279196,12.0,13.0,0.9846194289029292,3.3949495689901816,289.24587295733335,113.30997456227855,113.30997456227855,False,,0.1169375447204334,3.3954836594389377,F1b_ma_trend_99250138_standard_fee.parquet,"{'xyz:GOOGL': 0.85, 'xyz:META': -1.22, 'xyz:MU': 1.16, 'xyz:NVDA': -2.13, 'xyz:SNDK': -1.42}",2.0,,96
stocks,F1b,"F1b:ma_trend(atr_mult=2.0, fast=20, filter=True, slow=80, tf=15m)",standard_fee,4.0,2.0,23,22.0,-2.379783417872324,-0.1034688442553184,0.7136196462522956,0.4782608695652174,18,18.0,-4.706646011951849,-0.2614803339973249,-0.2614803339973249,0.4012663262891256,0.2777777777777778,"[-0.6196158314279926, 0.0920681790697567]",0.93,-6.354525888474747,-6.354525888474747,0,3,3.0,-2.776049901974914,-1.9305961099769364,6.0,12.0,0.9225391623222964,5.360391851384518,209.0974392287037,92.91357057017586,92.91357057017586,False,,0.0604109168966574,8.045372072629775,F1b_ma_trend_2918084_standard_fee.parquet,"{'xyz:GOOGL': 1.4, 'xyz:META': -1.25, 'xyz:MU': -0.47, 'xyz:NVDA': -2.95, 'xyz:SNDK': -1.44}",1.0,,97
stocks,F1b,"F1b:ma_trend(atr_mult=2.0, fast=10, filter=True, slow=40, tf=1h)",standard_fee,4.6,3.0,13,13.0,-0.8391901743302734,-0.0645530903330979,0.6399082597254827,0.3846153846153846,11,11.0,-0.4423449325606546,-0.0402131756873322,-0.0402131756873322,0.6573097418963615,0.5454545454545454,"[-0.19352169397331676, 0.13741538313435583]",0.686,-1.0549157451394624,-1.0549157451394624,1,3,3.0,-0.3487580049073834,-0.0935869276532714,3.0,8.0,1.2661067978547171,0.8114873800541218,184.571615139394,98.71846489310909,98.71846489310909,False,,0.0282122048451395,2.1648084151065348,F1b_ma_trend_29923525_standard_fee.parquet,"{'xyz:GOOGL': 0.09, 'xyz:META': 0.05, 'xyz:MU': -0.7, 'xyz:NVDA': 0.12}",3.0,,98
stocks,F1b,"F1b:ma_trend(atr_mult=2.0, fast=20, filter=True, slow=80, tf=1h)",standard_fee,4.4,0.0,3,3.0,0.0517770005014238,0.0172590001671412,1.2208236754039663,0.6666666666666666,3,3.0,-0.5166074569057122,-0.1722024856352374,-0.1722024856352374,0.0,0.0,,,-0.4626156408716671,-0.4626156408716671,0,3,3.0,-0.053991816034045,-0.4626156408716672,1.0,2.0,,0.5166074569057122,79.65485235555555,99.53516954359571,99.53516954359571,False,,0.0043953797403659,0.7510796003781195,F1b_ma_trend_27423441_standard_fee.parquet,"{'xyz:GOOGL': -0.05, 'xyz:MU': -0.46}",0.0,,99
stocks,F4,"F4:channel_bo(atr_mult=1.5, n=12, tf=15m)",base+prox0.5,4.2,18.0,88,41.0,-22.26073471478356,-0.2529628944861768,0.5643066759611144,0.3636363636363636,47,27.0,4.597865966377885,0.0978269354548486,0.0978269354548486,1.2389545479393032,0.3617021276595745,"[-0.3308852849044009, 0.7236006057369243]",0.388,-3.545159926620803,-3.545159926620803,1,3,3.0,8.253213020470916,-3.65534705409303,26.0,21.0,0.1018304215503213,11.942079282290592,184.05049045567367,90.96597491896496,82.60592475019855,True,2026-06-19 16:37:32.574765+00:00,0.1532249821118266,14.155589771508645,F4_channel_bo_37269391_base+prox0.5.parquet,"{'xyz:GOOGL': 4.45, 'xyz:META': 0.61, 'xyz:MU': -2.19, 'xyz:NVDA': -2.94, 'xyz:SNDK': 4.68}",3.0,,100
stocks,F4,"F4:channel_bo(atr_mult=1.5, n=24, tf=15m)",base+prox0.5,4.1,18.0,73,41.0,-14.345009054613858,-0.1965069733508747,0.6507616072694455,0.3972602739726027,42,27.0,-1.542774865870235,-0.0367327349016722,-0.0367327349016722,0.9093918151608468,0.4047619047619047,"[-0.35104908590105677, 0.4172131889768323]",0.617,-7.464938836801413,-7.464938836801413,1,3,3.0,0.0110404839933191,-1.553815349863553,23.0,19.0,0.150110285826885,9.299613630136792,213.80403083412705,95.38740607156244,84.96200758516602,True,2026-06-26 14:07:26.333440+00:00,0.1551671266482674,10.300617084150986,F4_channel_bo_64914212_base+prox0.5.parquet,"{'xyz:GOOGL': 3.25, 'xyz:META': -0.39, 'xyz:MU': -1.66, 'xyz:NVDA': -2.03, 'xyz:SNDK': -0.71}",1.0,,101
stocks,F4,"F4:channel_bo(atr_mult=1.5, n=12, tf=1h)",base+prox0.5,4.6,3.0,48,41.0,3.068883981774092,0.0639350829536269,1.2239904866282738,0.4375,29,26.0,-3.459471961513612,-0.1192921366039176,-0.1192921366039176,0.5795311608472288,0.4482758620689655,"[-0.31570777938663785, 0.1270997783089997]",0.839,-5.100064969928605,-5.100064969928605,0,3,3.0,0.0674095593065197,-3.5268815208201323,12.0,17.0,0.1463227711994314,3.720590755371218,276.34716802471263,99.44753119721764,99.44753119721764,False,,0.1329857916794439,3.7205907553712336,F4_channel_bo_60575324_base+prox0.5.parquet,"{'xyz:GOOGL': -1.27, 'xyz:MU': -0.44, 'xyz:NVDA': -2.61, 'xyz:SNDK': 0.86}",1.0,,102
stocks,F4,"F4:channel_bo(atr_mult=1.5, n=24, tf=1h)",base+prox0.5,4.6,2.0,45,41.0,3.211300331412393,0.071362229586942,1.23128267530699,0.5333333333333333,25,23.0,0.936240674010228,0.0374496269604091,0.0374496269604091,1.1489277411705154,0.52,"[-0.23023662771646156, 0.33595613917207373]",0.418,-0.7102235059299309,-0.7102235059299309,2,3,3.0,4.545166740899512,-3.608926066889284,12.0,13.0,0.087235117795637,2.632716977045505,277.68872234199995,103.90748142891508,103.90748142891508,False,,0.1233772871307369,3.238465055768131,F4_channel_bo_28925843_base+prox0.5.parquet,"{'xyz:GOOGL': 1.35, 'xyz:MU': -0.99, 'xyz:NVDA': -0.69, 'xyz:SNDK': 1.27}",2.0,,103
stocks,F4,"F4:channel_bo(atr_mult=1.5, n=12, tf=15m)",base+prox0.75,4.1,18.0,97,42.0,-32.057477047419326,-0.3304894540971064,0.4659513963643626,0.3298969072164948,54,27.0,-13.695921674486693,-0.2536281791571609,-0.2536281791571609,0.4462704725694164,0.2777777777777778,"[-0.48456135440114195, 0.024244570628353904]",0.969,-16.43712803592862,-16.43712803592862,0,3,3.0,-7.514247468961611,-6.18167420552508,29.0,25.0,0.2350710805073786,15.370726748354327,152.39953970030862,94.30602513796072,54.10937967990427,True,2026-06-10 15:07:44.230450+00:00,0.1513850557088827,10.755647802316304,F4_channel_bo_37269391_base+prox0.75.parquet,"{'xyz:GOOGL': -0.77, 'xyz:META': -0.53, 'xyz:MU': -1.92, 'xyz:NVDA': -4.32, 'xyz:SNDK': -6.15}",0.0,,104
stocks,F4,"F4:channel_bo(atr_mult=1.5, n=24, tf=15m)",base+prox0.75,4.3,19.0,80,41.0,-21.445059395953784,-0.2680632424494223,0.5465304606067457,0.3625,48,27.0,-12.164575409991844,-0.2534286543748301,-0.2534286543748301,0.4685462760651092,0.3125,"[-0.45735487038303696, 0.013852274792042254]",0.968,-14.641986025187864,-14.641986025187864,0,3,3.0,-7.415536262599837,-4.749039147392006,26.0,22.0,0.2485845340805839,14.366616029629595,180.3156829798611,94.81654061810508,67.24015669970451,True,2026-06-10 15:07:44.230450+00:00,0.1530205458448328,10.871482537608344,F4_channel_bo_64914212_base+prox0.75.parquet,"{'xyz:GOOGL': -1.38, 'xyz:META': -1.73, 'xyz:MU': -1.5, 'xyz:NVDA': -4.53, 'xyz:SNDK': -3.02}",0.0,,105
stocks,F4,"F4:channel_bo(atr_mult=1.5, n=12, tf=1h)",base+prox0.75,4.5,3.0,49,41.0,2.6970701048470183,0.0550422470376942,1.1916516772724317,0.4285714285714285,29,26.0,-3.459471961513612,-0.1192921366039176,-0.1192921366039176,0.5795311608472288,0.4482758620689655,"[-0.31570777938663785, 0.1270997783089997]",0.839,-5.100064969928605,-5.100064969928605,0,3,3.0,0.0674095593065197,-3.5268815208201323,12.0,17.0,0.1463227711994314,3.720590755371218,276.34716802471263,99.07571732029056,99.07571732029056,False,,0.1325769191454564,3.7205907553712336,F4_channel_bo_60575324_base+prox0.75.parquet,"{'xyz:GOOGL': -1.27, 'xyz:MU': -0.44, 'xyz:NVDA': -2.61, 'xyz:SNDK': 0.86}",1.0,,106
stocks,F4,"F4:channel_bo(atr_mult=1.5, n=24, tf=1h)",base+prox0.75,4.5,2.0,46,41.0,3.131128367500636,0.0680680079891442,1.2242139351226635,0.5217391304347826,25,23.0,0.936240674010228,0.0374496269604091,0.0374496269604091,1.1489277411705154,0.52,"[-0.23023662771646156, 0.33595613917207373]",0.418,-0.7102235059299309,-0.7102235059299309,2,3,3.0,4.545166740899512,-3.608926066889284,12.0,13.0,0.087235117795637,2.632716977045505,277.68872234199995,103.82730946500334,103.82730946500334,False,,0.1228661964632525,3.238465055768131,F4_channel_bo_28925843_base+prox0.75.parquet,"{'xyz:GOOGL': 1.35, 'xyz:MU': -0.99, 'xyz:NVDA': -0.69, 'xyz:SNDK': 1.27}",2.0,,107
stocks,F4,"F4:channel_bo(atr_mult=1.5, n=12, tf=15m)",base,4.0,18.0,65,41.0,19.98651002973222,0.307484769688188,1.5582815049167358,0.5230769230769231,37,26.0,16.314474505069793,0.4409317433802647,0.4409317433802647,2.0554757442136813,0.5945945945945946,"[-0.1357297754310533, 1.2453705800334416]",0.076,8.171448612071105,8.171448612071105,2,3,3.0,17.242930690665037,-0.9284561855952458,22.0,15.0,0.0566020869660162,6.647141234913548,246.4116906653153,136.67503328408108,136.67503328408108,False,,0.1562915261167331,9.872902692646022,F4_channel_bo_18908481_base.parquet,"{'xyz:GOOGL': 8.54, 'xyz:META': 1.53, 'xyz:MU': -3.03, 'xyz:NVDA': -2.8, 'xyz:SNDK': 12.08}",3.0,,108
stocks,F4,"F4:channel_bo(atr_mult=1.5, n=24, tf=15m)",base,3.9,18.0,56,41.0,12.962209739023647,0.2314680310539937,1.4142675014908814,0.5178571428571429,36,26.0,4.366196690101738,0.1212832413917149,0.1212832413917149,1.297037158469196,0.5555555555555556,"[-0.24245802401931707, 0.6108302788765402]",0.305,-1.5559672808294405,-1.5559672808294405,2,3,3.0,3.2897008336749445,1.0764958564267928,22.0,14.0,0.1162626590307142,6.132107319833083,251.75213392546297,105.73039101394446,118.17819793477553,True,2026-06-26 15:14:54.044421+00:00,0.1567003986507206,10.481492365779474,F4_channel_bo_77156677_base.parquet,"{'xyz:GOOGL': 6.31, 'xyz:META': -0.85, 'xyz:MU': -3.1, 'xyz:NVDA': -2.6, 'xyz:SNDK': 4.61}",2.0,,109
stocks,F4,"F4:channel_bo(atr_mult=1.5, n=12, tf=1h)",base,4.6,4.0,46,41.0,1.993267900516575,0.0433319108807951,1.149567297914315,0.4347826086956521,28,26.0,-0.8809046064561881,-0.0314608788020067,-0.0314608788020067,0.8545181752617732,0.5,"[-0.22652719679264288, 0.2026328285883176]",0.591,-2.5214976148711807,-2.5214976148711807,1,3,3.0,1.4738227578085117,-2.3547273642647,12.0,16.0,0.1152187505249774,2.1463793193976617,288.8917330529762,100.95048247101754,100.95048247101754,False,,0.1340079730144127,3.754116737864635,F4_channel_bo_47407902_base.parquet,"{'xyz:GOOGL': -1.04, 'xyz:MU': -0.44, 'xyz:NVDA': -0.25, 'xyz:SNDK': 0.86}",1.0,,110
stocks,F4,"F4:channel_bo(atr_mult=1.5, n=24, tf=1h)",base,4.6,2.0,45,41.0,1.9227390431251523,0.04272753429167,1.1302214401847357,0.5333333333333333,24,23.0,2.508225918828812,0.1045094132845338,0.1045094132845338,1.5320172026474943,0.5416666666666666,"[-0.16398823679527802, 0.3891897514278169]",0.247,0.8617617388886527,0.8617617388886527,3,3,3.0,4.545166740899512,-2.0369408220707004,12.0,12.0,0.0811354320658331,2.009719771924748,291.74878277777776,104.19090538544646,104.19090538544646,False,,0.1239905959317182,3.469797885256241,F4_channel_bo_42345932_base.parquet,"{'xyz:GOOGL': 1.79, 'xyz:MU': -0.8, 'xyz:NVDA': 0.26, 'xyz:SNDK': 1.27}",3.0,,111
stocks,F4,"F4:channel_bo(atr_mult=1.5, n=12, tf=15m)",adverse,4.1,18.0,65,41.0,17.702905550862138,0.2723523930901867,1.4942767065696576,0.5230769230769231,37,26.0,14.7291491724464,0.3980851127688216,0.3980851127688216,1.984309159176576,0.5945945945945946,"[-0.14925531083169075, 1.1762282092520329]",0.087,7.0232276411522,7.0232276411522,2,3,3.0,15.730667932105815,-1.001518759659418,22.0,15.0,0.1001787467951678,6.472419752733224,246.4116906653153,108.23506415544564,132.73754588184784,True,2026-06-29 16:52:27.017871+00:00,0.1562915261167331,10.385209713993362,F4_channel_bo_18908481_adverse.parquet,"{'xyz:GOOGL': 7.75, 'xyz:META': 1.37, 'xyz:MU': -2.83, 'xyz:NVDA': -2.76, 'xyz:SNDK': 11.2}",3.0,,112
stocks,F4,"F4:channel_bo(atr_mult=1.5, n=24, tf=15m)",adverse,3.9,18.0,56,41.0,11.32291822751648,0.2021949683485085,1.3622633742651664,0.5178571428571429,36,26.0,2.9087691888595835,0.0807991441349884,0.0807991441349884,1.197764444252446,0.5555555555555556,"[-0.25648011189134706, 0.5342752789422063]",0.366,-2.4299311956597025,-2.4299311956597025,2,3,3.0,2.2206828940196024,0.6880862948399824,22.0,14.0,0.2089264659048419,6.464434122105192,251.75213392546297,104.79111465821292,115.0028914237396,True,2026-06-26 15:14:54.044421+00:00,0.1567003986507206,10.913012150087198,F4_channel_bo_77156677_adverse.parquet,"{'xyz:GOOGL': 5.39, 'xyz:META': -1.13, 'xyz:MU': -2.89, 'xyz:NVDA': -2.81, 'xyz:SNDK': 4.35}",2.0,,113
stocks,F4,"F4:channel_bo(atr_mult=1.5, n=12, tf=1h)",adverse,4.4,4.0,46,41.0,1.3789950773870556,0.0299781538562403,1.1027486156103108,0.4347826086956521,28,26.0,-1.027010181556222,-0.0366789350555793,-0.0366789350555793,0.8285638950735297,0.5,"[-0.2263686749992115, 0.19267594111278327]",0.616,-2.6617468871858048,-2.6617468871858048,1,3,3.0,1.3880193843440134,-2.415029565900236,12.0,16.0,0.1919382387092742,2.193624104976552,288.8917330529762,100.18574865342671,100.18574865342671,False,,0.1340079730144127,4.00776115343534,F4_channel_bo_47407902_adverse.parquet,"{'xyz:GOOGL': -1.07, 'xyz:MU': -0.49, 'xyz:NVDA': -0.4, 'xyz:SNDK': 0.93}",1.0,,114
stocks,F4,"F4:channel_bo(atr_mult=1.5, n=24, tf=1h)",adverse,4.5,2.0,45,41.0,1.365995427973633,0.0303554539549696,1.0926308544737708,0.5333333333333333,24,23.0,2.1047518224761426,0.0876979926031726,0.0876979926031726,1.4518855138130458,0.5416666666666666,"[-0.1685823804617194, 0.3553780423797284]",0.267,0.4700151168465596,0.4700151168465596,2,3,3.0,4.2098788958510855,-2.105127073374942,12.0,12.0,0.1351719784522317,2.0799071593704133,291.74878277777776,103.22371560022344,103.22371560022344,False,,0.1239905959317182,3.518566800864619,F4_channel_bo_42345932_adverse.parquet,"{'xyz:GOOGL': 1.39, 'xyz:MU': -0.83, 'xyz:NVDA': 0.23, 'xyz:SNDK': 1.32}",3.0,,115
stocks,F4,"F4:channel_bo(atr_mult=1.5, n=12, tf=15m)",standard_fee,3.8,18.0,65,41.0,13.164310838573162,0.2025278590549717,1.3748944329219586,0.5230769230769231,37,26.0,10.760778784674727,0.2908318590452629,0.2908318590452629,1.741681228867896,0.5675675675675675,"[-0.20866832808782498, 1.0006900140204187]",0.158,3.888528322765677,3.888528322765677,2,3,3.0,12.353517025348632,-1.5927382406739017,22.0,15.0,0.2354886492769727,6.691401558566174,246.4116906653153,106.69018126864184,124.12482702219044,True,2026-06-26 18:37:27.635158+00:00,0.1562915261167331,10.34650118151876,F4_channel_bo_18908481_standard_fee.parquet,"{'xyz:GOOGL': 6.39, 'xyz:META': 0.8, 'xyz:MU': -2.68, 'xyz:NVDA': -2.73, 'xyz:SNDK': 8.99}",3.0,,116
stocks,F4,"F4:channel_bo(atr_mult=1.5, n=24, tf=15m)",standard_fee,3.9,18.0,56,41.0,7.180396662679067,0.1282213689764119,1.2331050067532587,0.5178571428571429,36,26.0,-0.5615786061257103,-0.0155994057257141,-0.0155994057257141,0.9631024633509172,0.5,"[-0.32675891638218196, 0.39256528982685723]",0.559,-5.07809086067043,-5.07809086067043,2,3,3.0,-0.3418143629611515,-0.2197642431645579,22.0,14.0,0.4865565174393296,7.566532067754659,251.75213392546297,103.87484510595009,107.22087671628798,True,2026-06-26 14:07:26.333440+00:00,0.1567003986507206,10.34016816175476,F4_channel_bo_77156677_standard_fee.parquet,"{'xyz:GOOGL': 3.56, 'xyz:META': -1.69, 'xyz:MU': -2.71, 'xyz:NVDA': -3.39, 'xyz:SNDK': 3.67}",2.0,,117
stocks,F4,"F4:channel_bo(atr_mult=1.5, n=12, tf=1h)",standard_fee,4.5,4.0,46,41.0,-0.7797124147626788,-0.0169502698861451,0.9447479069007072,0.4130434782608695,28,26.0,-2.240972095640116,-0.0800347177014327,-0.0800347177014327,0.654081286568704,0.4642857142857143,"[-0.26944925534206804, 0.1517148348675208]",0.766,-3.8458989564864186,-3.8458989564864186,1,3,3.0,0.806913811607659,-3.047885907247774,12.0,16.0,0.5151616926098944,2.972965173506214,288.8917330529762,96.79090917480244,96.79090917480244,False,,0.1340079730144127,5.175109970753027,F4_channel_bo_47407902_standard_fee.parquet,"{'xyz:GOOGL': -1.27, 'xyz:MU': -0.64, 'xyz:NVDA': -0.8, 'xyz:SNDK': 0.46}",1.0,,118
stocks,F4,"F4:channel_bo(atr_mult=1.5, n=24, tf=1h)",standard_fee,4.3,2.0,45,41.0,-0.7020193931590675,-0.0156004309590903,0.9534906087888269,0.5111111111111111,24,23.0,0.5818366549422995,0.0242431939559291,0.0242431939559291,1.113735280319392,0.5,"[-0.2186337901448974, 0.27499391043099153]",0.437,-1.023090205904003,-1.023090205904003,2,3,3.0,3.3023714072857207,-2.720534752343421,12.0,12.0,0.3827548279322939,2.596384280603674,291.74878277777776,99.6087672356994,99.6087672356994,False,,0.1239905959317182,4.247308560410104,F4_channel_bo_42345932_standard_fee.parquet,"{'xyz:GOOGL': 0.38, 'xyz:MU': -0.9, 'xyz:NVDA': 0.12, 'xyz:SNDK': 0.98}",3.0,,119
stocks,R,"R:channel_bo(atr_mult=1.5, n=8, tf=15m)",base,3.9,,76,,19.87059059741293,,1.4887984984890148,,47,,14.686020592497725,0.3124685232446324,,1.7959346286978166,0.4468085106382978,,,,,2,3,,,,,,,,,,,,,,,,,,False,120
stocks,R,"R:channel_bo(atr_mult=1.5, n=16, tf=15m)",base,3.8,,59,,13.673690643617867,,1.3852999655910951,,35,,3.437238432972889,0.0982068123706539,,1.2164533701109432,0.5714285714285714,,,,,2,3,,,,,,,,,,,,,,,,,,False,121
stocks,R,"R:channel_bo(atr_mult=1.0, n=12, tf=15m)",base,3.8,,79,,-5.174085296642351,,0.906966581119451,,39,,22.19067297556083,0.56899161475797,,2.452630930513631,0.5128205128205128,,,,,2,3,,,,,,,,,,,,,,,,,,False,122
stocks,R,"R:channel_bo(atr_mult=2.0, n=12, tf=15m)",base,3.7,,66,,10.984478333327596,,1.334172245199513,,38,,1.5272152209798606,0.0401898742363121,,1.1089501231661665,0.5263157894736842,,,,,2,3,,,,,,,,,,,,,,,,,,False,123
crypto15,F1,"F1:ma_trend(atr_mult=2.0, fast=10, filter=False, slow=40, tf=15m)",base,1.0,0.0,17,13.0,0.4772389572461755,0.0280728798380103,1.072202330913617,0.5294117647058824,7,6.0,0.0983822052067924,0.0140546007438274,0.0140546007438274,1.047318037099251,0.5714285714285714,"[-0.4814925768392693, 0.5625366984525185]",0.469,-0.8530072598258492,-0.8530072598258492,1,2,2.0,1.6304737012644226,-1.5320914960576302,4.0,3.0,0.3167704183184064,1.0808264352309134,199.28571428571428,100.57562116245296,100.57562116245296,False,,0.0829436377061284,5.0254858254197785,F1_ma_trend_14202865_base.parquet,"{'BTC': -1.13, 'ETH': 1.23}",1.0,,124
crypto15,F1,"F1:ma_trend(atr_mult=2.0, fast=10, filter=True, slow=40, tf=15m)",base,1.2,0.0,0,,0.0,,,,0,,0.0,,,,,,,,,0,2,0.0,,,,,,,,,,,,,,,,,,125
crypto15,F1,"F1:ma_trend(atr_mult=2.0, fast=20, filter=False, slow=80, tf=15m)",base,0.8,0.0,7,6.0,-3.1375270630308965,-0.4482181518615566,0.3214876758378076,0.2857142857142857,7,6.0,0.5046134191692865,0.072087631309898,0.072087631309898,1.231108996242776,0.4285714285714285,"[-0.44681221561528867, 0.42352142708514845]",0.375,-1.2110854433313616,-0.3072057192490763,1,2,2.0,1.6817705026990402,-1.1771570835297536,4.0,3.0,0.2422235764276827,1.1752007785802416,195.0,97.3670863561384,97.3670863561384,False,,0.0423332512921486,3.8214208221350816,F1_ma_trend_1234827_base.parquet,"{'BTC': -1.2, 'ETH': 1.7}",1.0,,126
crypto15,F1,"F1:ma_trend(atr_mult=2.0, fast=20, filter=True, slow=80, tf=15m)",base,0.8,0.0,0,,0.0,,,,0,,0.0,,,,,,,,,0,2,0.0,,,,,,,,,,,,,,,,,,127
crypto15,F2,"F2:bb_mr(k=2.0, max_bars=8, n=20, regime=False, tf=15m)",base,1.0,0.0,40,18.0,-10.901563704657876,-0.2725390926164469,0.4132254561074734,0.425,18,10.0,-2.062615540385773,-0.114589752243654,-0.114589752243654,0.6921706882136189,0.5555555555555556,"[-0.4166051159448143, 0.22560554665071195]",0.753,-4.184331759541818,-3.693311117119621,0,2,1.0,-2.394854137567845,0.3322385971820711,9.0,9.0,0.4969410068407141,4.846954521838687,74.16666666666667,89.69691704334626,87.03582075495638,True,2026-06-03 16:00:00+00:00,0.0642382476002953,10.30308295665374,F2_bb_mr_58089639_base.parquet,"{'BTC': -1.42, 'ETH': -0.64}",0.0,,128
crypto15,F2,"F2:bb_mr(k=2.0, max_bars=8, n=20, regime=True, tf=15m)",base,1.0,0.0,14,9.0,-1.4534626589585615,-0.1038187613541829,0.67604864802227,0.5,5,3.0,0.0417710529460269,0.0083542105892053,0.0083542105892053,1.041860472072975,0.8,,,-0.4516036636394667,-0.4516036636394667,1,2,1.0,-0.8459141365234193,0.8876851894694462,2.0,3.0,0.6379991662638843,0.9978638767667974,48.0,98.5883083939875,98.5883083939875,False,,0.0157519074575436,3.545167518689368,F2_bb_mr_41233371_base.parquet,"{'BTC': -0.11, 'ETH': 0.15}",1.0,,129
crypto15,F2,"F2:bb_mr(k=2.5, max_bars=8, n=20, regime=False, tf=15m)",base,1.0,0.0,21,14.0,-3.289502693091373,-0.1566429853853034,0.6386506606155021,0.5238095238095238,8,6.0,-3.9098372504329655,-0.4887296563041207,-0.4887296563041207,0.0744610698990237,0.375,"[-0.9014600805207424, -0.05264593148901225]",0.99,-4.185164536331203,-4.185164536331203,0,2,1.0,-1.6891453133298988,-2.2206919371030662,4.0,4.0,3.1880791503300485,3.909837250432965,69.375,92.80066005647568,92.80066005647568,False,,0.0347034211174009,7.243350621626604,F2_bb_mr_62797169_base.parquet,"{'BTC': -1.69, 'ETH': -2.22}",0.0,,130
crypto15,F2,"F2:bb_mr(k=2.5, max_bars=8, n=20, regime=True, tf=15m)",base,0.9,0.0,6,4.0,-0.3731010894173426,-0.0621835149028904,0.8211646697433345,0.5,0,,0.0,,,,,,,,,0,2,0.0,,,,,,,,99.62689891058268,99.62689891058268,False,,0.0059069652965788,2.086282888743881,F2_bb_mr_91805289_base.parquet,,,,131
crypto15,F3,"F3:vol_comp_bo(pct=0.1, tf=15m, trail_atr=2.0)",base,1.0,0.0,5,5.0,2.9404645452649643,0.5880929090529928,4.359225221968749,0.6,0,,0.0,,,,,,,,,0,2,0.0,,,,,,,,102.94046454526496,102.94046454526496,False,,0.0130445483632783,0.6202193373978986,F3_vol_comp_bo_78810186_base.parquet,,,,132
crypto15,F3,"F3:vol_comp_bo(pct=0.2, tf=15m, trail_atr=2.0)",base,1.0,0.0,6,6.0,2.960114663497947,0.4933524439163245,4.381673774490559,0.6666666666666666,2,1.0,-1.5348586910056303,-0.7674293455028152,-0.7674293455028152,0.0,0.0,,,-0.7676219804499493,0.0,0,2,1.0,-0.7676219804499494,-0.767236710555681,1.0,1.0,,1.5348586910056303,52.5,101.42525597249232,101.42525597249232,False,,0.0191976372138813,1.534858691005624,F3_vol_comp_bo_30220280_base.parquet,{'BTC': -1.53},0.0,,133
crypto15,F4,"F4:channel_bo(atr_mult=1.5, n=12, tf=15m)",base,0.9,0.0,34,18.0,-9.306347489289228,-0.2737161026261537,0.5621874342849343,0.2647058823529412,16,10.0,3.3784825059620003,0.211155156622625,0.211155156622625,1.4092294047438023,0.375,"[-0.42336447488546725, 1.3093272240161318]",0.292,-0.3496410706877384,-0.3496410706877384,1,2,2.0,2.519381568761632,0.8591009372003686,8.0,8.0,0.197502433455966,3.2687871563172406,167.8125,92.3609689680342,94.0721350166728,True,2026-06-16 15:45:00+00:00,0.1171548117154811,10.71369104295519,F4_channel_bo_5598738_base.parquet,"{'BTC': 2.28, 'ETH': 1.1}",2.0,,134
crypto15,F4,"F4:channel_bo(atr_mult=1.5, n=24, tf=15m)",base,1.0,0.0,27,18.0,-8.111311072825838,-0.3004189286231792,0.5590961363890573,0.2962962962962963,12,8.0,4.623022764021369,0.3852518970017807,0.3852518970017807,2.1234780690592427,0.5833333333333334,"[-0.16396658805125916, 1.2966380070453218]",0.111,0.8948991873716299,0.8948991873716299,1,2,1.0,2.078609095934284,2.544413668087086,6.0,6.0,0.1660056574733458,2.12253703757094,208.75,91.5555055244014,96.51171169119549,True,2026-06-17 18:15:00+00:00,0.1033718926901304,10.555357181621474,F4_channel_bo_91429361_base.parquet,"{'BTC': 2.01, 'ETH': 2.61}",2.0,,135
crypto15,F1,"F1:ma_trend(atr_mult=2.0, fast=10, filter=False, slow=40, tf=1h)",base,0.9,0.0,3,2.0,-0.9264882241355084,-0.3088294080451694,0.313978474682958,0.3333333333333333,4,3.0,-0.2520325392041915,-0.0630081348010478,-0.0630081348010478,0.6208921594647431,0.5,,,-0.582320437079581,-0.582320437079581,0,2,1.0,0.3305767154153682,-0.5826092546195597,3.0,1.0,0.4762838307906489,0.5826092546195597,180.0,98.82147923666032,98.82147923666032,False,,0.0199360078759537,1.5090974787550664,F1_ma_trend_2622997_base.parquet,"{'BTC': -0.58, 'ETH': 0.33}",1.0,,136
crypto15,F1,"F1:ma_trend(atr_mult=2.0, fast=10, filter=True, slow=40, tf=1h)",base,0.9,0.0,0,,0.0,,,,0,,0.0,,,,,,,,,0,2,0.0,,,,,,,,,,,,,,,,,,137
crypto15,F1,"F1:ma_trend(atr_mult=2.0, fast=20, filter=False, slow=80, tf=1h)",base,0.9,0.0,3,2.0,-0.8814451663148032,-0.2938150554382677,0.3248116895029278,0.3333333333333333,1,1.0,-0.1681789551518304,-0.1681789551518304,-0.1681789551518304,0.0,0.0,,,0.0,0.0,0,2,1.0,-0.1681789551518304,0.0,1.0,0.0,,0.1681789551518304,180.0,98.95037587853336,98.95037587853336,False,,0.0120600541471818,1.0496241214666355,F1_ma_trend_56979913_base.parquet,{'ETH': -0.17},0.0,,138
crypto15,F1,"F1:ma_trend(atr_mult=2.0, fast=20, filter=True, slow=80, tf=1h)",base,0.8,0.0,0,,0.0,,,,0,,0.0,,,,,,,,,0,2,0.0,,,,,,,,,,,,,,,,,,139
crypto15,F2,"F2:bb_mr(k=2.0, max_bars=8, n=20, regime=False, tf=1h)",base,1.1,0.0,14,12.0,-2.2008665980701507,-0.1572047570050107,0.4724401668601917,0.4285714285714285,7,7.0,1.3882244754993835,0.1983177822141976,0.1983177822141976,3.005104914500694,0.4285714285714285,"[-0.1553488714429681, 0.6185999365177535]",0.175,0.1181806711135755,0.1181806711135755,1,2,1.0,0.0973299490702847,1.2908945264290983,3.0,4.0,0.2254685734061665,0.5779378631029884,165.0,99.18735787742926,99.18735787742926,False,,0.0484863401427516,3.342595026731672,F2_bb_mr_31875067_base.parquet,"{'BTC': 0.12, 'ETH': 1.27}",2.0,,140
crypto15,F2,"F2:bb_mr(k=2.0, max_bars=8, n=20, regime=True, tf=1h)",base,1.0,0.0,4,4.0,0.0431004440350048,0.0107751110087512,1.1993666170863284,0.75,2,2.0,0.6841131039389096,0.3420565519694548,0.3420565519694548,inf,1.0,,,0.1144071934872674,0.1144071934872674,1,2,1.0,0.5697059104516421,0.1144071934872674,1.0,1.0,0.1691463376375023,-0.0,45.0,100.72721354797392,100.72721354797392,False,,0.0091065714988924,0.2161868655088881,F2_bb_mr_49127123_base.parquet,"{'BTC': 0.11, 'ETH': 0.57}",2.0,,141
crypto15,F2,"F2:bb_mr(k=2.5, max_bars=8, n=20, regime=False, tf=1h)",base,1.1,0.0,12,11.0,-2.815544726622421,-0.2346287272185351,0.4932329460479953,0.3333333333333333,5,5.0,0.3616624649792536,0.0723324929958507,0.0723324929958507,1.9323292411083424,0.4,"[-0.17240749079720416, 0.4082031434671592]",0.338,-0.3344560692373102,-0.3344560692373102,1,2,1.0,0.7495752848639045,-0.3879128198846508,2.0,3.0,0.426744005272211,0.3879128198846508,123.0,97.54611773835684,97.54611773835684,False,,0.0334728033472803,4.126001971572663,F2_bb_mr_20974738_base.parquet,"{'BTC': 0.66, 'ETH': -0.3}",1.0,,142
crypto15,F2,"F2:bb_mr(k=2.5, max_bars=8, n=20, regime=True, tf=1h)",base,0.9,0.0,4,4.0,-0.5814649773618396,-0.1453662443404599,0.4178964117666942,0.75,2,2.0,0.2940802467488128,0.1470401233744064,0.1470401233744064,2.066955242113741,0.5,,,-0.2756256637028292,-0.2756256637028292,1,2,1.0,0.5697059104516421,-0.2756256637028292,1.0,1.0,0.2103975289336082,0.2756256637028292,67.5,99.71261526938696,99.71261526938696,False,,0.0068914595126753,1.15172020165636,F2_bb_mr_61401828_base.parquet,{'ETH': 0.29},1.0,,143
crypto15,F3,"F3:vol_comp_bo(pct=0.1, tf=1h, trail_atr=2.0)",base,0.9,0.0,3,3.0,-0.0362917548615487,-0.0120972516205162,0.9415168044189864,0.3333333333333333,2,2.0,1.6468429701116492,0.8234214850558246,0.8234214850558246,inf,1.0,,,0.182920099699448,0.182920099699448,1,2,1.0,0.1829200996994481,1.4639228704122011,1.0,1.0,0.0548763868778284,-0.0,330.0,101.6105512152501,101.6105512152501,False,,0.0236278611863155,0.620550134119739,F3_vol_comp_bo_18581872_base.parquet,{'BTC': 1.65},1.0,,144
crypto15,F3,"F3:vol_comp_bo(pct=0.2, tf=1h, trail_atr=2.0)",base,0.9,0.0,4,4.0,-0.0912335868377384,-0.0228083967094346,0.8649375693318279,0.25,2,2.0,1.6468429701116492,0.8234214850558246,0.8234214850558246,inf,1.0,,,0.182920099699448,0.182920099699448,1,2,1.0,0.1829200996994481,1.4639228704122011,1.0,1.0,0.0548763868778284,-0.0,330.0,101.5556093832739,101.5556093832739,False,,0.0265813438346049,0.6754919660959331,F3_vol_comp_bo_97149662_base.parquet,{'BTC': 1.65},1.0,,145
crypto15,F4,"F4:channel_bo(atr_mult=1.5, n=12, tf=1h)",base,1.0,0.0,17,16.0,-0.6819143638866025,-0.0401126096403883,0.865053796514607,0.4705882352941176,9,8.0,-0.3114455160317569,-0.0346050573368618,-0.0346050573368618,0.906048530661117,0.3333333333333333,"[-0.5234172101576279, 0.7382449148059209]",0.552,-2.7903549099297504,-2.7903549099297504,0,2,1.0,-0.7291623856236461,0.4177168695918891,5.0,4.0,0.2510234851610948,1.981788908052288,220.0,99.00664012008164,99.00664012008164,False,,0.1033718926901304,3.197128390554724,F4_channel_bo_69340594_base.parquet,"{'BTC': -0.42, 'ETH': 0.11}",1.0,,146
crypto15,F4,"F4:channel_bo(atr_mult=1.5, n=24, tf=1h)",base,1.0,0.0,12,12.0,1.5892249295878318,0.132435410798986,1.6214844367181032,0.5833333333333334,7,7.0,-0.4294666458905585,-0.0613523779843655,-0.0613523779843655,0.867706341629305,0.2857142857142857,"[-0.748825097180151, 0.8749112790997553]",0.575,-2.908376039788552,-2.908376039788552,0,2,1.0,-0.9158319733219672,0.4863653274314088,4.0,3.0,0.2290550692592077,1.913140450212768,214.28571428571428,101.15975828369729,101.15975828369729,False,,0.0775289195175978,2.990456466389801,F4_channel_bo_36427083_base.parquet,"{'BTC': -0.35, 'ETH': -0.08}",0.0,,147
crypto15,F5,"F5:trend_pullback(defn=A, max_bars=16, target_r=1.5)",base,0.9,0.0,27,17.0,7.38952153552821,0.2736859827973411,2.187990737227902,0.5925925925925926,13,9.0,-2.5886502225832864,-0.1991269401987143,-0.1991269401987143,0.5005069449541789,0.2307692307692307,"[-0.5462098720879416, 0.25305821828922115]",0.808,-3.866158225400704,-3.866158225400704,0,2,1.0,-1.5338352485278786,-1.054814974055408,5.0,8.0,0.4970586977904204,3.866158225400704,133.84615384615384,104.80087131294492,104.80087131294492,False,,0.0863893674624661,3.86615822540071,F5_trend_pullback_32351268_base.parquet,"{'BTC': -3.86, 'ETH': 1.28}",1.0,,148
crypto15,F5,"F5:trend_pullback(defn=A, max_bars=16, target_r=2.0)",base,1.0,0.0,26,17.0,8.972019662228416,0.3450776793164775,2.5194757862827206,0.6153846153846154,13,9.0,-1.6973544724862155,-0.1305657286527858,-0.1305657286527858,0.6724869340934876,0.2307692307692307,"[-0.5462098720879416, 0.4159268674450209]",0.697,-3.424992170611997,-3.424992170611997,0,2,1.0,-1.0837055532195148,-0.613648919266701,5.0,8.0,0.3699463499213914,3.424992170611997,136.15384615384616,107.27466518974222,107.27466518974222,False,,0.0878661087866108,3.4249921706120148,F5_trend_pullback_51521560_base.parquet,"{'BTC': -3.42, 'ETH': 1.73}",1.0,,149
crypto15,F5,"F5:trend_pullback(defn=B, max_bars=16, target_r=1.5)",base,1.0,0.0,21,17.0,0.5542202449375971,0.0263914402351236,1.0728609152422732,0.5238095238095238,9,7.0,0.0387211822197404,0.0043023535799711,0.0043023535799711,1.0129281702445518,0.4444444444444444,"[-0.4428611939242033, 0.6964091026349698]",0.502,-1.1901669642954011,-1.1901669642954011,0,2,1.0,-0.3211557439311538,0.3598769261508943,3.0,6.0,0.2749660520208031,2.3546033062706475,151.66666666666666,100.59294142715736,100.59294142715736,False,,0.0654688653704159,2.739292461784217,F5_trend_pullback_69907634_base.parquet,"{'BTC': -1.19, 'ETH': 1.23}",1.0,,150
crypto15,F5,"F5:trend_pullback(defn=B, max_bars=16, target_r=2.0)",base,1.0,0.0,21,17.0,1.7980522083228108,0.0856215337296576,1.2363820714751068,0.5238095238095238,9,7.0,0.4839679668809271,0.0537742185423252,0.0537742185423252,1.1615864989152238,0.4444444444444444,"[-0.42782331598951717, 0.8030792199207202]",0.44,-1.190166964295401,-1.190166964295401,0,2,1.0,-0.3211557439311538,0.805123710812081,3.0,6.0,0.2397024460384836,2.3546033062706475,151.66666666666666,102.28202017520375,102.28202017520375,False,,0.0679301009106571,2.5084993375819096,F5_trend_pullback_37630138_base.parquet,"{'BTC': -1.19, 'ETH': 1.67}",1.0,,151
crypto15,F6,"F6:orb(or_min=30, target_r=2.0)",base,0.8,0.0,32,18.0,-7.492497008809297,-0.2341405315252905,0.5936708687907282,0.3125,17,11.0,0.3902978666914534,0.0229586980406737,0.0229586980406737,1.0509967983763682,0.4705882352941176,"[-0.5046928910065371, 0.6130328343388424]",0.467,-1.2616725552597732,-2.5111841845973446,1,2,2.0,-1.1291344739815985,1.519432340673052,11.0,6.0,0.269077005805078,2.507228767650582,143.8235294117647,90.78236835044584,92.8978008578822,True,2026-06-18 14:30:00+00:00,0.1016490278119616,10.557131177712732,F6_orb_63354631_base.parquet,"{'BTC': -3.01, 'ETH': 3.4}",1.0,,152
crypto15,F6,"F6:orb(or_min=30, target_r=None)",base,0.8,0.0,28,18.0,-5.556114246180002,-0.1984326516492857,0.677349839160322,0.2857142857142857,15,11.0,3.272263612761353,0.2181509075174235,0.2181509075174235,1.4259300526191796,0.4,"[-0.5042980165490901, 1.3781092235530201]",0.313,-2.6955380391698545,-2.6955380391698545,0,2,2.0,1.937185126660811,1.3350784861005418,10.0,5.0,0.18346228764598,2.5072287676505822,178.0,93.33063667982806,97.71614936658138,True,2026-06-18 14:30:00+00:00,0.1151858232832882,10.668325856760047,F6_orb_72867030_base.parquet,"{'BTC': 2.61, 'ETH': 0.66}",2.0,,153
crypto15,F6,"F6:orb(or_min=60, target_r=2.0)",base,0.8,0.0,29,18.0,-1.8755711369178885,-0.064674866790272,0.86053280710529,0.3793103448275862,10,8.0,2.664500132137487,0.2664500132137487,0.2664500132137487,2.121435337286368,0.5,"[-0.3908740526745364, 0.7493508985732755]",0.207,1.0281166636292347,0.7052936540706993,1,2,1.0,0.5775010763012547,2.086999055836232,6.0,4.0,0.1889983391830589,1.3768118038514563,175.5,100.7889289952196,100.7889289952196,False,,0.0895889736647797,6.842661049228283,F6_orb_37528319_base.parquet,"{'BTC': 0.85, 'ETH': 1.81}",2.0,,154
crypto15,F6,"F6:orb(or_min=60, target_r=None)",base,0.8,0.0,25,18.0,-3.121482832422035,-0.1248593132968814,0.7630708802085489,0.36,8,8.0,4.339602751395187,0.5424503439243984,0.5424503439243984,2.826452855641518,0.375,"[-0.42608784973334435, 1.6722463566008303]",0.158,0.7340232966721403,0.7340232966721403,1,2,1.0,2.223874052957514,2.1157286984376737,5.0,3.0,0.1297882588987725,1.3768118038514563,219.375,101.21811991897316,101.21811991897316,False,,0.0982032980556239,8.197582783860653,F6_orb_96227101_base.parquet,"{'BTC': 3.18, 'ETH': 1.15}",2.0,,155
crypto15,B0,B0:baseline_session_long(),base,0.8,1.0,19,18.0,-3.567265516060864,-0.1877508166347823,0.2114376884561997,0.3157894736842105,10,10.0,0.0281254116019775,0.0028125411601977,0.0028125411601977,1.013903402580382,0.6,"[-0.31793191265773635, 0.3271149826454182]",0.532,-0.8226760694772907,-0.8226760694772907,0,2,1.0,0.0281254116019775,0.0,10.0,0.0,0.1356694358550315,1.7794984613279254,327.0,96.46085989554112,96.46085989554112,False,,0.1644105340881122,5.346763977388804,B0_baseline_session_long_79050094_base.parquet,{'BTC': 0.03},1.0,,156
crypto15,F1,"F1:ma_trend(atr_mult=2.0, fast=10, filter=False, slow=40, tf=15m)",adverse,0.8,0.0,17,13.0,-0.0718829645689882,-0.0042284096805287,0.9890927791361992,0.5294117647058824,7,6.0,-0.0765701626106984,-0.0109385946586712,-0.0109385946586712,0.9633808222078324,0.5714285714285714,"[-0.4934899999801093, 0.5201367506013411]",0.517,-0.960756831676579,-0.960756831676579,1,2,2.0,1.501123751163492,-1.5776939137741903,4.0,3.0,0.4170384951015782,1.0915437310699792,199.28571428571428,99.85154687282032,99.85154687282032,False,,0.0829436377061284,5.11985633808996,F1_ma_trend_14202865_adverse.parquet,"{'BTC': -1.21, 'ETH': 1.13}",1.0,,157
crypto15,F1,"F1:ma_trend(atr_mult=2.0, fast=10, filter=True, slow=40, tf=15m)",adverse,0.7,0.0,0,,0.0,,,,0,,0.0,,,,,,,,,0,2,0.0,,,,,,,,,,,,,,,,,,158
crypto15,F1,"F1:ma_trend(atr_mult=2.0, fast=20, filter=False, slow=80, tf=15m)",adverse,0.8,0.0,7,6.0,-3.230626530354873,-0.4615180757649818,0.300441834930776,0.2857142857142857,7,6.0,0.3226528431537534,0.046093263307679,0.046093263307679,1.1459094497300846,0.4285714285714285,"[-0.45726006840410943, 0.3871668835606088]",0.414,-1.3098420805364608,-0.4410930894982695,1,2,2.0,1.553597092056326,-1.2309442489025726,4.0,3.0,0.3145517825224997,1.1878090014074274,195.0,97.09202631279888,97.09202631279888,False,,0.0423332512921486,3.944420489265283,F1_ma_trend_1234827_adverse.parquet,"{'BTC': -1.28, 'ETH': 1.61}",1.0,,159
crypto15,F1,"F1:ma_trend(atr_mult=2.0, fast=20, filter=True, slow=80, tf=15m)",adverse,0.7,0.0,0,,0.0,,,,0,,0.0,,,,,,,,,0,2,0.0,,,,,,,,,,,,,,,,,,160
crypto15,F2,"F2:bb_mr(k=2.0, max_bars=8, n=20, regime=False, tf=15m)",adverse,0.9,0.0,40,18.0,-11.981612526004929,-0.2995403131501232,0.3623855559343186,0.4,18,10.0,-2.597970268305388,-0.1443316815725215,-0.1443316815725215,0.6134150768078039,0.5,"[-0.4292777559962578, 0.17528398267802056]",0.815,-4.498625786578585,-4.01110875459964,0,2,1.0,-2.665593649944512,0.0676233816391242,9.0,9.0,0.6726025059519746,5.054798687502134,74.16666666666667,89.28557526339225,85.42041720568966,True,2026-06-03 16:00:00+00:00,0.0642382476002953,10.714424736607754,F2_bb_mr_58089639_adverse.parquet,"{'BTC': -1.71, 'ETH': -0.89}",0.0,,161
crypto15,F2,"F2:bb_mr(k=2.0, max_bars=8, n=20, regime=True, tf=15m)",adverse,0.9,0.0,14,9.0,-1.85215860339671,-0.132297043099765,0.5898642466839134,0.5,5,3.0,-0.1145859998372089,-0.0229171999674418,-0.0229171999674418,0.8851108399357426,0.8,,,-0.5539951613440204,-0.5539951613440204,0,2,1.0,-0.8684303367713888,0.7538443369341798,2.0,3.0,0.8777396683049913,0.9973612808477412,48.0,98.0332553967661,98.0332553967661,False,,0.0157519074575436,3.6856145816298778,F2_bb_mr_41233371_adverse.parquet,"{'BTC': -0.24, 'ETH': 0.13}",1.0,,162
crypto15,F2,"F2:bb_mr(k=2.5, max_bars=8, n=20, regime=False, tf=15m)",adverse,0.9,0.0,21,14.0,-3.9567318730170062,-0.1884158034770003,0.5709514299971121,0.4761904761904761,8,6.0,-3.974489968189793,-0.496811246023724,-0.496811246023724,0.0651549709864382,0.25,"[-0.9039002699727777, -0.06479698576030787]",0.99,-4.237539882862063,-4.237539882862063,0,2,1.0,-1.719236679568316,-2.2552532886214767,4.0,4.0,4.57219020440243,3.9744899681897934,69.375,92.06877815879318,92.06877815879318,False,,0.0347034211174009,7.93122184120682,F2_bb_mr_62797169_adverse.parquet,"{'BTC': -1.72, 'ETH': -2.26}",0.0,,163
crypto15,F2,"F2:bb_mr(k=2.5, max_bars=8, n=20, regime=True, tf=15m)",adverse,0.8,0.0,6,4.0,-0.5201215969432,-0.0866869328238666,0.7519828376692789,0.5,0,,0.0,,,,,,,,,0,2,0.0,,,,,,,,99.4798784030568,99.4798784030568,False,,0.0059069652965788,2.0971193769632777,F2_bb_mr_91805289_adverse.parquet,,,,164
crypto15,F3,"F3:vol_comp_bo(pct=0.1, tf=15m, trail_atr=2.0)",adverse,0.9,0.0,5,5.0,2.5962109747159343,0.5192421949431869,3.7751114317007177,0.6,0,,0.0,,,,,,,,,0,2,0.0,,,,,,,,102.59621097471592,102.59621097471592,False,,0.0130445483632783,0.6317189152039617,F3_vol_comp_bo_78810186_adverse.parquet,,,,165
crypto15,F3,"F3:vol_comp_bo(pct=0.2, tf=15m, trail_atr=2.0)",adverse,1.0,0.0,6,6.0,2.581271157478758,0.430211859579793,3.715773155931358,0.5,2,1.0,-1.5580209569542771,-0.7790104784771386,-0.7790104784771386,0.0,0.0,,,-0.7807630937000224,0.0,0,2,1.0,-0.7772578632542547,-0.7807630937000223,1.0,1.0,,1.5580209569542771,52.5,101.02325020052449,101.02325020052449,False,,0.0191976372138813,1.558020956954266,F3_vol_comp_bo_30220280_adverse.parquet,{'BTC': -1.56},0.0,,166
crypto15,F4,"F4:channel_bo(atr_mult=1.5, n=12, tf=15m)",adverse,0.8,0.0,34,18.0,-10.57904074925404,-0.3111482573310012,0.5069368164813186,0.2647058823529412,16,10.0,2.463674798143411,0.1539796748839632,0.1539796748839632,1.2969905415282008,0.375,"[-0.441858681893662, 1.2023372853054335]",0.344,-1.02609422915546,-1.02609422915546,1,2,2.0,2.015708698938348,0.4479660992050633,8.0,8.0,0.2641056378862446,3.3035928381370967,167.8125,91.22514465759537,91.88463404888935,True,2026-06-16 15:45:00+00:00,0.1171548117154811,10.942874509828728,F4_channel_bo_5598738_adverse.parquet,"{'BTC': 1.55, 'ETH': 0.92}",2.0,,167
crypto15,F4,"F4:channel_bo(atr_mult=1.5, n=24, tf=15m)",adverse,0.9,0.0,27,18.0,-9.12124556036574,-0.3378239096431756,0.5069045957633236,0.2962962962962963,12,8.0,3.981136257804359,0.3317613548170299,0.3317613548170299,1.9654875433622976,0.5833333333333334,"[-0.18714501548295503, 1.2008662646013275]",0.134,0.4913672305054875,0.4913672305054875,1,2,1.0,1.822131028846884,2.1590052289574744,6.0,6.0,0.2172010130600035,2.128707585026156,208.75,90.65464418166896,94.85989069743864,True,2026-06-17 18:15:00+00:00,0.1033718926901304,10.710759023880598,F4_channel_bo_91429361_adverse.parquet,"{'BTC': 1.6, 'ETH': 2.38}",2.0,,168
crypto15,F1,"F1:ma_trend(atr_mult=2.0, fast=10, filter=False, slow=40, tf=1h)",adverse,0.9,0.0,3,2.0,-0.9438185537294612,-0.3146061845764871,0.2980106810956323,0.3333333333333333,4,3.0,-0.2820271238972965,-0.0705067809743241,-0.0705067809743241,0.5758896354741599,0.5,,,-0.5927860060808041,-0.5927860060808041,0,2,1.0,0.2927286344866629,-0.5747557583839594,3.0,1.0,0.6038058496906522,0.5747557583839594,180.0,98.77415432237324,98.77415432237324,False,,0.0199360078759537,1.5185743121134294,F1_ma_trend_2622997_adverse.parquet,"{'BTC': -0.59, 'ETH': 0.31}",1.0,,169
crypto15,F1,"F1:ma_trend(atr_mult=2.0, fast=10, filter=True, slow=40, tf=1h)",adverse,0.8,0.0,0,,0.0,,,,0,,0.0,,,,,,,,,0,2,0.0,,,,,,,,,,,,,,,,,,170
crypto15,F1,"F1:ma_trend(atr_mult=2.0, fast=20, filter=False, slow=80, tf=1h)",adverse,0.9,0.0,3,2.0,-0.8991814299118186,-0.2997271433039395,0.3082443977674158,0.3333333333333333,1,1.0,-0.1744137692291794,-0.1744137692291794,-0.1744137692291794,0.0,0.0,,,0.0,0.0,0,2,1.0,-0.1744137692291794,0.0,1.0,0.0,,0.1744137692291794,180.0,98.926404800859,98.926404800859,False,,0.0120600541471818,1.0735951991409962,F1_ma_trend_56979913_adverse.parquet,{'ETH': -0.17},0.0,,171
crypto15,F1,"F1:ma_trend(atr_mult=2.0, fast=20, filter=True, slow=80, tf=1h)",adverse,0.8,0.0,0,,0.0,,,,0,,0.0,,,,,,,,,0,2,0.0,,,,,,,,,,,,,,,,,,172
crypto15,F2,"F2:bb_mr(k=2.0, max_bars=8, n=20, regime=False, tf=1h)",adverse,1.0,0.0,14,12.0,-2.3758012223249483,-0.1697000873089248,0.4304487094997986,0.4285714285714285,7,7.0,1.2353318393844894,0.176475977054927,0.176475977054927,2.71167113836916,0.4285714285714285,"[-0.16352973228482895, 0.5753382698668441]",0.19,0.0481380382459082,0.0481380382459082,1,2,1.0,0.0673524853854561,1.1679793539990335,3.0,4.0,0.278611377764845,0.620629710666477,165.0,98.85953061705956,98.85953061705956,False,,0.0484863401427516,3.3319279318221646,F2_bb_mr_31875067_adverse.parquet,"{'BTC': 0.05, 'ETH': 1.19}",2.0,,173
crypto15,F2,"F2:bb_mr(k=2.0, max_bars=8, n=20, regime=True, tf=1h)",adverse,0.9,0.0,4,4.0,-0.0230283452747205,-0.0057570863186801,0.8967027098912843,0.75,2,2.0,0.6424715484172392,0.3212357742086196,0.3212357742086196,inf,1.0,,,0.101081260379915,0.101081260379915,1,2,1.0,0.5413902880373241,0.101081260379915,1.0,1.0,0.2118604347820307,-0.0,45.0,100.61944320314252,100.61944320314252,False,,0.0091065714988924,0.2229327144059993,F2_bb_mr_49127123_adverse.parquet,"{'BTC': 0.1, 'ETH': 0.54}",2.0,,174
crypto15,F2,"F2:bb_mr(k=2.5, max_bars=8, n=20, regime=False, tf=1h)",adverse,0.9,0.0,12,11.0,-3.0161504307514617,-0.2513458692292885,0.4571945845146783,0.3333333333333333,5,5.0,0.2927076817562015,0.0585415363512403,0.0585415363512403,1.703698849215247,0.4,"[-0.18065565969614944, 0.3874958701658687]",0.36,-0.3760600671561838,-0.3760600671561838,1,2,1.0,0.7086635726641147,-0.4159558909079133,2.0,3.0,0.5274836077459484,0.4159558909079132,123.0,97.27655725100476,97.27655725100476,False,,0.0334728033472803,4.139555263403182,F2_bb_mr_20974738_adverse.parquet,"{'BTC': 0.61, 'ETH': -0.32}",1.0,,175
crypto15,F2,"F2:bb_mr(k=2.5, max_bars=8, n=20, regime=True, tf=1h)",adverse,0.9,0.0,4,4.0,-0.6415441780714857,-0.1603860445178714,0.3576130178730536,0.75,2,2.0,0.2605751983980894,0.1302875991990447,0.1302875991990447,1.9279244884341944,0.5,,,-0.2808150896392347,-0.2808150896392347,1,2,1.0,0.5413902880373241,-0.2808150896392347,1.0,1.0,0.2626695754888168,0.2808150896392347,67.5,99.6190310203266,99.6190310203266,False,,0.0068914595126753,1.1775636013624506,F2_bb_mr_61401828_adverse.parquet,{'ETH': 0.26},1.0,,176
crypto15,F3,"F3:vol_comp_bo(pct=0.1, tf=1h, trail_atr=2.0)",adverse,0.9,0.0,3,3.0,-0.0589117824094236,-0.0196372608031412,0.9050746048652856,0.3333333333333333,2,2.0,1.606993058311993,0.8034965291559963,0.8034965291559963,inf,1.0,,,0.1723102359780119,0.1723102359780119,1,2,1.0,0.1723102359780119,1.4346828223339807,1.0,1.0,0.0661208276494858,-0.0,330.0,101.5480812759026,101.5480812759026,False,,0.0236278611863155,0.6206114004141625,F3_vol_comp_bo_18581872_adverse.parquet,{'BTC': 1.61},1.0,,177
crypto15,F3,"F3:vol_comp_bo(pct=0.2, tf=1h, trail_atr=2.0)",adverse,0.9,0.0,4,4.0,-0.1185288995663923,-0.029632224891598,0.825751351928587,0.25,2,2.0,1.606993058311993,0.8034965291559963,0.8034965291559963,inf,1.0,,,0.1723102359780119,0.1723102359780119,1,2,1.0,0.1723102359780119,1.4346828223339807,1.0,1.0,0.0661208276494858,-0.0,330.0,101.4884641587456,101.4884641587456,False,,0.0265813438346049,0.6802285175711376,F3_vol_comp_bo_97149662_adverse.parquet,{'BTC': 1.61},1.0,,178
crypto15,F4,"F4:channel_bo(atr_mult=1.5, n=12, tf=1h)",adverse,0.9,0.0,17,16.0,-0.9669092578920686,-0.0568770151701216,0.8080684039316731,0.4705882352941176,9,8.0,-0.4903582565425896,-0.0544842507269544,-0.0544842507269544,0.8531966971893262,0.3333333333333333,"[-0.5298460223504909, 0.6908740504531543]",0.578,-2.855646152822936,-2.855646152822936,0,2,1.0,-0.786641458051338,0.2962832015087484,5.0,4.0,0.3281562021094788,2.030256622879941,220.0,98.54273248556532,98.54273248556532,False,,0.1033718926901304,3.2307133640161823,F4_channel_bo_69340594_adverse.parquet,"{'BTC': -0.57, 'ETH': 0.08}",1.0,,179
crypto15,F4,"F4:channel_bo(atr_mult=1.5, n=24, tf=1h)",adverse,0.9,0.0,12,12.0,1.3237369509993917,0.1103114125832826,1.5195843690805395,0.5833333333333334,7,7.0,-0.5834169830815881,-0.0833452832973697,-0.0833452832973697,0.8212360584870406,0.2857142857142857,"[-0.7510185522113585, 0.8202453285318623]",0.59,-2.9487048793619346,-2.9487048793619346,0,2,1.0,-0.9563234426209016,0.3729064595393134,4.0,3.0,0.3011903499511034,1.9536333648493764,214.28571428571428,100.74031996791778,100.74031996791778,False,,0.0775289195175978,3.003011173277116,F4_channel_bo_36427083_adverse.parquet,"{'BTC': -0.5, 'ETH': -0.09}",0.0,,180
crypto15,F5,"F5:trend_pullback(defn=A, max_bars=16, target_r=1.5)",adverse,1.0,0.0,27,17.0,6.369900619311516,0.2359222451596858,2.0135554357191023,0.5925925925925926,13,9.0,-2.772396537673158,-0.2132612721287044,-0.2132612721287044,0.4674683917343378,0.2307692307692307,"[-0.5489331164174361, 0.22546249955643036]",0.838,-3.9871115522632894,-3.9871115522632894,0,2,1.0,-1.594383236235368,-1.1780133014377907,5.0,8.0,0.6357577840947677,3.987111552263292,133.84615384615384,103.59750408163832,103.59750408163832,False,,0.0863893674624661,3.987111552263301,F5_trend_pullback_32351268_adverse.parquet,"{'BTC': -3.96, 'ETH': 1.19}",1.0,,181
crypto15,F5,"F5:trend_pullback(defn=A, max_bars=16, target_r=2.0)",adverse,1.0,0.0,26,17.0,7.865525275362714,0.3025202028985659,2.3188869107294696,0.6153846153846154,13,9.0,-1.91846248867005,-0.1475740375900038,-0.1475740375900038,0.6314950258355685,0.2307692307692307,"[-0.5489331164174361, 0.381979128505893]",0.729,-3.5670519379806738,-3.5670519379806738,0,2,1.0,-1.1605088015148772,-0.7579536871551735,5.0,8.0,0.4706320105695352,3.5670519379806738,136.15384615384616,105.94706278669264,105.94706278669264,False,,0.0878661087866108,3.567051937980679,F5_trend_pullback_51521560_adverse.parquet,"{'BTC': -3.54, 'ETH': 1.63}",1.0,,182
crypto15,F5,"F5:trend_pullback(defn=B, max_bars=16, target_r=1.5)",adverse,1.0,0.0,21,17.0,-0.0560156255242434,-0.0026674107392496,0.9926439516488804,0.5238095238095238,9,7.0,-0.1621605230974437,-0.0180178358997159,-0.0180178358997159,0.9460802653799868,0.4444444444444444,"[-0.4510419831833836, 0.6488209816348933]",0.531,-1.321490247355538,-1.321490247355538,0,2,1.0,-0.3607134291565793,0.1985529060591356,3.0,6.0,0.3507449458922529,2.41445795122273,151.66666666666666,99.78182385137832,99.78182385137832,False,,0.0654688653704159,2.879211316271764,F5_trend_pullback_69907634_adverse.parquet,"{'BTC': -1.32, 'ETH': 1.16}",1.0,,183
crypto15,F5,"F5:trend_pullback(defn=B, max_bars=16, target_r=2.0)",adverse,1.0,0.0,21,17.0,1.130474089457164,0.0538320994979601,1.1484553994337812,0.5238095238095238,9,7.0,0.264929985844662,0.0294366650938513,0.0294366650938513,1.0880914433227629,0.4444444444444444,"[-0.4337998321488036, 0.7551261330492981]",0.475,-1.321490247355538,-1.321490247355538,0,2,1.0,-0.3607134291565793,0.6256434150012414,3.0,6.0,0.3048759842578858,2.41445795122273,151.66666666666666,101.39540407530184,101.39540407530184,False,,0.0679301009106571,2.601713074644664,F5_trend_pullback_37630138_adverse.parquet,"{'BTC': -1.32, 'ETH': 1.59}",1.0,,184
crypto15,F6,"F6:orb(or_min=30, target_r=2.0)",adverse,0.8,0.0,32,18.0,-8.573220327951972,-0.2679131352484991,0.5397051690885496,0.3125,17,11.0,-0.2034804685785296,-0.0119694393281488,-0.0119694393281488,0.973547812919432,0.4705882352941176,"[-0.5183896586376827, 0.5544907545653581]",0.513,-1.7430440455647993,-2.879076118739443,1,2,2.0,-1.4625468187307136,1.259066350152184,11.0,6.0,0.3573097552604639,2.584250739570776,143.8235294117647,90.78488179459428,91.22329920346952,True,2026-06-17 15:30:00+00:00,0.1016490278119616,10.407998115425258,F6_orb_63354631_adverse.parquet,"{'BTC': -3.32, 'ETH': 3.11}",1.0,,185
crypto15,F6,"F6:orb(or_min=30, target_r=None)",adverse,0.8,0.0,28,18.0,-6.629431194691986,-0.236765399810428,0.617855114578769,0.2857142857142857,15,11.0,2.406325242205791,0.1604216828137193,0.1604216828137193,1.3128190431650937,0.4,"[-0.5140507827304127, 1.2325224678968403]",0.352,-3.04660595634761,-3.04660595634761,0,2,2.0,1.3147887296617735,1.091536512544018,10.0,5.0,0.2457624711163338,2.584250739570776,178.0,92.31964693936364,95.7768940475138,True,2026-06-18 14:30:00+00:00,0.1151858232832882,10.920304191677772,F6_orb_72867030_adverse.parquet,"{'BTC': 1.88, 'ETH': 0.52}",2.0,,186
crypto15,F6,"F6:orb(or_min=60, target_r=2.0)",adverse,0.8,0.0,29,18.0,-2.8514697396460984,-0.0983265427464171,0.7883942141807151,0.3793103448275862,10,8.0,2.303870378116472,0.2303870378116472,0.2303870378116472,1.9608478781975287,0.5,"[-0.4037482754755565, 0.6922425449939191]",0.223,0.761083570989133,0.4935190973012719,1,2,1.0,0.4051277586109178,1.8987426195055548,6.0,4.0,0.2436647905677368,1.4017848318564106,175.5,99.45240063847037,99.45240063847037,False,,0.0895889736647797,7.078691084729272,F6_orb_37528319_adverse.parquet,"{'BTC': 0.62, 'ETH': 1.68}",2.0,,187
crypto15,F6,"F6:orb(or_min=60, target_r=None)",adverse,0.8,0.0,25,18.0,-3.942562194819579,-0.1577024877927831,0.7008104583440431,0.36,8,8.0,3.863328487078277,0.4829160608847846,0.4829160608847846,2.6112325653598765,0.375,"[-0.4330737877909474, 1.5454478696304417]",0.176,0.5208289871286857,0.5208289871286857,1,2,1.0,1.9372759777453088,1.926052509332968,5.0,3.0,0.167517161832111,1.4017848318564106,219.375,99.92076629225866,99.92076629225866,False,,0.0982032980556239,8.326781698500952,F6_orb_96227101_adverse.parquet,"{'BTC': 2.8, 'ETH': 1.06}",2.0,,188
crypto15,B0,B0:baseline_session_long(),adverse,0.8,1.0,19,18.0,-3.620213645052716,-0.1905375602659324,0.2003258750153811,0.3157894736842105,10,10.0,0.0151286702932571,0.0015128670293257,0.0015128670293257,1.0075629908038997,0.6,"[-0.3140962217911277, 0.3216082190259905]",0.535,-0.8306652261152794,-0.8306652261152794,0,2,1.0,0.0151286702932571,0.0,10.0,0.0,0.1659008097146004,1.762540604509077,327.0,96.39491502524056,96.39491502524056,False,,0.1644105340881122,5.382754249561785,B0_baseline_session_long_79050094_adverse.parquet,{'BTC': 0.02},1.0,,189
crypto15,F1b,"F1b:ma_trend(atr_mult=2.0, fast=10, filter=True, slow=40, tf=15m)",base,0.9,0.0,11,11.0,-2.6253704461667,-0.2386700405606091,0.5254016978138863,0.4545454545454545,6,5.0,3.125210134686535,0.5208683557810891,0.5208683557810891,4.132113847883394,0.8333333333333334,"[-0.17356071935777628, 1.8687462984833467]",0.109,0.2168833654676292,0.2168833654676292,1,2,1.0,0.7564668571191389,2.368743277567396,3.0,3.0,0.1300219220464057,0.997795829419954,212.5,100.49983968851984,100.49983968851984,False,,0.0526704405611617,3.017349569944201,F1b_ma_trend_41374966_base.parquet,"{'BTC': 2.39, 'ETH': 0.73}",2.0,,190
crypto15,F1b,"F1b:ma_trend(atr_mult=2.0, fast=20, filter=True, slow=80, tf=15m)",base,0.8,0.0,4,4.0,-1.5156223793906924,-0.3789055948476731,0.0261745286950535,0.25,4,4.0,0.6366981141259622,0.1591745285314905,0.1591745285314905,4.148493270643996,0.5,,,-0.1197074655323846,-0.1197074655323846,1,2,1.0,0.740958067626523,-0.1042599535005609,3.0,1.0,0.3571548406313441,0.2022231141677908,202.5,99.12107573473529,99.12107573473529,False,,0.0236278611863155,1.7178454935584853,F1b_ma_trend_55402419_base.parquet,"{'BTC': 0.73, 'ETH': -0.1}",1.0,,191
crypto15,F1b,"F1b:ma_trend(atr_mult=2.0, fast=10, filter=True, slow=40, tf=1h)",base,0.9,0.0,2,2.0,-0.4955298302147667,-0.2477649151073833,0.0,0.0,2,2.0,-0.9093246320834864,-0.4546623160417432,-0.4546623160417432,0.0,0.0,,,-0.741145676931656,-0.741145676931656,0,2,1.0,-0.1681789551518304,-0.741145676931656,1.0,1.0,,0.9093246320834864,270.0,98.59514553770175,98.59514553770175,False,,0.0157519074575436,1.4048544622982462,F1b_ma_trend_13727678_base.parquet,{'ETH': -0.91},0.0,,192
crypto15,F1b,"F1b:ma_trend(atr_mult=2.0, fast=20, filter=True, slow=80, tf=1h)",base,0.9,0.0,1,1.0,-0.7940447177918377,-0.7940447177918377,0.0,0.0,0,,0.0,,,,,,,,,0,2,0.0,,,,,,,,99.20595528220817,99.20595528220817,False,,0.0029534826482894,0.7940447177918344,F1b_ma_trend_9129710_base.parquet,,,,193
crypto15,F1b,"F1b:ma_trend(atr_mult=2.0, fast=10, filter=True, slow=40, tf=15m)",adverse,0.9,0.0,11,11.0,-2.86212395214336,-0.2601930865584873,0.4817932539505412,0.4545454545454545,6,5.0,2.854788909273591,0.4757981515455985,0.4757981515455985,3.878623210261297,0.8333333333333334,"[-0.18928657362696621, 1.761124187103329]",0.119,0.1017488988489252,0.1017488988489252,1,2,1.0,0.684702683208505,2.170086226065086,3.0,3.0,0.1647328374899019,0.9917202428915516,212.5,99.99266495713022,99.99266495713022,False,,0.0526704405611617,3.0785221392894044,F1b_ma_trend_41374966_adverse.parquet,"{'BTC': 2.19, 'ETH': 0.66}",2.0,,194
crypto15,F1b,"F1b:ma_trend(atr_mult=2.0, fast=20, filter=True, slow=80, tf=15m)",adverse,0.9,0.0,4,4.0,-1.550377044915184,-0.387594261228796,0.0105247069157799,0.25,4,4.0,0.5472197498535535,0.1368049374633883,0.1368049374633883,3.4850602982797465,0.5,,,-0.1593487429317321,-0.1593487429317321,1,2,1.0,0.6582210967320553,-0.1110013468785018,3.0,1.0,0.4513851094379879,0.2202038116468883,202.5,98.99684270493836,98.99684270493836,False,,0.0236278611863155,1.770580856562077,F1b_ma_trend_55402419_adverse.parquet,"{'BTC': 0.66, 'ETH': -0.11}",1.0,,195
crypto15,F1b,"F1b:ma_trend(atr_mult=2.0, fast=10, filter=True, slow=40, tf=1h)",adverse,0.9,0.0,2,2.0,-0.503733532755208,-0.251866766377604,0.0,0.0,2,2.0,-0.90478901694156,-0.45239450847078,-0.45239450847078,0.0,0.0,,,-0.7303752477123806,-0.7303752477123806,0,2,1.0,-0.1744137692291794,-0.7303752477123805,1.0,1.0,,0.90478901694156,270.0,98.59147745030324,98.59147745030324,False,,0.0157519074575436,1.4085225496967553,F1b_ma_trend_13727678_adverse.parquet,{'ETH': -0.9},0.0,,196
crypto15,F1b,"F1b:ma_trend(atr_mult=2.0, fast=20, filter=True, slow=80, tf=1h)",adverse,0.9,0.0,1,1.0,-0.7880766892373781,-0.7880766892373781,0.0,0.0,0,,0.0,,,,,,,,,0,2,0.0,,,,,,,,99.21192331076264,99.21192331076264,False,,0.0029534826482894,0.7880766892373714,F1b_ma_trend_9129710_adverse.parquet,,,,197
crypto1h,F1,"F1:ma_trend(atr_mult=2.0, fast=10, filter=False, slow=40, tf=1h)",base,1.1,0.0,22,21.0,-0.8940459435504219,-0.0406384519795646,0.8250597751049616,0.4090909090909091,15,13.0,-2.361408706872912,-0.1574272471248607,-0.1574272471248607,0.5039056460034702,0.3333333333333333,"[-0.43354851887027435, 0.13827047499890485]",0.828,-3.21194640753735,-3.21194640753735,1,5,4.0,-0.0794192887351418,-2.281989418137769,7.0,8.0,0.4608554531084027,3.296145573727939,200.0,96.74454534957664,96.74454534957664,False,,0.0337276617165869,4.447145876761155,F1_ma_trend_70241473_base.parquet,"{'BTC': 0.62, 'ETH': -2.98}",1.0,,198
crypto1h,F1,"F1:ma_trend(atr_mult=2.0, fast=10, filter=True, slow=40, tf=1h)",base,0.8,0.0,0,,0.0,,,,0,,0.0,,,,,,,,,0,5,0.0,,,,,,,,,,,,,,,,,,199
crypto1h,F1,"F1:ma_trend(atr_mult=2.0, fast=20, filter=False, slow=80, tf=1h)",base,0.8,0.0,13,13.0,-0.6243011280622304,-0.0480231636970946,0.826467630826386,0.5384615384615384,8,8.0,-1.1954251882857223,-0.1494281485357153,-0.1494281485357153,0.5453613850470688,0.375,"[-0.5290389037683819, 0.26642626994330704]",0.777,-2.0495597061281,-2.0495597061281,1,5,3.0,-0.1779145317271923,-1.0175106565585297,1.0,7.0,0.4306716265607525,2.230664814818049,247.5,98.18027368365206,98.18027368365206,False,,0.0206393153788069,2.371998671455387,F1_ma_trend_76124726_base.parquet,"{'BTC': -2.05, 'ETH': 0.86}",1.0,,200
crypto1h,F1,"F1:ma_trend(atr_mult=2.0, fast=20, filter=True, slow=80, tf=1h)",base,0.7,0.0,0,,0.0,,,,0,,0.0,,,,,,,,,0,5,0.0,,,,,,,,,,,,,,,,,,201
crypto1h,F2,"F2:bb_mr(k=2.0, max_bars=8, n=20, regime=False, tf=1h)",base,1.1,0.0,44,41.0,-3.9017303671128194,-0.0886756901616549,0.6167602917108216,0.4772727272727273,24,21.0,-3.307281997867295,-0.1378034165778039,-0.1378034165778039,0.509456045969992,0.5,"[-0.33480300328797163, 0.046657265673461755]",0.923,-3.9438156155388575,-4.143677044433275,2,5,5.0,-1.6765114113766295,-1.630770586490666,16.0,8.0,0.6999277873718488,3.307281997867295,147.5,92.79098763501987,92.79098763501987,False,,0.0430405235338535,8.466737835252346,F2_bb_mr_70878520_base.parquet,"{'BTC': -1.91, 'ETH': -1.4}",0.0,,202
crypto1h,F2,"F2:bb_mr(k=2.0, max_bars=8, n=20, regime=True, tf=1h)",base,1.0,0.0,18,18.0,0.5127330094487106,0.028485167191595,1.1874038006753258,0.5555555555555556,14,12.0,-3.624854393123057,-0.2589181709373612,-0.2589181709373612,0.3981271701786863,0.5,"[-0.5900417898345722, 0.03516340472185281]",0.953,-4.2613880107946205,-4.461249439689037,1,5,4.0,-1.704549572138082,-1.9203048209849751,8.0,6.0,0.5790927516289001,4.461249439689037,120.0,96.88787861632564,96.88787861632564,False,,0.0178706267304304,5.912222193512434,F2_bb_mr_54187015_base.parquet,"{'BTC': -1.13, 'ETH': -2.49}",0.0,,203
crypto1h,F2,"F2:bb_mr(k=2.5, max_bars=8, n=20, regime=False, tf=1h)",base,1.0,0.0,33,30.0,-3.945769810263226,-0.1195687821291886,0.6390375651544907,0.5151515151515151,17,16.0,-3.090576713493033,-0.1817986302054725,-0.1817986302054725,0.4617872181247272,0.3529411764705882,"[-0.42339798048264715, 0.04977094317391354]",0.926,-3.707539473013353,-3.690077221808661,0,5,4.0,-2.1885201813734865,-0.9020565321195472,10.0,7.0,0.7193891152929578,3.090576713493034,172.94117647058823,92.96365347624378,92.96365347624378,False,,0.0362446513969292,9.28121579931242,F2_bb_mr_53381942_base.parquet,"{'BTC': -3.26, 'ETH': 0.17}",1.0,,204
crypto1h,F2,"F2:bb_mr(k=2.5, max_bars=8, n=20, regime=True, tf=1h)",base,1.1,0.0,13,13.0,1.7181178021229169,0.132162907855609,1.9668482596838583,0.6153846153846154,7,7.0,-1.3697674861915048,-0.1956810694559292,-0.1956810694559292,0.5178527500503136,0.4285714285714285,"[-0.6860059750720277, 0.2675624078710587]",0.788,-1.969267994507132,-1.969267994507132,0,5,2.0,0.0093172397844929,-1.3790847259759975,3.0,4.0,0.5061960675676913,1.8368535361960816,145.71428571428572,100.34835031593144,100.34835031593144,False,,0.0138434432418827,2.422317527879329,F2_bb_mr_65992075_base.parquet,"{'BTC': -1.83, 'ETH': 0.46}",1.0,,205
crypto1h,F3,"F3:vol_comp_bo(pct=0.1, tf=1h, trail_atr=2.0)",base,1.1,0.0,11,11.0,0.963333753796819,0.0875757957997108,1.6878168750405915,0.6363636363636364,11,11.0,0.082233592132313,0.0074757811029375,0.0074757811029375,1.043840095997863,0.5454545454545454,"[-0.2917823792354341, 0.27182411715979754]",0.471,-0.5716220202494403,-0.5716220202494403,1,5,4.0,1.0222789268966284,-0.9400453347643152,5.0,6.0,0.3657937967429623,0.99760085992271,256.3636363636364,101.0455673459291,101.0455673459291,False,,0.0251698968034231,0.9976008599227127,F3_vol_comp_bo_36490428_base.parquet,"{'BTC': -0.67, 'ETH': 0.75}",1.0,,206
crypto1h,F3,"F3:vol_comp_bo(pct=0.2, tf=1h, trail_atr=2.0)",base,1.1,0.0,15,14.0,-1.1972957530311314,-0.079819716868742,0.6664909004323654,0.4666666666666667,14,13.0,0.9136818444076528,0.0652629888862609,0.0652629888862609,1.3903032905841757,0.5,"[-0.22501771873527535, 0.393035661400004]",0.317,-0.3829577464179696,-0.3829577464179696,2,5,4.0,1.890698373319344,-0.977016528911691,7.0,7.0,0.2717807194821673,1.425821004325617,270.0,99.71638609137648,99.71638609137648,False,,0.0329725648124842,2.0259367649946824,F3_vol_comp_bo_83198970_base.parquet,"{'BTC': 0.59, 'ETH': 0.32}",2.0,,207
crypto1h,F4,"F4:channel_bo(atr_mult=1.5, n=12, tf=1h)",base,0.9,0.0,57,52.0,4.534292957116961,0.0795489992476659,1.247989533904237,0.5263157894736842,33,32.0,-2.82644397141453,-0.0856498173155918,-0.0856498173155918,0.7477390670180033,0.3636363636363636,"[-0.35675597881104104, 0.22206504454901232]",0.735,-5.122902041912921,-5.122902041912921,1,5,4.0,0.92333816379538,-3.749782135209909,15.0,18.0,0.4230133960793726,5.178491495099933,263.6363636363636,101.7078489857024,101.7078489857024,False,,0.0969041026931789,6.179591995139504,F4_channel_bo_47422439_base.parquet,"{'BTC': -2.52, 'ETH': -0.31}",0.0,,208
crypto1h,F4,"F4:channel_bo(atr_mult=1.5, n=24, tf=1h)",base,0.9,0.0,41,40.0,-0.7607679589596914,-0.0185553160721875,0.9488093503697804,0.4634146341463415,25,25.0,-0.1781470527716375,-0.0071258821108655,-0.0071258821108655,0.9760860674088642,0.36,"[-0.2882394131702832, 0.36515981919040646]",0.545,-2.4746051232700284,-2.4746051232700284,2,5,4.0,1.1740156089651237,-1.3521626617367613,11.0,14.0,0.3628650600801941,3.871999810928701,280.8,99.06108498826865,99.06108498826865,False,,0.0722376038258243,4.612065590131792,F4_channel_bo_54943884_base.parquet,"{'BTC': 1.75, 'ETH': -1.92}",1.0,,209
crypto1h,B0,B0:baseline_session_long(),base,1.0,44.0,55,55.0,-1.9431630933272832,-0.035330238060496,0.6181084209403076,0.509090909090909,41,41.0,0.0631321316518847,0.0015398080890703,0.0015398080890703,1.0207866591327253,0.4878048780487805,"[-0.06271980466135563, 0.0629558985321151]",0.465,-0.3274219619702908,-0.3274219619702908,2,5,5.0,0.0631321316518847,0.0,41.0,0.0,0.2505592304174541,1.3233154501673985,360.0,98.17453744865462,98.17453744865462,False,,0.1457337024918197,2.1643574159597705,B0_baseline_session_long_82262348_base.parquet,{'BTC': 0.06},1.0,,210
crypto1h,F1,"F1:ma_trend(atr_mult=2.0, fast=10, filter=False, slow=40, tf=1h)",adverse,0.8,0.0,22,21.0,-1.082400731344937,-0.0492000332429516,0.7886788736578285,0.4090909090909091,15,13.0,-2.516796318129781,-0.167786421208652,-0.167786421208652,0.4734893332779425,0.2666666666666666,"[-0.4365596788848853, 0.12141957088121462]",0.857,-3.3341170490202883,-3.3341170490202883,1,5,4.0,-0.1588500720180117,-2.3579462461117693,7.0,8.0,0.5852392956915775,3.373459806755024,200.0,96.40080295052526,96.40080295052526,False,,0.0337276617165869,4.435570951388257,F1_ma_trend_70241473_adverse.parquet,"{'BTC': 0.48, 'ETH': -3.0}",1.0,,211
crypto1h,F1,"F1:ma_trend(atr_mult=2.0, fast=10, filter=True, slow=40, tf=1h)",adverse,0.7,0.0,0,,0.0,,,,0,,0.0,,,,,,,,,0,5,0.0,,,,,,,,,,,,,,,,,,212
crypto1h,F1,"F1:ma_trend(atr_mult=2.0, fast=20, filter=False, slow=80, tf=1h)",adverse,0.9,0.0,13,13.0,-0.7754584595194896,-0.0596506507322684,0.7850471395994992,0.5384615384615384,8,8.0,-1.2938267640121834,-0.1617283455015229,-0.1617283455015229,0.510126458155477,0.375,"[-0.5337523662502325, 0.24321819989725377]",0.798,-2.1095792993995257,-2.1095792993995257,1,5,3.0,-0.1876679098398548,-1.1061588541723284,1.0,7.0,0.5507483384939861,2.239530974496413,247.5,97.93071477646832,97.93071477646832,False,,0.0206393153788069,2.3941669851673453,F1_ma_trend_76124726_adverse.parquet,"{'BTC': -2.05, 'ETH': 0.76}",1.0,,213
crypto1h,F1,"F1:ma_trend(atr_mult=2.0, fast=20, filter=True, slow=80, tf=1h)",adverse,0.7,0.0,0,,0.0,,,,0,,0.0,,,,,,,,,0,5,0.0,,,,,,,,,,,,,,,,,,214
crypto1h,F2,"F2:bb_mr(k=2.0, max_bars=8, n=20, regime=False, tf=1h)",adverse,1.2,0.0,44,41.0,-4.464756795439513,-0.101471745350898,0.5654396154821406,0.4545454545454545,24,21.0,-3.74705936163698,-0.1561274734015408,-0.1561274734015408,0.4486193758172765,0.5,"[-0.3476346958291509, 0.022272564499869564]",0.956,-4.336730620212719,-4.505516207999176,1,5,5.0,-1.9763413347974093,-1.7707180268395708,16.0,8.0,0.9405136698117228,3.74705936163698,147.5,91.78818384292352,91.78818384292352,False,,0.0430405235338535,9.37290738496874,F2_bb_mr_70878520_adverse.parquet,"{'BTC': -2.24, 'ETH': -1.5}",0.0,,215
crypto1h,F2,"F2:bb_mr(k=2.0, max_bars=8, n=20, regime=True, tf=1h)",adverse,1.1,0.0,18,18.0,0.2245864938871634,0.0124770274381757,1.0810171774770458,0.5555555555555556,14,12.0,-3.8650177434075386,-0.2760726959576813,-0.2760726959576813,0.3587364918431017,0.5,"[-0.5999178214012979, 0.010775800334237966]",0.97,-4.454689001983277,-4.623474589769734,1,5,4.0,-1.849123466083428,-2.015894277324111,8.0,6.0,0.7909654522409614,4.623474589769734,120.0,96.35956875047964,96.35956875047964,False,,0.0178706267304304,6.189805167043332,F2_bb_mr_54187015_adverse.parquet,"{'BTC': -1.29, 'ETH': -2.58}",0.0,,216
crypto1h,F2,"F2:bb_mr(k=2.5, max_bars=8, n=20, regime=False, tf=1h)",adverse,1.0,0.0,33,30.0,-4.476852121737739,-0.1356621855072042,0.5922350316260734,0.4545454545454545,17,16.0,-3.400325332863076,-0.2000191372272397,-0.2000191372272397,0.4143581174466945,0.3529411764705882,"[-0.4336924450024453, 0.025072828758344226]",0.956,-3.959873042343164,-3.959873042343164,0,5,4.0,-2.3749494477652,-1.0253758850978756,10.0,7.0,0.949443089317916,3.400325332863076,172.94117647058823,92.1228225453992,92.1228225453992,False,,0.0362446513969292,9.819657351060243,F2_bb_mr_53381942_adverse.parquet,"{'BTC': -3.51, 'ETH': 0.11}",1.0,,217
crypto1h,F2,"F2:bb_mr(k=2.5, max_bars=8, n=20, regime=True, tf=1h)",adverse,0.9,0.0,13,13.0,1.424020379863698,0.1095400292202844,1.7859715986825335,0.6153846153846154,7,7.0,-1.4929762121948302,-0.2132823160278329,-0.2132823160278329,0.475619126078653,0.4285714285714285,"[-0.690982148882657, 0.24132295985948282]",0.824,-2.0525239216749185,-2.0525239216749185,0,5,2.0,-0.0746825361263483,-1.4182936760684817,3.0,4.0,0.665071589706949,1.9191653536802984,145.71428571428572,99.93104416766886,99.93104416766886,False,,0.0138434432418827,2.503732001537287,F2_bb_mr_65992075_adverse.parquet,"{'BTC': -1.92, 'ETH': 0.43}",1.0,,218
crypto1h,F3,"F3:vol_comp_bo(pct=0.1, tf=1h, trail_atr=2.0)",adverse,1.1,0.0,11,11.0,0.806073485292071,0.0732794077538246,1.566570775191011,0.6363636363636364,11,11.0,-0.0931125971791152,-0.0084647815617377,-0.0084647815617377,0.9514761390996994,0.5454545454545454,"[-0.3014518175704433, 0.25081294066300547]",0.511,-0.7096158300148939,-0.7096158300148939,1,5,4.0,0.9381653501978564,-1.0312779473769718,5.0,6.0,0.4755795602625934,1.0086160487899618,256.3636363636364,100.71296088811296,100.71296088811296,False,,0.0251698968034231,1.0086160487899605,F3_vol_comp_bo_36490428_adverse.parquet,"{'BTC': -0.78, 'ETH': 0.68}",1.0,,219
crypto1h,F3,"F3:vol_comp_bo(pct=0.2, tf=1h, trail_atr=2.0)",adverse,1.0,0.0,15,14.0,-1.355830553202353,-0.0903887035468235,0.6254427978951596,0.4666666666666667,14,13.0,0.6694649516976512,0.0478189251212608,0.0478189251212608,1.2796918761170477,0.5,"[-0.23712748247503637, 0.36541862847616685]",0.37,-0.5677895429342597,-0.5677895429342597,2,5,4.0,1.7452142175657797,-1.075749265868128,7.0,7.0,0.3477189393544487,1.4388216760539494,270.0,99.31363439849532,99.31363439849532,False,,0.0329725648124842,2.116137526165246,F3_vol_comp_bo_83198970_adverse.parquet,"{'BTC': 0.42, 'ETH': 0.25}",2.0,,220
crypto1h,F4,"F4:channel_bo(atr_mult=1.5, n=12, tf=1h)",adverse,1.0,0.0,57,52.0,3.253005904869007,0.0570702790327896,1.1777723753011748,0.5087719298245614,33,32.0,-3.5198739600527804,-0.1066628472743266,-0.1066628472743266,0.6866798040575721,0.3636363636363636,"[-0.3668204069470016, 0.18609180761413655]",0.788,-5.685069325658624,-5.685069325658624,1,5,4.0,0.5378789342066966,-4.057752894259478,15.0,18.0,0.5405110190580398,5.569683000551451,263.6363636363636,99.7331319448162,99.7331319448162,False,,0.0969041026931789,6.550529299351808,F4_channel_bo_47422439_adverse.parquet,"{'BTC': -3.17, 'ETH': -0.35}",0.0,,221
crypto1h,F4,"F4:channel_bo(atr_mult=1.5, n=24, tf=1h)",adverse,0.9,0.0,41,40.0,-1.6070229182900198,-0.0391956809339029,0.8920064974875147,0.4390243902439024,25,25.0,-0.777224799991806,-0.0310889919996722,-0.0310889919996722,0.8962596539921497,0.36,"[-0.2992115656456862, 0.3242505545743977]",0.6,-2.94242016559765,-2.94242016559765,1,5,4.0,0.8791489667761826,-1.656373766767988,11.0,14.0,0.4577009414439178,4.052712775793496,280.8,97.61575228171812,97.61575228171812,False,,0.0722376038258243,5.130084656083781,F4_channel_bo_54943884_adverse.parquet,"{'BTC': 1.16, 'ETH': -1.94}",1.0,,222
crypto1h,B0,B0:baseline_session_long(),adverse,0.9,48.0,53,53.0,-1.9279010176488467,-0.0363754908990348,0.6089194841903534,0.5094339622641509,41,41.0,-0.0974717874260916,-0.002377360668929,-0.002377360668929,0.968353381060686,0.4878048780487805,"[-0.06539058936029965, 0.05886065144656845]",0.511,-0.479064014260588,-0.479064014260588,2,5,5.0,-0.0974717874260916,0.0,41.0,0.0,0.307414482307591,1.3531652528779792,360.0,98.0255899553492,98.0255899553492,False,,0.142713314875409,2.140512301464156,B0_baseline_session_long_82262348_adverse.parquet,{'BTC': -0.1},0.0,,223
crypto1h,F1b,"F1b:ma_trend(atr_mult=2.0, fast=10, filter=True, slow=40, tf=1h)",base,0.9,0.0,9,9.0,-1.2755088832635513,-0.1417232092515057,0.501105740366302,0.4444444444444444,8,8.0,-1.1815997359729478,-0.1476999669966184,-0.1476999669966184,0.3729746443874991,0.25,"[-0.428542419925977, 0.10898895655112989]",0.864,-1.6795137298224776,-1.6795137298224776,1,5,3.0,-0.4349127429463093,-0.7466869930266383,3.0,5.0,0.8160422461861259,1.1815997359729478,262.5,97.5428913807635,97.5428913807635,False,,0.0188774226025673,2.457108619236493,F1b_ma_trend_8288723_base.parquet,"{'BTC': -0.19, 'ETH': -0.99}",0.0,,224
crypto1h,F1b,"F1b:ma_trend(atr_mult=2.0, fast=20, filter=True, slow=80, tf=1h)",base,0.8,0.0,6,6.0,1.2733359533689697,0.2122226588948282,1.9547471087845631,0.5,3,3.0,-0.8506275916840467,-0.2835425305613488,-0.2835425305613488,0.0731143926298279,0.3333333333333333,,,-0.917726615798372,-0.917726615798372,0,5,2.0,0.0,-0.8506275916840467,0.0,3.0,3.352813641737068,0.917726615798372,180.0,100.42270836168494,100.42270836168494,False,,0.0093128618172665,1.9154234448061371,F1b_ma_trend_9326437_base.parquet,"{'BTC': -0.74, 'ETH': -0.11}",0.0,,225
crypto1h,F1b,"F1b:ma_trend(atr_mult=2.0, fast=10, filter=True, slow=40, tf=1h)",adverse,0.8,0.0,9,9.0,-1.345209527713364,-0.1494677253014849,0.4722690710900862,0.4444444444444444,8,8.0,-1.2827925307318162,-0.160349066341477,-0.160349066341477,0.3354476964626713,0.25,"[-0.43524458913760117, 0.0915579201106396]",0.888,-1.744776689468452,-1.744776689468452,1,5,3.0,-0.4623843283536025,-0.8204082023782137,3.0,5.0,1.0520381801003054,1.2827925307318162,262.5,97.37199794155484,97.37199794155484,False,,0.0188774226025673,2.628002058445162,F1b_ma_trend_8288723_adverse.parquet,"{'BTC': -0.27, 'ETH': -1.02}",0.0,,226
crypto1h,F1b,"F1b:ma_trend(atr_mult=2.0, fast=20, filter=True, slow=80, tf=1h)",adverse,0.9,0.0,6,6.0,1.1578130144593457,0.1929688357432243,1.8617868902763588,0.5,3,3.0,-0.8663129382562659,-0.2887709794187553,-0.2887709794187553,0.0546991828558821,0.3333333333333333,,,-0.9164415417237392,-0.9164415417237392,0,5,2.0,0.0,-0.8663129382562659,0.0,3.0,5.214212428923241,0.9164415417237392,180.0,100.29150007620308,100.29150007620308,False,,0.0093128618172665,1.915098130714739,F1b_ma_trend_9326437_adverse.parquet,"{'BTC': -0.74, 'ETH': -0.12}",0.0,,227
crypto247,F1,"F1:ma_trend(atr_mult=2.0, fast=10, filter=False, slow=40, tf=1h)",base,1.5,0.0,77,50.0,-0.8586610434442672,-0.0111514421226528,0.980031752208071,0.2727272727272727,44,28.0,-5.127725170192425,-0.1165392084134642,-0.1165392084134642,0.7789653702723482,0.2727272727272727,"[-0.4350018895369563, 0.27758867313884455]",0.764,-11.244446705467336,-10.359079664691972,0,7,6.0,2.54958049145427,-7.677305661646697,22.0,22.0,0.2493521774761934,8.514557808913834,1870.909090909091,96.4856595570609,93.69118905821657,True,2026-04-30 23:00:00+00:00,0.9427070302727044,10.06665639333542,F1_ma_trend_60447203_base.parquet,"{'BTC': -0.21, 'ETH': -4.92}",0.0,,228
crypto247,F1,"F1:ma_trend(atr_mult=2.0, fast=10, filter=True, slow=40, tf=1h)",base,1.3,0.0,0,,0.0,,,,0,,0.0,,,,,,,,,0,7,0.0,,,,,,,,,,,,,,,,,,229
crypto247,F1,"F1:ma_trend(atr_mult=2.0, fast=20, filter=False, slow=80, tf=1h)",base,1.3,0.0,47,34.0,-2.821565079990524,-0.0600332995742664,0.9099783351348592,0.2127659574468085,22,18.0,-3.2208639977606754,-0.1464029089891216,-0.1464029089891216,0.8027438551398283,0.1818181818181818,"[-0.8356108326756192, 0.707869571060149]",0.682,-9.329693161398437,-9.329693161398437,1,7,5.0,-2.018003529364713,-1.2028604683959625,12.0,10.0,0.1761698434361113,8.070720358249737,3122.7272727272725,100.6207849102928,93.26676774098333,True,2026-03-02 14:00:00+00:00,0.9244433324993744,10.124584744678671,F1_ma_trend_19769636_base.parquet,"{'BTC': 1.75, 'ETH': -4.97}",1.0,,230
crypto247,F1,"F1:ma_trend(atr_mult=2.0, fast=20, filter=True, slow=80, tf=1h)",base,1.1,0.0,0,,0.0,,,,0,,0.0,,,,,,,,,0,7,0.0,,,,,,,,,,,,,,,,,,231
crypto247,F4,"F4:channel_bo(atr_mult=1.5, n=12, tf=1h)",base,1.3,0.0,119,81.0,0.8690773785317325,0.0073031712481658,1.0127781242701857,0.2689075630252101,69,48.0,-10.362618916484733,-0.1501828828476048,-0.1501828828476048,0.7331430055717558,0.2608695652173913,"[-0.38142566481821394, 0.15214838467026773]",0.818,-13.975638303913726,-13.975638303913726,2,7,6.0,-4.171747869985963,-6.19087104649877,35.0,34.0,0.3444936662447184,13.755755234596451,1030.4347826086955,89.7005703755855,90.50645846204692,True,2026-01-10 22:00:00+00:00,0.8161120840630472,10.2994296244145,F4_channel_bo_93183136_base.parquet,"{'BTC': -3.87, 'ETH': -6.49}",0.0,,232
crypto247,F4,"F4:channel_bo(atr_mult=1.5, n=24, tf=1h)",base,1.3,0.0,72,60.0,3.935926950236525,0.0546656520866183,1.0760322937483926,0.2361111111111111,51,39.0,-25.7114360844826,-0.5041458055780902,-0.5041458055780902,0.29985397482033,0.2156862745098039,"[-0.7350087183596569, -0.22725392839673125]",1.0,-28.80345840277345,-28.80345840277345,0,7,6.0,-11.95052191756797,-13.760914166914633,26.0,25.0,0.6305746365122537,25.72655719169618,1163.529411764706,104.83151753301097,78.22585568147119,True,2026-02-19 07:00:00+00:00,0.699524643482612,10.571955505292635,F4_channel_bo_38371856_base.parquet,"{'BTC': -16.9, 'ETH': -8.82}",0.0,,233
crypto247,B0,B0:baseline_session_long(),base,1.1,31.0,5,5.0,-5.1245803976343165,-1.0249160795268633,0.0,0.0,0,,0.0,,,,,,,,,0,7,0.0,,,,,,,,94.87541960236568,94.87541960236568,False,,0.9271953965474106,5.124580397634318,B0_baseline_session_long_33325355_base.parquet,,,,234
crypto247,F1,"F1:ma_trend(atr_mult=2.0, fast=10, filter=False, slow=40, tf=1h)",adverse,1.3,0.0,77,50.0,-2.9058509764407208,-0.03773832436936,0.9325932389641846,0.2727272727272727,44,28.0,-6.01902785021363,-0.1367960875048552,-0.1367960875048552,0.7397258919851556,0.25,"[-0.4422141182331817, 0.2422985234483748]",0.793,-11.770634097493549,-10.884649576030704,0,7,6.0,1.8838096647530056,-7.9028375149666354,22.0,22.0,0.3206951774662479,9.12168569956823,1870.909090909091,94.78845331409288,90.75047601081368,True,2026-04-05 16:00:00+00:00,0.9427070302727044,10.263476801791953,F1_ma_trend_60447203_adverse.parquet,"{'BTC': -1.06, 'ETH': -4.96}",0.0,,235
crypto247,F1,"F1:ma_trend(atr_mult=2.0, fast=10, filter=True, slow=40, tf=1h)",adverse,1.1,0.0,0,,0.0,,,,0,,0.0,,,,,,,,,0,7,0.0,,,,,,,,,,,,,,,,,,236
crypto247,F1,"F1:ma_trend(atr_mult=2.0, fast=20, filter=False, slow=80, tf=1h)",adverse,1.1,0.0,47,34.0,-4.139817537827065,-0.0880812242090865,0.8682935501066071,0.2127659574468085,22,18.0,-3.897421857350964,-0.1771555389704983,-0.1771555389704983,0.7613295605024863,0.1818181818181818,"[-0.836528351268367, 0.6458393743718475]",0.71,-9.74081271774288,-9.74081271774288,1,7,5.0,-2.414405863870715,-1.4830159934802498,12.0,10.0,0.2407427032342587,8.098322512646437,3122.7272727272725,99.41234387083296,91.27621739685674,True,2026-03-02 14:00:00+00:00,0.9244433324993744,10.167071877582812,F1_ma_trend_19769636_adverse.parquet,"{'BTC': 1.38, 'ETH': -5.28}",1.0,,237
crypto247,F1,"F1:ma_trend(atr_mult=2.0, fast=20, filter=True, slow=80, tf=1h)",adverse,1.1,0.0,0,,0.0,,,,0,,0.0,,,,,,,,,0,7,0.0,,,,,,,,,,,,,,,,,,238
crypto247,F4,"F4:channel_bo(atr_mult=1.5, n=12, tf=1h)",adverse,1.5,0.0,119,81.0,-4.810897073300016,-0.0404277064983194,0.9305019402778324,0.2689075630252101,69,48.0,-13.39191176305568,-0.1940856777254446,-0.1940856777254446,0.6607268765877276,0.2608695652173913,"[-0.41531609534075237, 0.088955747912764]",0.901,-16.77969891174609,-16.77969891174609,1,7,6.0,-5.795562360962494,-7.596349402093184,35.0,34.0,0.4945227085291698,16.323227957482963,1030.4347826086955,89.1963446125564,81.7971911636443,True,2026-01-09 14:00:00+00:00,0.8161120840630472,10.803655387443598,F4_channel_bo_93183136_adverse.parquet,"{'BTC': -6.45, 'ETH': -6.94}",0.0,,239
crypto247,F4,"F4:channel_bo(atr_mult=1.5, n=24, tf=1h)",adverse,1.5,0.0,72,60.0,0.4182303125735096,0.0058087543412987,1.0080321744817982,0.2222222222222222,51,39.0,-26.953424776539283,-0.528498525030182,-0.528498525030182,0.2696382515842508,0.2156862745098039,"[-0.7477943429145795, -0.26486060746398965]",1.0,-29.845237773003287,-29.845237773003287,0,7,6.0,-12.64867529937861,-14.304749477160676,26.0,25.0,0.9218726496402304,26.95342477653928,1163.529411764706,102.76357105490042,73.4317684378561,True,2026-02-19 07:00:00+00:00,0.699524643482612,10.61831843590626,F4_channel_bo_38371856_adverse.parquet,"{'BTC': -18.0, 'ETH': -8.96}",0.0,,240
crypto247,B0,B0:baseline_session_long(),adverse,1.1,31.0,5,5.0,-5.081500830679191,-1.0163001661358382,0.0,0.0,0,,0.0,,,,,,,,,0,7,0.0,,,,,,,,94.9184991693208,94.9184991693208,False,,0.9271953965474106,5.081500830679204,B0_baseline_session_long_33325355_adverse.parquet,,,,241
crypto247,F1b,"F1b:ma_trend(atr_mult=2.0, fast=10, filter=True, slow=40, tf=1h)",base,1.2,0.0,33,32.0,7.00411633772935,0.2122459496281621,1.3922060052399678,0.3939393939393939,25,22.0,-3.0114634042371646,-0.1204585361694865,-0.1204585361694865,0.7973259927168339,0.32,"[-0.5832952906805999, 0.40954456694598323]",0.673,-6.4643551585732375,-6.4643551585732375,3,7,6.0,-2.723751345976688,-0.2877120582604766,13.0,12.0,0.2203417430583374,5.350934531257304,2491.2,103.2276912402335,103.2276912402335,False,,0.6177132849637228,7.653806599476198,F1b_ma_trend_48910508_base.parquet,"{'BTC': -3.87, 'ETH': 0.86}",1.0,,242
crypto247,F1b,"F1b:ma_trend(atr_mult=2.0, fast=20, filter=True, slow=80, tf=1h)",base,1.2,0.0,21,21.0,1.4450961723812048,0.068814103446724,1.0920024605106495,0.1904761904761904,14,14.0,-6.244516173474402,-0.4460368695338858,-0.4460368695338858,0.4311158468366606,0.2142857142857142,"[-0.9959717975643106, 0.27493998942542736]",0.901,-9.762298288071136,-9.762298288071136,1,7,5.0,-1.4277353514978106,-4.816780821976591,7.0,7.0,0.3026447464798364,7.377029056281048,2807.1428571428573,102.45213862004782,95.20057999890678,True,2026-03-30 20:00:00+00:00,0.5313985489116838,10.550841828703568,F1b_ma_trend_52898865_base.parquet,"{'BTC': -1.27, 'ETH': -4.98}",0.0,,243
crypto247,F1b,"F1b:ma_trend(atr_mult=2.0, fast=10, filter=True, slow=40, tf=1h)",adverse,1.2,0.0,33,32.0,5.822302440953715,0.1764334073016277,1.326152794643658,0.3636363636363636,25,22.0,-3.5934605045431827,-0.1437384201817273,-0.1437384201817273,0.7583006129261577,0.32,"[-0.5937958107714673, 0.3684729211705771]",0.706,-6.906029984552653,-6.906029984552653,3,7,6.0,-3.005679547020045,-0.5877809575231377,13.0,12.0,0.2936300012868725,5.51807150515075,2491.2,101.47138416203558,101.47138416203558,False,,0.6177132849637228,8.251237591239544,F1b_ma_trend_48910508_adverse.parquet,"{'BTC': -4.09, 'ETH': 0.5}",1.0,,244
crypto247,F1b,"F1b:ma_trend(atr_mult=2.0, fast=20, filter=True, slow=80, tf=1h)",adverse,1.1,0.0,21,21.0,0.7804737150909509,0.0371654150043309,1.0496907507330355,0.1904761904761904,14,14.0,-6.539501129124123,-0.4671072235088659,-0.4671072235088659,0.4044037032147441,0.2142857142857142,"[-0.9969664138463168, 0.22001714353160884]",0.931,-9.829917702155177,-9.829917702155177,1,7,5.0,-1.6591415231630382,-4.880359605961085,7.0,7.0,0.4191823418621663,7.619237160042853,2807.1428571428573,101.78124427116484,94.24097258596682,True,2026-03-30 20:00:00+00:00,0.5313985489116838,10.586089734440776,F1b_ma_trend_52898865_adverse.parquet,"{'BTC': -1.56, 'ETH': -4.98}",0.0,,245
