symbol,date,close,volume,average_volume_20d,volume_ratio,return_5d,z_return,z_volume,anomaly_score,return_60d,z_momentum,fwd_5,fwd_20,fwd_60,label,event,first_trigger,direction,quiet,momentum,price_anomaly,volume_anomaly,institutional,fundamental,options,retail
AAPL,2025-01-21,222.64,98070400.0,51212370.0,1.9149748390867285,-0.05017064846416386,-1.8980326464164934,2.1517443093201103,4.049776955736604,-0.05605019927075394,,0.07015810276679835,0.09984728710025159,-0.1274254401724757,1.0,True,True,-1,False,,-1.8980326464164934,2.1517443093201103,,,,
AAPL,2025-03-10,227.48,72071200.0,45712490.0,1.5766194315820468,-0.04432214426752934,-1.4749212640778178,1.419324048543594,2.894245312621412,-0.0780952380952381,,-0.05925795674344991,-0.2023034992087216,-0.10840513451732015,0.0,True,True,-1,False,,-1.4749212640778178,1.419324048543594,,,,
AAPL,2025-04-24,208.37,47311000.0,78530345.0,0.6024550127724512,0.07257939980439598,1.5693266452911518,-1.0213768822048213,2.590703527495973,-0.12545118777805753,-0.9679936218351528,0.02375581897586021,-0.03364207899409699,0.02893890675241151,0.0,True,True,1,False,-0.9679936218351528,1.5693266452911518,-1.0213768822048213,,,,
AAPL,2025-05-23,195.27,78432900.0,52976495.0,1.480522635557524,-0.0756887247940925,-1.4693691612581081,1.0016278626790491,2.4709970239371573,-0.17711757269279393,-1.2823492278625177,0.03292876529932909,0.025759205203052193,0.15742305525682387,0.0,True,True,-1,False,-1.2823492278625177,-1.4693691612581081,1.0016278626790491,,,,
AAPL,2025-06-20,201.0,96813500.0,52326165.0,1.8501929197371907,0.009036144578313365,0.24657486583735477,1.9280961017802607,2.1746709676176152,-0.10167597765363123,-0.4598869847065586,0.0003980099502487455,0.05711442786069654,0.18482587064676625,1.0,True,True,1,False,-0.4598869847065586,0.24657486583735477,1.9280961017802607,,,,
AAPL,2025-06-30,205.17,91912800.0,53965820.0,1.7031669304756232,0.018213399503721917,0.42919679786090964,1.5771529226442025,2.006349720505112,-0.08361248827549239,-0.26005579793414196,0.023590193498074896,0.029731442218648096,0.22976068626017465,0.0,True,True,1,False,-0.26005579793414196,0.42919679786090964,1.5771529226442025,,,,
AAPL,2025-07-31,207.57,80698400.0,46022415.0,1.7534586135907906,-0.02895770958083832,-0.6162067141870691,1.7912078122163533,2.4074145264034224,0.04364221428930559,0.8710759522729836,0.0600279423808836,0.12039312039312033,0.2661752661752661,1.0,True,True,-1,False,0.8710759522729836,-0.6162067141870691,1.7912078122163533,,,,
AAPL,2025-08-21,224.9,30621200.0,62622065.0,0.48898419430914647,-0.03385170547297878,-0.734434647179109,-1.2877557358163711,2.02219038299548,0.12332051346086614,1.5147001624774599,0.034059582036460645,0.09159626500666951,0.2112494441974211,1.0,True,True,-1,False,1.5147001624774599,-0.734434647179109,-1.2877557358163711,,,,
AAPL,2025-09-10,226.79,83440800.0,47412440.0,1.7598925514063397,-0.048978907200067145,-1.0851919235923067,1.7459268126425744,2.831118736234881,0.1544413336726902,1.5676928849365015,0.05379425900612911,0.13788085894439805,0.23770889369019788,1.0,True,True,-1,False,1.5676928849365015,-1.0851919235923067,1.7459268126425744,,,,
AAPL,2025-09-19,245.5,163741300.0,49099910.0,3.334859473265837,0.04883154611868257,1.0054068992776304,5.512718287769254,6.518125187046884,0.21799960309585242,1.9973931838442938,0.04057026476578418,0.027657841140529493,0.11653767820773941,0.0,True,True,1,False,1.9973931838442938,1.0054068992776304,5.512718287769254,,,,
AAPL,2025-10-20,262.24,90483000.0,46879140.0,1.9301335306065768,0.05887103286764117,1.1960366008533871,2.0766009533963743,3.272637554249761,0.22610809799887788,1.684416096722848,0.0250533862111042,0.019905430140329416,-0.015367602196461383,0.0,True,True,1,False,1.684416096722848,1.1960366008533871,2.0766009533963743,,,,
AAPL,2025-10-30,271.4,69886500.0,44618735.0,1.5663039304005368,0.045535095153709904,0.8760818618758908,1.234412908881838,2.110494770757729,0.27268464243845236,1.8698840815532014,-0.0060058953574060325,0.02745025792188671,-0.055121591746499554,0.0,True,True,1,False,1.8698840815532014,0.8760818618758908,1.234412908881838,,,,
AAPL,2025-11-28,278.85,20135600.0,50674810.0,0.397349294452214,0.0473239436619719,0.9024285169576489,-1.4217891444300421,2.3242176613876913,0.16294102927683718,0.9334428057296512,-0.0002510310202619159,-0.01825354133046453,-0.02115832885063662,0.0,True,True,1,False,0.9334428057296512,0.9024285169576489,-1.4217891444300421,,,,
AAPL,2025-12-19,273.67,144632000.0,43601180.0,3.317157930129414,-0.016566048584159665,-0.41272443976277556,5.27071347413566,5.683437913898436,0.0654027328999105,0.16673278599973337,0.0003288632294369265,-0.09507801366609425,-0.09029122665984579,0.0,True,True,-1,False,0.16673278599973337,-0.41272443976277556,5.27071347413566,,,,
AAPL,2026-01-20,246.7,80267500.0,44608310.0,1.7993844644641324,-0.05206532180595591,-1.181662145224166,1.7881605825743894,2.9698227277985554,-0.04546333913716383,-0.6357452726682055,0.04689906769355501,0.0715443858937983,0.06769355492501017,1.0,True,True,-1,False,-0.6357452726682055,-1.181662145224166,1.7881605825743894,,,,
AAPL,2026-01-30,259.48,92443400.0,48743375.0,1.896532605713084,0.04612159329140475,0.9300056897454277,2.0348835624417947,2.9648892521872225,-0.03556959672923243,-0.5499411433249849,0.07183597965161082,0.020194234623092333,0.043278865423153956,0.0,True,True,1,False,-0.5499411433249849,0.9300056897454277,2.0348835624417947,,,,
AAPL,2026-02-12,261.73,81077200.0,56883770.0,1.4253134066184432,-0.051393570367148755,-1.189540641204878,0.9308581171754677,2.120398758380346,-0.03920560919202676,-0.5686236089589625,0.010889084170710106,-0.044358690253314514,0.11825163336262556,0.0,True,True,-1,False,-0.5686236089589625,-1.189540641204878,0.9308581171754677,,,,
AAPL,2026-03-20,247.99,88331100.0,39180385.0,2.2544724866792403,-0.00851591236206617,-0.2797281202771769,2.857701104819447,3.137429225096624,-0.0848064361368418,-0.8895814585702674,0.0032662607363200813,0.10105246179281413,0.20666155893382787,1.0,True,True,-1,False,-0.8895814585702674,-0.2797281202771769,2.857701104819447,,,,
AAPL,2026-04-30,271.35,91848200.0,40784515.0,2.2520360975237783,-0.007607065793804546,-0.36794196727277767,3.2486052929320133,3.616547260204791,0.006939290485379335,-0.35860980522283226,0.05929611203243024,0.1500276395798783,0.2532891100055277,1.0,True,True,-1,False,-0.35860980522283226,-0.36794196727277767,3.2486052929320133,,,,
AAPL,2026-06-08,301.54,77949100.0,47811570.0,1.6303396855614656,-0.01557245927328521,-0.7325800241821567,1.5643602609389025,2.2969402851210594,0.1789959336878324,0.9436503784998322,-0.01697950520660607,0.039298268886383214,0.07766797108178003,0.0,True,True,-1,False,0.9436503784998322,-0.7325800241821567,1.5643602609389025,,,,
AAPL,2026-06-25,275.15,107013700.0,53476590.0,2.0011317101557897,-0.07028214225375917,-2.273491410313324,2.4931694919415626,4.766660902254887,0.11563881117463404,0.24665568837951254,0.12167908413592587,0.2103216427403234,0.23198255497001652,1.0,True,True,-1,False,0.24665568837951254,-2.273491410313324,2.4931694919415626,,,,
AAPL,2026-07-23,321.66,40840800.0,64953415.0,0.6287706350774628,-0.03480765768469052,-1.1816786883608272,-0.8420880711264169,2.023766759487244,0.20197302044019283,0.9830503450412402,0.03659143194677594,-0.03220792140769757,,0.0,True,True,-1,False,0.9830503450412402,-1.1816786883608272,-0.8420880711264169,,,,
AAPL,2026-07-31,308.91,132489100.0,50810395.0,2.607519583345101,-0.07239805417092049,-2.1937517520942866,3.438886388617039,5.632638140711325,0.08702230980364556,-0.17960034072593903,0.014308374607490792,0.0349292674241688,,0.0,True,True,-1,False,-0.17960034072593903,-2.1937517520942866,3.438886388617039,,,,
AAPL,2026-09-09,315.34,65640000.0,39189070.0,1.6749568183169439,-0.030111032510072966,-1.0128803504059951,1.4747615562712375,2.487641906677233,0.0831587263421838,-0.13124623152040865,0.05413204794824655,,,,True,True,-1,False,-0.13124623152040865,-1.0128803504059951,1.4747615562712375,,,,
AAPL,2026-09-18,336.13,86588200.0,41201805.0,2.1015632688907684,0.011617058416348192,0.11407832396989241,2.4052503416065876,2.51932866557648,0.14688822164596704,0.4980202426189933,,,,,True,True,1,False,0.4980202426189933,0.11407832396989241,2.4052503416065876,,,,
AMAT,2025-01-21,192.87,7959100.0,6335195.0,1.2563307048954295,0.12881891607163753,2.7261825293533,0.6149226412953686,3.3411051706486683,0.05393442622950828,,-0.10380048737491576,-0.09752683154456365,-0.2835070254575621,0.0,True,True,1,False,,2.7261825293533,0.6149226412953686,,,,
AMAT,2025-02-14,169.2,12452800.0,6686245.0,1.862450448644942,-0.06000000000000005,-1.055571204202729,2.14129267364184,3.196863877844569,0.001894836570345726,,-0.0037234042553191404,-0.08120567375886512,0.02263593380614659,0.0,True,True,-1,False,,-1.055571204202729,2.14129267364184,,,,
AMAT,2025-02-27,156.64,9543600.0,6569135.0,1.4527940132148296,-0.11005056530878932,-1.9724053143267093,1.0831373523079593,3.0555426666346683,-0.08568760214802718,,-0.03255873340143001,-0.05720122574055142,0.0055541368743616815,0.0,True,True,-1,False,,-1.9724053143267093,1.0831373523079593,,,,
AMAT,2025-03-18,153.51,4282300.0,7313495.0,0.5855340025528151,0.044356758963194576,1.0623065623050914,-1.1190449782369543,2.1813515405420456,-0.0988023952095809,,0.0008468503680540973,-0.05250472281936036,0.13999088007295946,0.0,True,True,1,False,,1.0623065623050914,-1.1190449782369543,,,,
AMAT,2025-04-03,135.51,11779600.0,6539045.0,1.8014251316514873,-0.08240790899241612,-1.394880504275449,2.0148933065493666,3.4097738108248157,-0.23647734956051392,-2.2412556959231305,0.02014611467788363,0.1445649767544832,0.35606228322633027,1.0,True,True,-1,False,-2.2412556959231305,-1.394880504275449,2.0148933065493666,,,,
AMAT,2025-04-24,150.17,7609200.0,9857830.0,0.7718940172431458,0.08669223532817139,1.7932774816411667,-0.6023958587929065,2.3956733404340733,-0.13121203355510558,-0.28006291000774863,-0.008057534793900145,0.06892188852633696,0.24618765399214215,1.0,True,True,1,False,-0.28006291000774863,1.7932774816411667,-0.6023958587929065,,,,
AMAT,2025-05-12,167.99,11724100.0,6356250.0,1.8444995083579154,0.0865403272750791,1.6665310594536238,1.8098434813286228,3.4763745407822464,-0.08834861887447765,0.28316649439931535,-0.012203107327817153,0.03440680992916256,0.09024346687302809,0.0,True,True,1,False,0.28316649439931535,1.6665310594536238,1.8098434813286228,,,,
AMAT,2025-05-30,156.75,15273600.0,7215950.0,2.1166443780791164,-0.023486169947670166,-0.31224542964447644,2.3170260368979094,2.6292714665423857,0.009206798866855603,1.2534999508520968,0.06373205741626808,0.16791068580542268,0.04950558213716105,1.0,True,True,-1,False,1.2534999508520968,-0.31224542964447644,2.3170260368979094,,,,
AMAT,2025-06-10,173.77,5711600.0,8133710.0,0.7022133811016129,0.07437863237294429,1.3651815717864988,-0.6960331613563981,2.061214733142897,0.11634331234742401,2.17019358803146,0.0018415146457961828,0.13960982908442188,-0.06341716061460556,1.0,True,True,1,False,2.17019358803146,1.3651815717864988,-0.6960331613563981,,,,
AMAT,2025-07-31,180.06,11375400.0,5926070.0,1.9195520808900333,-0.04284499255794172,-0.769740472159067,1.9725223667321983,2.742262838891265,0.16460772265700796,0.9233651196695282,0.017160946351216344,-0.08213928690436512,0.2704098633788736,0.0,True,True,-1,False,0.9233651196695282,-0.769740472159067,1.9725223667321983,,,,
AMAT,2025-08-14,188.24,10992400.0,5934995.0,1.852132984105294,0.027791427791427736,0.5129691346421228,1.8366329772391752,2.349602111881298,0.1343859226226347,0.7259547652350086,-0.15087122821929455,-0.10858478538036542,0.22221631959201016,0.0,True,True,1,False,0.7259547652350086,0.5129691346421228,1.8366329772391752,,,,
AMAT,2025-09-17,178.13,9588300.0,6907250.0,1.3881501321075682,0.09001346224452345,1.6231272426011463,0.7029374847716838,2.32606472737283,0.03588043731100243,0.20186773838915692,0.13085948464604513,0.2776062426317858,0.5163644529276372,1.0,True,True,1,False,0.20186773838915692,1.6231272426011463,0.7029374847716838,,,,
AMAT,2025-10-17,224.99,5272800.0,9948185.0,0.5300263314363374,0.07163610383424635,1.1240600469130466,-0.966091530255781,2.0901515771688275,0.19599192005103117,1.1133327734236806,0.0167118538601716,0.004533534823769836,0.341792968576381,0.0,True,True,1,False,1.1133327734236806,1.1240600469130466,-0.966091530255781,,,,
AMAT,2025-11-13,223.23,13465900.0,6733265.0,1.9999064346940154,-0.04410568235344503,-0.8434527900702026,1.8570730445062955,2.700525834576498,0.38686630218687856,2.011677666714844,-0.013439053890606067,0.16117905299466906,0.5225552121130672,1.0,True,True,-1,False,2.011677666714844,-0.8434527900702026,1.8570730445062955,,,,
AMAT,2025-11-28,252.25,2916300.0,8621830.0,0.33824605681160497,0.14539345229986833,2.3833466588443186,-1.3416207836404266,3.724967442484745,0.59409757330637,2.8617279741751642,0.062438057482656184,0.04281466798810718,0.48947472745292386,0.0,True,True,1,False,2.8617279741751642,2.3833466588443186,-1.3416207836404266,,,,
AMAT,2025-12-19,256.41,25749700.0,7038710.0,3.65829818247946,-0.010802052389953909,-0.3486363525590224,5.0936360573032005,5.442272409862223,0.28461923847695414,0.9570990975074204,0.02589602589602591,0.26843726843726845,0.3931203931203928,1.0,True,True,-1,False,0.9570990975074204,-0.3486363525590224,5.0936360573032005,,,,
AMAT,2026-01-05,284.32,10398700.0,6111735.0,1.7014317538309498,0.08560519282168766,1.2421373331603223,1.2505281706543074,2.4926655038146297,0.3071582915728013,1.0119595561231982,0.08061339335959494,0.12081457512661808,0.24437253798536873,1.0,True,True,1,False,1.0119595561231982,1.2421373331603223,1.2505281706543074,,,,
AMAT,2026-02-04,297.6,14719400.0,7868550.0,1.8706623202496013,-0.11625835189309575,-2.188862182172912,1.5521102508614277,3.74097243303434,0.27435447265875923,0.6562654411929943,0.14206989247311808,0.16441532258064506,0.30739247311827933,1.0,True,True,-1,False,0.6562654411929943,-2.188862182172912,1.5521102508614277,,,,
AMAT,2026-03-04,357.76,5980400.0,8681115.0,0.6888976819221955,-0.0941638182048361,-1.8704961210556368,-0.6180141564976392,2.488510277553276,0.32779097387173395,0.6699380133328002,-0.01869968694096602,-0.011068872987477607,0.2579941860465116,0.0,True,True,-1,False,0.6699380133328002,-1.8704961210556368,-0.6180141564976392,,,,
AMAT,2026-03-20,357.06,17587900.0,6656735.0,2.642121099908589,0.04547184727549558,0.43870466934077956,2.9993656828403252,3.438070352181105,0.37855681247828277,0.8222292446751176,-0.05570492354226175,0.09679045538564957,0.5914132078642245,1.0,True,True,1,False,0.8222292446751176,0.43870466934077956,2.9993656828403252,,,,
AMAT,2026-03-30,323.12,6568100.0,6872295.0,0.9557360386886767,-0.1068852096520081,-2.0353011736957605,-0.12624315317489954,2.16154432687066,0.25732518775049606,0.2464335766720768,0.09652760584303044,0.1794689279524635,1.0673434018321366,1.0,True,True,-1,False,0.2464335766720768,-2.0353011736957605,-0.12624315317489954,,,,
AMAT,2026-04-28,381.11,10396200.0,5470515.0,1.9004060860814749,-0.03352521999340652,-0.9234628716584065,1.7701760974556378,2.693638969114044,0.18239637627202776,-0.2891503216758485,0.07795649549998673,0.17616960982393537,0.40707407310225396,1.0,True,True,-1,False,-0.2891503216758485,-0.9234628716584065,1.7701760974556378,,,,
AMAT,2026-05-06,428.62,7241200.0,5813230.0,1.245641407616764,0.12031156067853321,1.6263088478048076,0.45931601460191207,2.0856248624067195,0.29660888767885774,0.27452365868012907,0.01864122066165841,0.17050067658998636,0.20901964444029675,1.0,True,True,1,False,0.27452365868012907,1.6263088478048076,0.45931601460191207,,,,
AMAT,2026-05-27,448.25,5047600.0,7852855.0,0.6427725967180089,0.10159494728564056,1.3154613581958434,-0.7465384389447621,2.0619997971406057,0.20439034875597817,-0.3372624449872759,0.1171667596207473,0.49023982152816514,0.0983156720580034,1.0,True,True,1,False,-0.3372624449872759,1.3154613581958434,-0.7465384389447621,,,,
AMAT,2026-06-11,552.64,12427700.0,8725655.0,1.4242713011229529,0.10153478174207686,1.2750486208014251,0.7948181328453396,2.0698667536467648,0.5679509731600749,1.784314708642539,0.11665822235089762,0.04116603937463803,-0.14448827446438905,0.0,True,True,1,False,1.784314708642539,1.2750486208014251,0.7948181328453396,,,,
AMAT,2026-07-17,529.66,10326500.0,12389385.0,0.8334957707747398,-0.12089626556016608,-2.026538633270219,-0.4105188921166051,2.437057525386824,0.3431897141987674,0.17020090720197736,0.01244194388853237,-0.042442321489257195,,0.0,True,True,-1,False,0.17020090720197736,-2.026538633270219,-0.4105188921166051,,,,
AMAT,2026-08-14,507.18,13132300.0,7579455.0,1.7326179784694282,-0.05927959342656819,-1.0916026984291616,1.4042726126470153,2.495875311076177,0.24641812685851905,-0.3417204963489291,-0.02929926258921889,-0.16359083560077292,,0.0,True,True,-1,False,-0.3417204963489291,-1.0916026984291616,1.4042726126470153,,,,
AMAT,2026-09-03,435.91,5999200.0,7276935.0,0.8244130255389116,-0.09629737125798155,-1.6004566914109368,-0.43522788737735607,2.0356845787882927,-0.12680034454438005,-2.257430796406674,0.04721158037209516,,,,True,True,-1,False,-2.257430796406674,-1.6004566914109368,-0.43522788737735607,,,,
AMAT,2026-09-15,421.17,5630600.0,6434180.0,0.8751076283224902,-0.10918166627889758,-1.746629138175032,-0.3188596813834342,2.065488819558466,-0.3175122749590834,-3.0785377446851303,0.12177980387966847,,,,True,True,-1,False,-3.0785377446851303,-1.746629138175032,-0.3188596813834342,,,,
AMD,2025-01-27,115.01,61067900.0,35523580.0,1.719080678242452,-0.05310390251934782,-0.7094251391055811,1.9377926200564333,2.6472177591620145,-0.28082791395697837,,-0.006434223111033921,-0.09607860186070782,-0.21406834188331447,0.0,True,True,-1,False,,-0.7094251391055811,1.9377926200564333,,,,
AMD,2025-02-04,119.5,69412100.0,38970915.0,1.7811257446739446,0.046684768327932114,1.2937328344848644,2.1132440951100837,3.406976929594948,-0.15643089086545248,,-0.07029288702928871,-0.14920502092050203,-0.1912133891213389,0.0,True,True,1,False,,1.2937328344848644,2.1132440951100837,,,,
AMD,2025-02-14,113.1,32477200.0,42370540.0,0.766504273960162,0.05150613611007793,1.424105989496431,-0.6719473036100534,2.0960532931064844,-0.16160118606375096,,-0.044120247568523396,-0.07524314765694073,-0.0056587091069849604,0.0,True,True,1,False,,1.424105989496431,-0.6719473036100534,,,,
AMD,2025-02-26,104.74,29178200.0,41394440.0,0.7048821049396972,-0.08675560205772082,-1.374870822119315,-0.7874677648865233,2.1623385870058383,-0.23947139122857974,,-0.02931067405002863,0.052033607026923834,0.05699828145885055,1.0,True,True,-1,False,,-1.374870822119315,-0.7874677648865233,,,,
AMD,2025-03-17,104.59,43689500.0,34750475.0,1.2572346133398176,0.08237607368312116,2.075364740689348,0.666689844019905,2.742054584709253,-0.17444155024074504,,0.0885361889281957,-0.09647193804379006,0.15823692513624632,0.0,True,True,1,False,,2.075364740689348,0.666689844019905,,,,
AMD,2025-04-24,94.47,33681900.0,46387480.0,0.7260989387653738,0.06999660210669378,1.3881928179701577,-0.7511687567342135,2.1393615747043713,-0.17254970657791013,0.9383092779591001,0.023076108817614127,0.1719064253202074,0.6377686037895629,1.0,True,True,1,False,0.9383092779591001,1.3881928179701577,-0.7511687567342135,,,,
AMD,2025-06-09,121.73,55437700.0,38887625.0,1.4255871887264908,0.06193841053825366,1.0127790809274466,1.0170592378433918,2.0298383187708384,0.24075017837121604,3.0791634082946295,0.03828144253676169,0.13702456255647744,0.32908896738683957,1.0,True,True,1,False,3.0791634082946295,1.0127790809274466,1.0170592378433918,,,,
AMD,2025-07-15,155.61,93370100.0,56390450.0,1.6557785937157798,0.12908141053548117,1.8823916991755076,1.4426181279233126,3.32500982709882,0.7624872579001019,3.442711676305601,-0.0057194267720585,0.12428507165349245,0.5137844611528821,1.0,True,True,1,False,3.442711676305601,1.8823916991755076,1.4426181279233126,,,,
AMD,2025-07-28,173.66,68267800.0,48910190.0,1.3957786710703843,0.10611464968152862,1.4880403655038332,0.8568027514149508,2.344843116918784,0.7838726245505907,2.632330712359415,0.017966140734769098,-0.05931129793850043,0.3706668202234251,0.0,True,True,1,False,2.632330712359415,1.4880403655038332,0.8568027514149508,,,,
AMD,2025-09-05,151.14,78256000.0,52824500.0,1.4814338043900084,-0.10345236682880543,-1.5219227944656273,1.0495793912568219,2.571502185722449,0.2263875365141188,0.44479482988976116,0.04915971946539632,0.08951965065502177,0.4540161439724759,1.0,True,True,-1,False,0.44479482988976116,-1.5219227944656273,1.0495793912568219,,,,
AMD,2025-09-18,157.92,84549500.0,42786665.0,1.976071282956968,0.014453651956060964,0.1826060669072183,2.2332038626295327,2.415809929536751,0.14079318066892998,0.1821335046576651,0.021213272543059825,0.48530901722391095,0.3347264437689972,1.0,True,True,1,False,0.1821335046576651,0.1826060669072183,2.2332038626295327,,,,
AMD,2025-10-06,203.71,248859600.0,43692810.0,5.69566480160008,0.26245661874070403,3.8260992724953726,11.06709450621377,14.893193778709144,0.39127168419614833,0.9059339236415964,0.06239261695547582,0.2746060576309457,0.05129841441264538,1.0,True,True,1,False,0.9059339236415964,3.8260992724953726,11.06709450621377,,,,
AMD,2025-10-29,264.33,49335600.0,81539005.0,0.6050552125329467,0.14811275680840907,1.6369624050294513,-0.8467266179086734,2.4836890229381248,0.5164362342952211,1.1946115572639568,-0.030265198804524607,-0.18949797601482987,-0.04653274316195655,0.0,True,True,1,False,1.1946115572639568,1.6369624050294513,-0.8467266179086734,,,,
AMD,2025-11-19,223.55,52093400.0,54919110.0,0.9485477823657376,-0.1365058519062149,-1.843750436046391,-0.17557216715722065,2.019322603203612,0.3416756691873726,0.6188746800310752,-0.04164616416908973,-0.10060389174681283,-0.10480876761350932,0.0,True,True,-1,False,0.6188746800310752,-1.843750436046391,-0.17557216715722065,,,,
AMD,2025-12-24,215.04,7956800.0,32680985.0,0.2434687938567335,0.08545757407500876,0.8493813453230106,-1.4589803135186927,2.3083616588417035,0.3291303541628037,0.5246263178060538,0.0392020089285714,0.1686662946428572,-0.044968377976190466,1.0,True,True,1,False,0.5246263178060538,0.8493813453230106,-1.4589803135186927,,,,
AMD,2026-01-13,220.97,56894900.0,27398540.0,2.07656685356227,0.030884068112899454,0.19984213554114058,2.020652034971509,2.2204941705126493,-0.057938267394270104,-0.7221758765716733,0.13047019957460293,-0.03344345386251524,0.10892881386613573,0.0,True,True,1,False,-0.7221758765716733,0.19984213554114058,2.020652034971509,,,,
AMD,2026-02-04,200.19,107173300.0,39033555.0,2.7456710002458142,-0.20792118382527502,-2.6450833913012484,3.1992292054476437,5.8443125967488925,-0.1578039545645772,-1.1111814320844273,0.06688645786502834,-0.0036964883360807166,0.8009890603926271,0.0,True,True,-1,False,-1.1111814320844273,-2.6450833913012484,3.1992292054476437,,,,
AMD,2026-02-24,213.84,81367000.0,39198820.0,2.075751259859353,0.05298404569627735,0.4197398179036375,1.9451550241183526,2.36489484202199,0.03740358026488133,-0.5010790282193099,-0.10704264870931546,-0.039609053497942415,1.0930602319491207,0.0,True,True,1,False,-0.5010790282193099,0.4197398179036375,1.9451550241183526,,,,
AMD,2026-04-16,278.26,64850800.0,33819235.0,1.9175714648779016,0.17587897227856653,1.8215783891446014,1.7417699259370536,3.563348315081655,0.19981027940669205,-0.0632387147573796,0.09728311650973898,0.6161144253575792,0.9698483432760727,1.0,True,True,1,False,-0.0632387147573796,1.8215783891446014,1.7417699259370536,,,,
AMD,2026-05-06,421.39,87732200.0,42183905.0,2.079755300036827,0.25000741597698073,2.5363838462823907,1.981664241865884,4.518048088148275,0.9508796296296296,2.7178761435059084,0.05721540615581766,0.24160516386245545,0.15009848359002342,1.0,True,True,1,False,2.7178761435059084,2.5363838462823907,1.981664241865884,,,,
AMD,2026-06-05,466.38,46900600.0,34183995.0,1.3720046472040497,-0.0963379190079442,-1.3925232307290714,0.6677051976441251,2.0602284283731964,1.276912561636479,2.3703178592523204,0.09689523564475322,0.10662978686907665,-0.014516059865345765,1.0,True,True,-1,False,2.3703178592523204,-1.3925232307290714,0.6677051976441251,,,,
AMD,2026-06-26,521.58,52705100.0,31028130.0,1.6986231526037825,-0.029383850977910853,-0.6382023608480806,1.4038656622379857,2.0420680230860664,1.5639286240967412,2.4149087426043994,0.05841865102189492,-0.051056405537022176,0.19592392346332277,0.0,True,True,-1,False,2.4149087426043994,-0.6382023608480806,1.4038656622379857,,,,
AMD,2026-07-28,454.62,36315500.0,27173340.0,1.3364385828168344,-0.164961519387249,-2.0067659157493756,0.6811369473264663,2.687902863075842,0.28246212869192355,-0.3499748963973266,0.14068892701596947,0.054023140205006426,,1.0,True,True,-1,False,-0.3499748963973266,-2.0067659157493756,0.6811369473264663,,,,
AMD,2026-08-21,473.25,14343900.0,27190425.0,0.5275349686516485,-0.0799782266373763,-1.080455318762227,-0.9257464531975704,2.0062017719597973,-0.04498123259474518,-0.920441889612926,-0.016207078711040657,0.3006233491811938,,1.0,True,True,-1,False,-0.920441889612926,-1.080455318762227,-0.9257464531975704,,,,
AMD,2026-09-18,559.82,31867300.0,18226435.0,1.7484110304620732,0.08464921628271949,0.5742317257234124,1.5654364771277185,2.139668202851131,0.07711548081733177,-0.6091771418308611,,,,,True,True,1,False,-0.6091771418308611,0.5742317257234124,1.5654364771277185,,,,
AMZN,2025-01-22,235.01,41448200.0,32076285.0,1.292175823977122,0.07921565025716393,1.811351023969698,0.5550560185306479,2.366407042500346,0.27231876996372684,,0.00876558444321529,-0.05161482490106806,-0.2655206161439938,0.0,True,True,1,False,,1.811351023969698,0.5550560185306479,,,,
AMZN,2025-02-07,229.15,77539300.0,34889745.0,2.2224094787737774,-0.03588858970043751,-1.3527028617181627,2.5455641216329234,3.8982669833510863,0.10073013738111247,,-0.00205105825878249,-0.15103643901374653,-0.19262491817586735,0.0,True,True,-1,False,,-1.3527028617181627,2.5455641216329234,,,,
AMZN,2025-02-21,216.58,55323900.0,36651825.0,1.5094446183784846,-0.05986022485566689,-1.8900873771037028,1.0124464172671501,2.9025337943708527,0.09174311926605516,,-0.01985409548434769,-0.0940530058177117,-0.04811155231323305,0.0,True,True,-1,False,,-1.8900873771037028,1.0124464172671501,,,,
AMZN,2025-03-25,205.71,31171200.0,47484035.0,0.6564564279341467,0.06684991183487199,1.6717983511269319,-0.9520372736188366,2.6238356247457686,-0.10189914865749838,-1.4532582002763728,-0.0658208157114385,-0.12206504302172971,0.019347625297749138,0.0,True,True,1,False,-1.4532582002763728,1.6717983511269319,-0.9520372736188366,,,,
AMZN,2025-05-12,208.64,75205000.0,47432320.0,1.585522276793545,0.11961363026562921,2.6296942772198384,1.1937495824163913,3.82344385963623,-0.0943265182098364,-0.5264897544060549,-0.011886503067484622,0.042992714723926406,0.06944976993865026,0.0,True,True,1,False,-0.5264897544060549,2.6296942772198384,1.1937495824163913,,,,
AMZN,2025-06-20,209.69,75350700.0,36193490.0,2.0818854440397985,-0.016647908459951233,-0.455152766502023,2.488846527570028,2.9439992940720514,0.019347625297749138,0.10891295885953366,0.06490533644904395,0.09351900424436077,0.11617149124898662,1.0,True,True,-1,False,0.10891295885953366,-0.455152766502023,2.488846527570028,,,,
AMZN,2025-07-31,234.11,104357300.0,35620115.0,2.9297294520245094,0.008095422641346994,0.055668815009276285,4.392386017105172,4.4480548321144475,0.25629192379930243,1.2720952129329903,-0.046901029430609587,-0.010721455725940854,-0.042287813421041376,0.0,True,True,1,False,1.2720952129329903,0.055668815009276285,4.392386017105172,,,,
AMZN,2025-08-18,231.49,25248900.0,48082190.0,0.5251195920984464,0.04604609127880699,0.9368650012506826,-1.1002313998974058,2.0370964011480885,0.15100437549721568,0.6355895522995831,-0.015335435655967955,0.011058793036416326,0.07607240053566011,0.0,True,True,1,False,0.6355895522995831,0.9368650012506826,-1.1002313998974058,,,,
AMZN,2025-09-04,235.68,59391800.0,34703585.0,1.7114024386817672,0.02863128491620115,0.5508373460926633,1.476918970432723,2.0277563165253865,0.0861830583463914,0.2246310935007195,-0.024312627291242395,-0.05630515953835713,-0.010437881873727073,0.0,True,True,1,False,0.2246310935007195,0.5508373460926633,1.476918970432723,,,,
AMZN,2025-09-19,231.48,97943200.0,35678665.0,2.745147555268674,0.0145956607495068,0.22758207219037538,3.7264313417020025,3.954013413892378,0.09193829897636663,0.2528624765922677,-0.05054432348367022,-0.07966130983238295,-0.03862104717470194,0.0,True,True,1,False,0.2528624765922677,0.22758207219037538,3.7264313417020025,,,,
AMZN,2025-10-30,222.86,102252900.0,44217465.0,2.3125002756263844,0.008005789497489646,0.07792517616541975,2.7899580567632247,2.8678832329286443,0.002474022761009387,-0.28307923456025696,0.09055012115229277,0.04648658350533963,0.09041550749349359,0.0,True,True,1,False,-0.28307923456025696,0.07792517616541975,2.7899580567632247,,,,
AMZN,2025-11-18,222.55,60608400.0,54153325.0,1.1191999752554438,-0.10658370132476913,-2.535063856717424,0.21870328159140193,2.753767138308826,-0.023646573659734993,-0.4850498917974857,0.031992810604358546,-0.005751516513143096,-0.09615816670411148,0.0,True,True,-1,False,-0.4850498917974857,-2.535063856717424,0.21870328159140193,,,,
AMZN,2025-12-19,227.35,85544400.0,40935230.0,2.0897500759126064,0.005128431849330095,0.10503387112104402,2.3230761160920887,2.4281099872131326,0.04217281686912666,0.011390412588042367,0.02076094127996475,0.01741807785352978,-0.08176819881240383,0.0,True,True,1,False,0.011390412588042367,0.10503387112104402,2.3230761160920887,,,,
AMZN,2026-01-09,247.38,34560000.0,38040745.0,0.9084995575139235,0.09218543046357608,2.0515545646626907,-0.252099164331685,2.3036537289943757,0.14321364203521414,0.8269666681809055,-0.03338992642897565,-0.15627779125232433,-0.10562697065243754,0.0,True,True,1,False,0.8269666681809055,2.0515545646626907,-0.252099164331685,,,,
AMZN,2026-02-05,222.69,103509200.0,41489175.0,2.4948483550227256,-0.07876556488644348,-1.8061167536302603,3.2045237918390694,5.01064054546933,-0.08886706763225727,-0.8855048198456383,-0.10368673941353457,-0.04257038933045931,0.22165341955184337,0.0,True,True,-1,False,-0.8855048198456383,-1.8061167536302603,3.2045237918390694,,,,
AMZN,2026-04-06,212.79,25385500.0,44093600.0,0.5757184716149283,0.06747265977726502,1.419426226092858,-0.8900357969365881,2.3094620230294463,-0.11910084451068059,-1.058660981089389,0.12735560881620378,0.2784905305700456,0.13586164763381747,1.0,True,True,1,False,-1.058660981089389,1.419426226092858,-0.8900357969365881,,,,
AMZN,2026-04-30,265.06,100974900.0,46376905.0,2.177266896098392,0.039124980398306475,0.684274373276025,2.4496378417259153,3.1339122150019403,0.11080378845025574,0.7561722835642829,0.023051384592167823,0.02105183731985205,-0.12902739002489994,0.0,True,True,1,False,0.7561722835642829,0.684274373276025,2.4496378417259153,,,,
AMZN,2026-06-03,250.02,51394200.0,39289795.0,1.3080801261498056,-0.08030163693213177,-1.9598788687292772,0.6054410432966925,2.5653199120259695,0.17110871703592667,0.9044643660159626,-0.04807615390768738,-0.029397648188145054,0.0656347492200624,0.0,True,True,-1,False,0.9044643660159626,-1.9598788687292772,0.6054410432966925,,,,
AMZN,2026-06-24,234.27,70282600.0,47355980.0,1.4841335772166473,-0.047682926829268224,-1.1232555907416213,0.9597889463289728,2.0830445370705943,0.1752282532356777,0.8886887885331957,0.031715541896102595,-0.002603833183933091,0.08298117556665385,0.0,True,True,-1,False,0.8886887885331957,-1.1232555907416213,0.9597889463289728,,,,
AMZN,2026-07-24,232.11,35017400.0,54630490.0,0.6409863795840015,-0.06115762650163803,-1.3788673166739684,-0.7293832226724866,2.108250539346455,-0.10623796688486709,-1.395630463233258,0.17004868381370897,0.11425617164275548,,1.0,True,True,-1,False,-1.395630463233258,-1.3788673166739684,-0.7293832226724866,,,,
ARM,2025-01-21,155.2,6807500.0,4446530.0,1.5309690927532256,0.13226818413949082,1.9031771667880968,1.198264490659967,3.101441657448064,0.017171319963297682,,-0.036920103092783485,-0.005412371134020488,-0.3492268041237113,0.0,True,True,1,False,,1.9031771667880968,1.198264490659967,,,,
ARM,2025-02-21,144.84,4917000.0,6867435.0,0.7159878469909071,-0.12127646666262215,-1.6585359013469139,-0.44394861923695805,2.102484520583872,0.08787742226228046,,-0.09078983706158528,-0.1779204639602321,-0.08830433581883457,0.0,True,True,-1,False,,-1.6585359013469139,-0.44394861923695805,,,,
ARM,2025-04-03,97.72,8088100.0,4379745.0,1.8467056872032503,-0.13114608340001777,-1.5268192350707357,1.273464978151642,2.800284213222378,-0.33708703615765556,-2.4365752929021505,0.028039295947605458,0.2614613180515759,0.5997748669668441,1.0,True,True,-1,False,-2.4365752929021505,-1.5268192350707357,1.273464978151642,,,,
ARM,2025-04-25,113.34,3908400.0,6010955.0,0.6502128197599216,0.1251861411694628,1.5347321302694008,-0.5610679997252018,2.0958001299946027,-0.23211382113821133,-0.9096609169663242,0.08761249338274202,0.12211046409034765,0.40532909828833596,1.0,True,True,1,False,-0.9096609169663242,1.5347321302694008,-0.5610679997252018,,,,
ARM,2025-05-07,124.19,8972600.0,5160735.0,1.7386283155403253,0.08890837352038572,1.0372733307772746,1.0825483585065467,2.119821689283821,-0.22786620243720468,-0.7805845675081524,0.07456316933730567,0.04315967469200421,0.1277075448908931,0.0,True,True,1,False,-0.7805845675081524,1.0372733307772746,1.0825483585065467,,,,
ARM,2025-05-16,135.96,4789900.0,5678070.0,0.8435788921235561,0.17409326424870475,1.9889722327388317,-0.2940648953756644,2.283037128114496,-0.09870732515744107,0.03376117393220968,-0.06457781700500143,0.04471903501029706,0.04148278905560443,0.0,True,True,1,False,0.03376117393220968,1.9889722327388317,-0.2940648953756644,,,,
ARM,2025-06-27,165.46,7495500.0,4391655.0,1.7067597523029472,0.14078874793160523,1.6038145364974403,1.0910537534205191,2.6948682899179595,0.546644232566835,3.168500834789576,-0.11229300132962661,-0.0065876949111568495,-0.14789072887707,0.0,True,True,1,False,3.168500834789576,1.6038145364974403,1.0910537534205191,,,,
ARM,2025-07-31,141.38,22624900.0,4461340.0,5.071323862337325,-0.11631976998562421,-1.4848112978304506,6.692622636161697,8.177433933992148,0.1593275932759326,0.48017494078582096,-0.04109492148818783,0.008275569387466541,0.2072428914980904,0.0,True,True,-1,False,0.48017494078582096,-1.4848112978304506,6.692622636161697,,,,
ARM,2025-09-10,154.14,11219700.0,3525040.0,3.1828574994893675,0.1728808400547861,2.0902793578551306,3.401160601491009,5.49143995934614,0.13714496495758,0.4079149112908577,-0.004995458673932696,0.08193849746983273,-0.08855585831062651,1.0,True,True,1,False,0.4079149112908577,2.0902793578551306,3.401160601491009,,,,
ARM,2025-10-08,166.77,9048800.0,5078040.0,1.7819473655189797,0.10899055725495432,1.2559487673359235,1.1609755155886299,2.4169242829245534,0.1336414927605194,0.43083840234030485,0.02338550098938641,-0.03945553756670872,-0.3037716615698267,0.0,True,True,1,False,0.43083840234030485,1.2559487673359235,1.1609755155886299,,,,
ARM,2025-11-13,140.31,6496000.0,4196245.0,1.5480506977071167,-0.11336492890995264,-1.433699593029896,0.837004013181628,2.270703606211524,0.06976212259835313,0.12465954204700284,-0.05544864941914329,-0.06713705366688061,-0.10711994868505448,0.0,True,True,-1,False,0.12465954204700284,-1.433699593029896,0.837004013181628,,,,
ARM,2025-12-15,124.37,6924800.0,3178690.0,2.178507498371971,-0.11024467019602224,-1.3718603544891725,1.8065885996426536,3.1784489541318264,-0.12973199916031064,-0.7544224498225706,-0.08908900860336089,-0.1558253598134599,-0.06930931896759673,0.0,True,True,-1,False,-0.7544224498225706,-1.3718603544891725,1.8065885996426536,,,,
ARM,2026-01-21,113.92,13666000.0,5420485.0,2.5211766105800497,0.05637982195845703,0.727408341082964,2.253238654957284,2.980646996040248,-0.3162064825930372,-1.3990649707484084,-0.0347612359550562,0.1142029494382022,0.463570926966292,1.0,True,True,1,False,-1.3990649707484084,0.727408341082964,2.253238654957284,,,,
ARM,2026-02-05,110.88,24625000.0,6972230.0,3.5318685700270933,0.022595222724338226,0.35086711495212036,4.341975297659419,4.692842412611539,-0.272345452159076,-1.0888005384934154,0.10200216450216448,0.031565656565656575,0.8331529581529582,0.0,True,True,1,False,-1.0888005384934154,0.35086711495212036,4.341975297659419,,,,
ARM,2026-03-20,132.35,12450800.0,3859870.0,3.225704492638353,0.14341252699784013,1.760692906971626,3.6527197509528446,5.413412657924471,0.16824079795215807,0.7502516346257001,0.08900642236494138,0.3230071779372876,1.9946354363430299,1.0,True,True,1,False,0.7502516346257001,1.760692906971626,3.6527197509528446,,,,
ARM,2026-04-17,166.73,5092600.0,8805960.0,0.5783128699199179,0.11951923722554203,1.429849811345151,-0.6723451216388421,2.102194932983993,0.463570926966292,1.7252370541767243,0.4083248365621066,0.254483296347388,0.6614286571102981,1.0,True,True,1,False,1.7252370541767243,1.429849811345151,-0.6723451216388421,,,,
ARM,2026-05-20,256.73,18297600.0,11900680.0,1.5375255867731927,0.16057140273947845,1.7846383583373966,0.6802103328530115,2.464848691190408,1.0035117839862653,2.780550980154317,0.3059245121333696,0.7117594359833286,0.05725859852763593,1.0,True,True,1,False,2.780550980154317,1.7846383583373966,0.6802103328530115,,,,
ARM,2026-07-08,300.24,6128700.0,10663390.0,0.5747421786129927,-0.1532278534562992,-1.521191757073072,-0.6915026972222278,2.2126944542953,1.0159806620559992,1.135064591406718,-0.07737143618438591,-0.08546496136424198,,0.0,True,True,-1,False,1.135064591406718,-1.521191757073072,-0.6915026972222278,,,,
ARM,2026-07-29,224.89,9419100.0,5772455.0,1.6317320793319308,-0.2064573041637262,-1.89662715035151,0.8186393826190477,2.7152665329705576,0.06492092054171783,-0.3915175613905546,0.22095246564987336,0.11636800213437692,,1.0,True,True,-1,False,-0.3915175613905546,-1.89662715035151,0.8186393826190477,,,,
ARM,2026-09-21,322.9,13009900.0,4073810.0,3.1935460907602464,0.3509894983473494,2.7972277943056403,3.3912491924394437,6.1884769867450835,-0.07135256391820777,-0.548359706380386,,,,,True,True,1,False,-0.548359706380386,2.7972277943056403,3.3912491924394437,,,,
ASML,2025-01-27,690.15,4947800.0,1419995.0,3.4843784661213597,-0.0875014874459562,-1.6035736954810371,7.33581059260853,8.939384288089567,-0.026105976151837962,,0.05927696877490396,0.058016373252191666,-0.046613055132942005,1.0,True,True,-1,False,,-1.6035736954810371,7.33581059260853,,,,
ASML,2025-02-27,697.7,2342800.0,1697310.0,1.3803017716268684,-0.0610827759759921,-1.1304704214306152,0.9371706074145277,2.067641028845143,0.04059778069442799,,0.024566432564139262,-0.010133295112512597,0.049863838325928,0.0,True,True,-1,False,,-1.1304704214306152,0.9371706074145277,,,,
ASML,2025-03-18,731.11,1007300.0,1644190.0,0.6126420912424964,0.05925732748004231,1.3372320611625794,-0.7080865336321657,2.045318594794745,-0.005549585821352343,,-0.005977212731326342,-0.06558520605654417,0.07536485617759303,0.0,True,True,1,False,,1.3372320611625794,-0.7080865336321657,,,,
ASML,2025-03-31,662.63,1685000.0,1500170.0,1.1232060366491798,-0.08959386678390857,-1.7375739824159904,0.42228448103587984,2.15985846345187,-0.043934322156172545,-0.554425536698614,-0.07061255904501751,0.005251799646861732,0.20442781039192326,0.0,True,True,-1,False,-0.554425536698614,-1.7375739824159904,0.42228448103587984,,,,
ASML,2025-04-25,677.27,1280900.0,2283200.0,0.561010861948143,0.057969882529367744,1.2262991270646693,-0.845268631142269,2.071567758206938,-0.04964568862695573,-0.313706995240166,0.019283299127379028,0.08153321422770832,0.058558625068288794,1.0,True,True,1,False,-0.313706995240166,1.2262991270646693,-0.845268631142269,,,,
ASML,2025-05-12,750.2,2571500.0,1490250.0,1.7255494044623385,0.09781081713884343,1.9343070745516,1.5232760908850316,3.4575831654366316,-0.0344792082266181,-0.09961135925848362,-0.0014262863236470524,0.04634764062916563,-0.049426819514796105,0.0,True,True,1,False,-0.09961135925848362,1.9343070745516,1.5232760908850316,,,,
ASML,2025-06-20,756.53,2303900.0,1339015.0,1.720593122556506,-0.03775072817695024,-0.7087799696588739,1.5743278049260978,2.2831077745849715,0.040991276109750396,0.5753013547533059,0.05210632757458411,-0.0487092382324561,0.16111720619142655,0.0,True,True,-1,False,0.5753013547533059,-0.7087799696588739,1.5743278049260978,,,,
ASML,2025-07-16,754.45,10789600.0,1432825.0,7.530298536108736,-0.056737056624532656,-1.1278717574463466,14.159415879016104,15.28728763646245,0.1785334916270933,1.4336617044877393,-0.04973159255086501,0.0014845251507720203,0.2996752601232684,0.0,True,True,-1,False,1.4336617044877393,-1.1278717574463466,14.159415879016104,,,,
ASML,2025-08-12,741.79,1461800.0,2563195.0,0.5703038590509111,0.0756347606687644,1.5182224825575055,-0.6589694798278277,2.1771919623853333,-0.02184978110659852,-0.3825058175961552,0.0024535245824290897,0.06922444357567503,0.40706938621442723,1.0,True,True,1,False,-0.3825058175961552,1.5182224825575055,-0.6589694798278277,,,,
ASML,2025-09-09,805.13,1324100.0,1339400.0,0.9885769747648201,0.109223668802094,2.16559276470533,-0.0008763918642435653,2.1664691565695735,0.024064817288001805,0.05649258543621302,0.09102877796132303,0.24489212922136794,0.4170630829803883,1.0,True,True,1,False,0.05649258543621302,2.16559276470533,-0.0008763918642435653,,,,
ASML,2025-10-10,936.19,2933900.0,1694555.0,1.7313690024814774,-0.09303249307318207,-1.8016642756467178,1.1884702171149921,2.99013449276171,0.25678269858103686,1.9260822968019438,0.09942426216900402,0.08627522191008241,0.3122015830119953,1.0,True,True,-1,False,1.9260822968019438,-1.8016642756467178,1.1884702171149921,,,,
ASML,2025-11-21,966.57,2481800.0,1313925.0,1.8888444926460795,-0.040129893344455714,-0.994591259641759,1.4447222982835422,2.439313557925301,0.26603882325203676,1.0850456371214172,0.12561945849757383,0.09353693990088652,0.5204175589972788,1.0,True,True,-1,False,1.0850456371214172,-0.994591259641759,1.4447222982835422,,,,
ASML,2025-12-17,1015.43,2140900.0,1470505.0,1.455894403623245,-0.09281528070614298,-1.9841850525806835,0.7065779868983504,2.690763039479034,0.053886311506886164,-0.27293241784142697,0.04932885575568968,0.3379258048314506,0.3680509734792159,1.0,True,True,-1,False,-0.27293241784142697,-1.9841850525806835,0.7065779868983504,,,,
ASML,2026-01-27,1454.59,3473900.0,1797780.0,1.9323276485443157,0.09691796059031565,1.5002628301815366,1.4664075551959235,2.9666703853774603,0.35836352769788204,1.3804637966848778,-0.040361888917151756,0.04944348579324753,-0.02529235042176836,0.0,True,True,1,False,1.3804637966848778,1.5002628301815366,1.4664075551959235,,,,
ASML,2026-02-05,1350.16,1790200.0,2302705.0,0.7774334966919341,-0.07215701366172789,-1.5802942779815852,-0.4241138270331872,2.004408105014772,0.3276431718061674,1.126874098008267,0.042002429341707614,-0.042483853765479695,0.026700539195354533,0.0,True,True,-1,False,1.126874098008267,-1.5802942779815852,-0.4241138270331872,,,,
ASML,2026-03-03,1360.94,2012500.0,1513610.0,1.3296027378254636,-0.09137401522232602,-1.9586163235288245,0.49502853274739334,2.4536448562762176,0.19284437120919962,0.19431748137541177,0.016503299190265608,-0.02947227651476192,0.1798977177539054,0.0,True,True,-1,False,0.19431748137541177,-1.9586163235288245,0.49502853274739334,,,,
ASML,2026-03-30,1253.96,2144500.0,1662825.0,1.2896726955632734,-0.08444678085892432,-1.7872825056587764,0.40776287502251185,2.195045380681288,0.17207858972201984,-0.02702374426524714,0.04185938945420897,0.10415005263325772,0.468292449519921,1.0,True,True,-1,False,-0.02702374426524714,-1.7872825056587764,0.40776287502251185,,,,
ASML,2026-04-10,1478.28,1519600.0,1705765.0,0.8908612851125448,0.12226414521381979,1.9620265297853445,-0.21938709135841,2.1814136211437547,0.16385337280342616,-0.1194022130073851,-0.012501014692751,0.0769407690018129,0.19642422274535276,1.0,True,True,1,False,-0.1194022130073851,1.9620265297853445,-0.21938709135841,,,,
ASML,2026-05-06,1544.74,2312400.0,1815445.0,1.2737372930603792,0.10807127281074269,1.7001811862940857,0.4142623924604633,2.114443578754549,0.08062315930856467,-0.7216145955682152,0.02384867356318865,0.13771249530665353,0.06329867809469558,1.0,True,True,1,False,-0.7216145955682152,1.7001811862940857,0.4142623924604633,,,,
ASML,2026-06-11,1899.48,2965600.0,1747835.0,1.696727665941007,0.08080365525442823,1.1349407774572189,1.1281686174306513,2.26310939488787,0.36735869158340284,1.060401474308447,0.015899088171499542,-0.0913092004127446,-0.07087729273274801,0.0,True,True,1,False,1.060401474308447,1.1349407774572189,1.1281686174306513,,,,
ASML,2026-06-26,1794.62,2840000.0,2099930.0,1.3524260332487272,-0.06999087931677805,-1.5773611223045303,0.5353174403037395,2.11267856260827,0.35870626802843675,0.9207851860131595,0.016967380281062372,-0.07765432236350867,-0.027866623574907212,0.0,True,True,-1,False,0.9207851860131595,-1.5773611223045303,0.5353174403037395,,,,
ASML,2026-07-27,1655.26,3325500.0,2013715.0,1.6514253506578638,-0.04816505848121355,-1.2304453520705607,1.5841070111389608,2.8145523632095215,0.18734936302077365,-0.2376872607799814,-0.007696676050892304,0.05127291180841698,,1.0,True,True,-1,False,-0.2376872607799814,-1.2304453520705607,1.5841070111389608,,,,
ASML,2026-08-20,1750.31,825400.0,1589560.0,0.519263192329953,-0.05281129931273343,-1.254685206769532,-1.2176707797716753,2.4723559865412073,0.07247415795052792,-1.1193259785824483,-0.008741308682461923,-0.04021573321297367,,0.0,True,True,-1,False,-1.1193259785824483,-1.254685206769532,-1.2176707797716753,,,,
ASML,2026-09-14,1575.15,1970800.0,1117120.0,1.7641793182469208,-0.08148091994775142,-1.6941627379121946,1.860309791324223,3.554472529236418,-0.15669520245418467,-2.6593802889466973,0.08644890962765439,,,,True,True,-1,False,-2.6593802889466973,-1.6941627379121946,1.860309791324223,,,,
AVGO,2025-01-27,202.13,90569400.0,25338705.0,3.5743499914458927,-0.14871125336927227,-1.947514330265852,3.0331925278737244,4.980706858139577,0.17503778630391809,,0.07717805372779885,0.0020283975659229903,-0.1247711868599416,0.0,True,True,-1,False,,-1.947514330265852,3.0331925278737244,,,,
AVGO,2025-03-06,179.45,56864100.0,25424135.0,2.2366188662859128,-0.09277047522750259,-1.1158206991320536,1.5068379299465486,2.622658629078602,0.0526778905379246,,0.06636946224575113,-0.14176650877681807,0.3859570911117305,0.0,True,True,-1,False,,-1.1158206991320536,1.5068379299465486,,,,
AVGO,2025-04-04,146.29,72302200.0,33921670.0,2.131445769032008,-0.13499290444654688,-1.5663868115054564,1.441498905105457,3.0078857166109136,-0.3601731980405878,-2.3535238664661535,0.24369403240139453,0.3720691776608107,0.844965479526967,1.0,True,True,-1,False,-2.3535238664661535,-1.5663868115054564,1.441498905105457,,,,
AVGO,2025-04-25,192.31,21242300.0,36709615.0,0.5786576623045488,0.12468565413182042,1.3475416067089392,-0.7306514222517985,2.0781930289607375,-0.0680397383086988,-0.6487231016098131,0.058915293016483794,0.18932972804326353,0.4751702979564245,1.0,True,True,1,False,-0.6487231016098131,1.3475416067089392,-0.7306514222517985,,,,
AVGO,2025-05-13,232.42,28790500.0,20980620.0,1.3722425743376507,0.16157729021940126,1.7043397286903574,0.4613926025235768,2.1657323312139343,-0.0026604874699622805,-0.30329534757900867,-0.0031838912313914003,0.08815936666379831,0.31215041734790483,1.0,True,True,1,False,-0.30329534757900867,1.7043397286903574,0.4613926025235768,,,,
AVGO,2025-06-05,259.93,41970900.0,20486165.0,2.0487436277116777,0.07422407736496273,0.6843547013913348,1.5062040265934502,2.190558727984785,0.3674049134620443,1.1651112623697986,-0.01485015196399031,0.05482245219866888,0.14738583464778987,1.0,True,True,1,False,1.1651112623697986,0.6843547013913348,1.5062040265934502,,,,
AVGO,2025-09-05,334.89,78401600.0,18450365.0,4.249325148852069,0.08501538959987043,0.9151390774069709,5.516024591836539,6.431163669243509,0.3689653762825491,0.5954975269868719,0.07459165696198755,0.010391471826570076,0.15285616172474548,0.0,True,True,1,False,0.5954975269868719,0.9151390774069709,5.516024591836539,,,,
AVGO,2025-10-13,356.7,45984300.0,23173720.0,1.9843296630838725,0.06322096038630054,0.6169286923385965,1.5554974401123012,2.1724261324508976,0.25891155502223495,0.15770505097739526,-0.020913933277263763,0.004737874964956479,-0.06790019624334165,0.0,True,True,1,False,0.15770505097739526,0.6169286923385965,1.5554974401123012,,,,
AVGO,2025-11-24,377.96,47262400.0,20790705.0,2.2732466263169044,0.10304975922953452,1.1053940763127144,2.0481541615311145,3.153548237843829,0.2709237028817377,0.23296498303064755,0.009551275267223991,-0.0757752143083924,-0.12599216848343742,0.0,True,True,1,False,0.23296498303064755,1.1053940763127144,2.0481541615311145,,,,
AVGO,2025-12-12,359.93,95588500.0,26053095.0,3.668988271834882,-0.07767015170151703,-1.2343213741971637,4.352863572006263,5.587184946203426,0.04221803966990012,-0.7238529649939209,-0.05437168338288001,-0.014780651793404265,-0.06656849943044474,0.0,True,True,-1,False,-0.7238529649939209,-1.2343213741971637,4.352863572006263,,,,
AVGO,2026-02-04,308.05,43330300.0,25622470.0,1.691105502318863,-0.07559116552634737,-1.2634042605114555,1.270896072567873,2.5343003330793286,-0.1336932984617114,-1.245568045706235,0.11267651355299457,0.0802467131959097,0.36757019964291504,1.0,True,True,-1,False,-1.245568045706235,-1.2634042605114555,1.270896072567873,,,,
AVGO,2026-03-05,332.77,57076600.0,24680750.0,2.312595848991623,0.034410941871308554,0.3375374279770543,2.440068793366153,2.7776062213432073,-0.14726834768347685,-1.1441816228222488,0.009616251464976022,-0.05475253177870598,0.3822459957327886,0.0,True,True,1,False,-1.1441816228222488,0.3375374279770543,2.440068793366153,,,,
AVGO,2026-04-07,333.97,33310900.0,26115170.0,1.2755383173841104,0.13823659725299065,1.937282094088452,0.5070851059786784,2.4443672000671306,0.0044814725697785995,-0.5738811670810707,0.14016229002604996,0.27963589543971,0.07928855885259134,1.0,True,True,1,False,-0.5738811670810707,1.937282094088452,0.5070851059786784,,,,
AVGO,2026-05-29,446.77,41798400.0,18569050.0,2.250971374410646,0.07767083966519528,1.0538870025932157,2.4774672893189957,3.531354291912211,0.4070166598431646,0.9980183484422992,-0.13662510911654757,-0.16634957584439425,-0.20151308279427893,0.0,True,True,1,False,0.9980183484422992,1.0538870025932157,2.4774672893189957,,,,
AVGO,2026-06-26,365.02,34839300.0,37388715.0,0.9318132489977257,-0.11262914792755574,-1.8559048335576585,-0.2054147275405461,2.0613195610982045,0.17934800168007503,-0.014161151050755397,0.024327434113199375,0.049860281628403946,-0.0013149964385511526,0.0,True,True,-1,False,-0.014161151050755397,-1.8559048335576585,-0.2054147275405461,,,,
AVGO,2026-07-10,399.97,14595900.0,30465630.0,0.47909398230071065,0.10964072686919146,1.5135917724277412,-1.066802593936607,2.5803943663643483,0.050396554440884644,-0.5900679660296477,-0.07285546415981214,0.06948021101582613,,1.0,True,True,1,False,-0.5900679660296477,1.5135917724277412,-1.066802593936607,,,,
AVGO,2026-08-04,418.16,29564200.0,20227705.0,1.461569663983136,0.09779212937439286,1.3399562053636394,0.8143031594666722,2.1542593648303114,0.013573783207291079,-0.6485104191521193,-0.004974172565525237,-0.11593648364262488,,0.0,True,True,1,False,-0.6485104191521193,1.3399562053636394,0.8143031594666722,,,,
AVGO,2026-08-14,392.99,29513600.0,17791290.0,1.658879148167446,-0.08128389751262388,-1.3127279887683327,1.1893881082536812,2.502116097022014,-0.043982776656044,-0.9471247527446444,-0.06244433700603069,-0.12282755286394054,,0.0,True,True,-1,False,-0.9471247527446444,-1.3127279887683327,1.1893881082536812,,,,
AVGO,2026-09-02,367.24,38874600.0,19132340.0,2.031879006958898,0.03276245113754617,0.37611946982112476,1.8801108432663858,2.2562303130875105,-0.07402924861321236,-0.9756810032356849,-0.017454525650800634,,,,True,True,1,False,-0.9756810032356849,0.37611946982112476,1.8801108432663858,,,,
BABA,2025-01-21,85.38,17099500.0,12145830.0,1.4078494429775488,0.0600943630494164,1.3687995739523529,1.308585352956869,2.677384926909222,-0.15010949631694204,,0.12473647224174278,0.473295853829937,0.2502928086202858,1.0,True,True,1,False,,1.3687995739523529,1.308585352956869,,,,
BABA,2025-03-24,134.48,14019000.0,29399305.0,0.4768480071212568,-0.08870366605678659,-1.4699460266833932,-0.8108232055446172,2.2807692322280104,0.579516091143998,1.1494238148084865,-0.016731112433075568,-0.1383105294467578,-0.15608268887566923,0.0,True,True,-1,False,1.1494238148084865,-1.4699460266833932,-0.8108232055446172,,,,
BABA,2025-04-04,116.54,57154500.0,20928800.0,2.730901915064409,-0.1199879181454353,-1.872087637822867,2.4268452141744663,4.298932851997334,0.37949810606060597,0.45238287046682507,-0.07559636176420115,0.08606487043075317,-0.05002574223442602,1.0,True,True,-1,False,0.45238287046682507,-1.872087637822867,2.4268452141744663,,,,
BABA,2025-04-24,119.29,13696000.0,30570920.0,0.4480074528342621,0.11747072599531627,1.4043577409603458,-0.8543063265003837,2.2586640674607295,0.24221597417473717,0.03589456317317867,0.010394836113672534,0.01835862184592174,0.011903763936624845,0.0,True,True,1,False,0.03589456317317867,1.4043577409603458,-0.8543063265003837,,,,
BABA,2025-05-15,123.9,35442800.0,15164060.0,2.337289617688139,-0.015025041736227096,-0.3340056213328165,1.8197375170345664,2.153743138367383,-0.015025041736227096,-0.770733468406159,-0.019531880548829705,-0.08902340597255853,-0.011945117029862784,0.0,True,True,-1,False,-0.770733468406159,-0.3340056213328165,1.8197375170345664,,,,
BABA,2025-07-09,103.83,24609300.0,11894625.0,2.0689429048835084,-0.08897078178468021,-1.2908010837211514,1.6011953427476222,2.891996426468774,-0.003359569975043275,-0.4465256566402887,0.11461042088028517,0.1640181065202735,0.8235577386111914,1.0,True,True,-1,False,-0.4465256566402887,-1.2908010837211514,1.6011953427476222,,,,
BABA,2025-08-29,135.0,82165100.0,11111750.0,7.3944338200553466,0.0980966325036603,1.328270794051358,10.169872325498295,11.498143119549653,0.1301799916282964,0.0996352824043871,0.045925925925925926,0.33259259259259255,0.19059259259259242,1.0,True,True,1,False,0.0996352824043871,1.328270794051358,10.169872325498295,,,,
BABA,2025-09-11,155.44,50089200.0,19973965.0,2.507724430277113,0.18728994805988397,2.5630962489581885,1.9065454798762465,4.469641728834435,0.34046222835460505,0.8709820525265694,0.0452907874420998,0.11734431291816794,0.018528049408131686,1.0,True,True,1,False,0.8709820525265694,2.5630962489581885,1.9065454798762465,,,,
BABA,2025-10-10,159.01,50296800.0,21086580.0,2.3852516624317457,-0.15433707387119078,-2.40531707212569,1.8056566562902006,4.21097372841589,0.35558397271952247,0.7006471161965891,0.050562857681906825,0.04609772970253445,-0.0771020690522608,0.0,True,True,-1,False,0.7006471161965891,-2.40531707212569,1.8056566562902006,,,,
BABA,2025-11-05,164.82,8631400.0,16554175.0,0.5214032109724586,-0.08418069678279716,-1.3915471272749378,-0.7171794607079915,2.1087265879829293,0.34634863584381637,0.5992581161530975,-0.04192452372284916,-0.04477611940298509,-0.007098653076082928,0.0,True,True,-1,False,0.5992581161530975,-1.3915471272749378,-0.7171794607079915,,,,
BABA,2025-11-14,153.8,33991000.0,12878820.0,2.639294593759366,-0.07538776000961878,-1.2600530232236,2.1762607862127745,3.4363138094363745,0.3023964772631045,0.4343113466991146,-0.005656697009102762,-0.02412223667100133,0.03205461638491536,0.0,True,True,-1,False,0.4343113466991146,-1.2600530232236,2.1762607862127745,,,,
BABA,2026-01-08,154.47,20981700.0,8793480.0,2.3860519384816934,0.05382726156365125,0.5730657103733512,1.7909434468541021,2.3640091572274535,-0.07397638031293086,-0.9117028251600594,0.10655790768434015,0.05204894154204687,-0.22496277594354896,1.0,True,True,1,False,-0.9117028251600594,0.5730657103733512,1.7909434468541021,,,,
BABA,2026-03-03,135.59,18476800.0,9011270.0,2.0504102085499603,-0.11442753575860498,-1.880186630950964,1.5887935030913685,3.4689801340423325,-0.1422697368421053,-1.139529722178483,0.009292720702116508,-0.07471052437495396,-0.0695479017626669,0.0,True,True,-1,False,-1.139529722178483,-1.880186630950964,1.5887935030913685,,,,
BABA,2026-03-19,124.9,33440500.0,10477750.0,3.1915726181670685,-0.06929955290611012,-1.0977422798272984,3.21510048441924,4.312842764246538,-0.16616596568529263,-1.162531848769807,0.004083266613290615,0.12898318654923924,-0.09887910328262617,1.0,True,True,-1,False,-1.162531848769807,-1.0977422798272984,3.21510048441924,,,,
BABA,2026-04-16,138.59,17122200.0,11705045.0,1.4628051408602016,0.08544799498746869,1.3963481116512195,0.7262767518577259,2.1226248635089453,-0.14656074881458203,-0.9231125252690553,-0.04971498665127361,0.01825528537412513,-0.1895519157226352,0.0,True,True,1,False,-0.9231125252690553,1.3963481116512195,0.7262767518577259,,,,
BABA,2026-05-06,141.44,16958900.0,9454550.0,1.7937289453226224,0.08441309514682205,1.4230860456416348,1.2171802653818917,2.6402663110235265,-0.13226993865030678,-0.7431789296082695,0.03089649321266963,-0.10951640271493213,-0.09997171945701355,0.0,True,True,1,False,-0.7431789296082695,1.4230860456416348,1.2171802653818917,,,,
BABA,2026-06-11,112.69,16403600.0,12694590.0,1.2921724923766738,-0.10527987296546248,-1.8536380449185164,0.39046894568984225,2.2441069906083584,-0.17485538551658486,-0.908837967846391,-0.04960511136746826,-0.003017126630579514,-0.0002662170556393395,0.0,True,True,-1,False,-0.908837967846391,-1.8536380449185164,0.39046894568984225,,,,
BABA,2026-06-24,99.8,15334300.0,11241855.0,1.3640364512796153,-0.1006578354510228,-1.7178941463111603,0.4930640973854031,2.2109582436965636,-0.18656777243459122,-0.9610502342867331,-0.018136272545090204,0.14288577154308624,0.13466933867735476,1.0,True,True,-1,False,-0.9610502342867331,-1.7178941463111603,0.4930640973854031,,,,
BABA,2026-07-08,108.98,38869300.0,13168585.0,2.95166868725835,0.1354448843509064,2.2625320902804686,2.8385957978663976,5.101127888146866,-0.1441137202544569,-0.7462279854065066,0.07992292163699766,0.1793907138924573,,1.0,True,True,1,False,-0.7462279854065066,2.2625320902804686,2.8385957978663976,,,,
BABA,2026-07-31,122.25,17030500.0,11915265.0,1.4293009849130507,0.09015516318887107,1.4406938410189152,0.6015572482704528,2.042251089289368,-0.07568425827914704,-0.4112745658806354,0.050388548057259674,-0.02740286298568506,,0.0,True,True,1,False,-0.4112745658806354,1.4406938410189152,0.6015572482704528,,,,
BABA,2026-08-20,130.53,28101600.0,9480830.0,2.9640442872617694,0.068516699410609,1.0348121071235132,2.8645861387298175,3.8993982458533307,0.008187224839731222,-0.059064418700149474,-0.1089404734543783,-0.1324599708879185,,0.0,True,True,1,False,-0.059064418700149474,1.0348121071235132,2.8645861387298175,,,,
BABA,2026-09-22,116.31,14786000.0,10033120.0,1.4737190425311368,0.06374611304188771,1.1786409818418309,0.8773586698344512,2.055999651676282,0.2267693281299441,0.9703084258060206,,,,,True,True,1,False,0.9703084258060206,1.1786409818418309,0.8773586698344512,,,,
BB,2025-02-05,5.08,29765000.0,20675790.0,1.439606418908298,0.17050691244239635,1.5640767100811521,0.5750119025125592,2.1390886125937114,1.2183406113537116,,0.14566929133858264,-0.13188976377952755,-0.31299212598425197,0.0,True,True,1,False,,1.5640767100811521,0.5750119025125592,,,,
BB,2025-02-21,5.24,33694000.0,26420400.0,1.2753024178286476,-0.11336717428087983,-1.7930791488872444,0.2319840203254291,2.0250631692126735,1.2586206896551726,,-0.10114503816793896,-0.17366412213740456,-0.2538167938931297,0.0,True,True,-1,False,,-1.7930791488872444,0.2319840203254291,,,,
BB,2025-03-27,3.96,13249800.0,21621385.0,0.6128099564389607,-0.10407239819004521,-1.3736505923130131,-0.8676961274148441,2.2413467197278574,0.012787723785166127,-2.088365755740105,-0.20707070707070707,-0.14646464646464652,0.09343434343434343,0.0,True,True,-1,False,-2.088365755740105,-1.3736505923130131,-0.8676961274148441,,,,
BB,2025-05-09,3.81,51114400.0,12474820.0,4.09740581427227,0.09169054441260749,0.7394933103004389,5.850634591568237,6.5901279018686765,-0.34536082474226804,-1.484082639554777,0.034120734908136496,0.10498687664041984,-0.026246719160105014,1.0,True,True,1,False,-1.484082639554777,0.7394933103004389,5.850634591568237,,,,
BB,2025-06-25,4.87,64700200.0,13347095.0,4.847511761922726,0.13255813953488382,1.2232869052015294,6.864744807673098,8.088031712874628,0.24234693877551017,-0.1250525794027912,-0.1314168377823408,-0.18685831622176596,-0.13552361396303902,0.0,True,True,1,False,-0.1250525794027912,1.2232869052015294,6.864744807673098,,,,
BB,2025-07-08,4.21,8825800.0,19660825.0,0.4489028308832412,-0.08078602620087338,-1.078230050493682,-1.0271767671566994,2.1054068176503815,0.27963525835866254,-0.062055092135251726,-0.03325415676959609,-0.1116389548693586,0.13776722090261284,0.0,True,True,-1,False,-0.062055092135251726,-1.078230050493682,-1.0271767671566994,,,,
BB,2025-09-18,4.2,13610700.0,6229085.0,2.185023964193778,0.0852713178294573,0.8553189827826865,1.9868095733550033,2.84212855613769,-0.03002309468822173,-0.5707596765121487,0.1071428571428572,0.07619047619047614,0.01904761904761898,1.0,True,True,1,False,-0.5707596765121487,0.8553189827826865,1.9868095733550033,,,,
BB,2025-12-17,4.26,14692900.0,6691430.0,2.19577877972272,-0.0273972602739726,-0.4688715285774206,1.9611142930453809,2.4299858216228016,-0.0023419203747072626,-0.5252326852851565,-0.06338028169014076,-0.08920187793427226,-0.2183098591549295,0.0,True,True,-1,False,-0.5252326852851565,-0.4688715285774206,1.9611142930453809,,,,
BB,2026-03-17,3.33,11536000.0,5657640.0,2.039012733224454,-0.034782608695652195,-0.5161746874105959,1.604546397265001,2.120721084675597,-0.2183098591549295,-0.9946987671393703,-0.03003003003003002,0.23423423423423428,1.7897897897897894,1.0,True,True,-1,False,-0.9946987671393703,-0.5161746874105959,1.604546397265001,,,,
BB,2026-04-06,3.55,7688800.0,9002585.0,0.8540658044328379,0.12341772151898733,2.182459059889962,-0.23857518862997998,2.421034248519942,-0.08740359897172245,-0.2517715945858523,0.09014084507042264,0.5718309859154931,2.6084507042253526,1.0,True,True,1,False,-0.2517715945858523,2.182459059889962,-0.23857518862997998,,,,
BB,2026-05-22,7.91,57770300.0,24480425.0,2.359856906079041,0.2778675282714054,3.642935786878911,1.7887501951289,5.431685982007811,1.2535612535612537,4.558457201923526,0.22882427307206066,0.11504424778761058,0.05436156763590394,1.0,True,True,1,False,4.558457201923526,3.642935786878911,1.7887501951289,,,,
BB,2026-06-25,10.34,72343200.0,42697960.0,1.6943010860472023,0.17100792751981886,1.6697513021824886,0.8876578229926152,2.557409125175104,2.2825396825396824,3.8850593362027612,0.11315280464216637,-0.17408123791102526,-0.1750483558994198,0.0,True,True,1,False,3.8850593362027612,1.6697513021824886,0.8876578229926152,,,,
BB,2026-07-16,9.16,29115900.0,33610595.0,0.8662714837389817,-0.19860017497812765,-2.113996213337246,-0.29634848260629326,2.410344695943539,0.6654545454545455,0.5122936367588725,-0.05786026200873351,-0.018558951965065518,,0.0,True,True,-1,False,0.5122936367588725,-2.113996213337246,-0.29634848260629326,,,,
BB,2026-09-22,8.62,30094700.0,9932465.0,3.0299326501528068,0.10512820512820498,0.7765473198134798,2.904119226234473,3.680666546047953,-0.2438596491228071,-0.8562389602824154,,,,,True,True,1,False,-0.8562389602824154,0.7765473198134798,2.904119226234473,,,,
BE,2025-01-24,29.81,12244000.0,5122405.0,2.3902834703620663,0.2652801358234296,0.9673715433815168,1.101399575704449,2.068771119085966,2.1378947368421053,,-0.208990271720899,-0.2385105669238511,-0.43374706474337477,0.0,True,True,1,False,,0.9673715433815168,1.101399575704449,,,,
BE,2025-04-04,16.6,16343600.0,5832790.0,2.802020988240619,-0.18347270044269537,-1.2844650435584366,1.7832846903499007,3.0677497339083373,-0.3375897845171587,-1.4041574002066557,0.06265060240963849,-0.01686746987951815,0.359036144578313,0.0,True,True,-1,False,-1.4041574002066557,-1.2844650435584366,1.7832846903499007,,,,
BE,2025-06-30,23.92,11413300.0,4507700.0,2.531956430108481,0.06028368794326244,0.1968107720438659,1.8204961148486238,2.0173068868924897,0.13257575757575757,-0.21025402303415044,0.015886287625417994,0.4527591973244147,1.8921404682274248,1.0,True,True,1,False,-0.21025402303415044,0.1968107720438659,1.8204961148486238,,,,
BE,2025-07-09,28.71,21937400.0,5094065.0,4.306462520599953,0.29733393583370993,1.7644790626052984,4.000485669195392,5.76496473180069,0.7038575667655786,0.6569189821669783,-0.1400208986415883,0.35353535353535337,2.0651340996168583,1.0,True,True,1,False,0.6569189821669783,1.7644790626052984,4.000485669195392,,,,
BE,2025-07-24,33.06,39241200.0,7663235.0,5.120709465388964,0.3599341834635954,2.20291370548265,4.831213990823148,7.034127696305799,0.7182952182952185,0.6802719106541116,0.13097398669086502,0.35601935874168156,2.3726557773744705,1.0,True,True,1,False,0.6802719106541116,2.20291370548265,4.831213990823148,,,,
BE,2025-09-10,62.96,21924000.0,10938685.0,2.004262852436102,0.20038131553860805,1.0398294593254434,1.102308548857581,2.142138008183024,1.8683371298405467,1.984810195899226,0.2654066073697585,0.3910419313850062,0.8756353240152479,1.0,True,True,1,False,1.984810195899226,1.0398294593254434,1.102308548857581,,,,
BE,2025-09-24,69.18,33315700.0,12465560.0,2.672619601526125,-0.1316681310405422,-1.2142459460479522,1.9292009500583942,3.1434468961063464,1.8921404682274248,1.6277284436269186,0.30370049147152334,0.3641225787799942,0.15943914426134698,1.0,True,True,-1,False,1.6277284436269186,-1.2142459460479522,1.9292009500583942,,,,
BE,2025-10-13,109.91,28744800.0,15266065.0,1.8829213684076413,0.263769115787053,1.362804397955644,0.9734292919343345,2.3362336898899785,3.398159263705482,3.0312441513078228,-0.007733600218360448,0.26676371576744606,0.10854335365298895,1.0,True,True,1,False,3.0312441513078228,1.362804397955644,0.9734292919343345,,,,
BE,2025-10-29,133.71,26830400.0,13042100.0,2.0572147123546056,0.4168697679347251,2.2532949081851092,1.2253398943224085,3.4786348025075178,2.555171496942303,1.813621345585929,0.057587315832772434,-0.2435868671004413,0.13910702266098274,0.0,True,True,1,False,1.813621345585929,2.2532949081851092,1.2253398943224085,,,,
BE,2025-11-13,103.55,28921700.0,13439325.0,2.1520202837568108,-0.24338740318573737,-1.8872933185192324,1.4204135007844256,3.3077068193036583,1.3264434958436309,0.46473112425785607,-0.09821342346692419,-0.08276195074843062,0.5020762916465475,0.0,True,True,-1,False,0.46473112425785607,-1.8872933185192324,1.4204135007844256,,,,
BE,2025-12-15,89.58,10991700.0,15562990.0,0.7062717382713734,-0.19867608909562584,-1.7741929620544474,-0.5636789043688158,2.337871866423263,0.05475097138820195,-0.8307967491722511,0.029917392275061516,0.4898414824737667,0.7248269703058718,1.0,True,True,-1,False,-0.8307967491722511,-1.7741929620544474,-0.5636789043688158,,,,
BE,2026-01-07,108.0,15065600.0,10420090.0,1.4458224449117043,0.23768049507219802,1.4598712347586607,0.6500217091299914,2.109892943888652,0.2432370208357315,-0.5663158090159817,0.2357407407407408,0.26481481481481484,0.25,1.0,True,True,1,False,-0.5663158090159817,1.4598712347586607,0.6500217091299914,,,,
BE,2026-04-14,219.03,25038700.0,9786080.0,2.5586036492650788,0.6115811934368331,4.000524028698729,2.904255003922831,6.90477903262156,0.5738305669325288,-0.2253800619191722,0.008583299091448726,0.2815139478610236,0.11678765465917906,1.0,True,True,1,False,-0.2253800619191722,4.000524028698729,2.904255003922831,,,,
BE,2026-04-29,287.97,19882500.0,10197145.0,1.9498104616537275,0.25340587595212205,1.3043375690690509,1.7025542608461528,3.0068918299152037,0.8444245180298471,0.0350178394331312,-0.008681459874292474,0.007084071257422497,-0.3465291523422579,0.0,True,True,1,False,0.0350178394331312,1.3043375690690509,1.7025542608461528,,,,
BE,2026-05-29,285.0,16911700.0,9868805.0,1.7136522608360385,-0.07431466805248799,-0.9554546792080325,1.2585345407630355,2.213989219971068,0.7295788323825707,-0.21018219428454393,-0.07505263157894737,-0.035052631578947446,-0.23701754385964913,0.0,True,True,-1,False,-0.21018219428454393,-0.9554546792080325,1.2585345407630355,,,,
BE,2026-06-09,259.61,16201400.0,9899860.0,1.6365281933279865,-0.14277695228661058,-1.3917823820400204,1.10727244701165,2.49905482905167,0.6802148728237656,-0.3088543598945133,0.08193058818997723,-0.00997650321636312,-0.09267747775509416,0.0,True,True,-1,False,-0.3088543598945133,-1.3917823820400204,1.10727244701165,,,,
BE,2026-06-18,328.91,16009200.0,10644260.0,1.5040218859742247,0.32156059144969484,1.730495059150187,0.8471109440091503,2.5776060031593375,1.2546613655058954,0.3768646264913165,-0.23377215651698036,-0.4008695387796054,-0.21148642485786384,0.0,True,True,1,False,0.3768646264913165,1.730495059150187,0.8471109440091503,,,,
BE,2026-07-13,233.49,10068600.0,15030010.0,0.6698997538923793,-0.20864260294865278,-1.7177182532335662,-0.7054505520141655,2.4231688052477316,0.09189113355780032,-1.1620811126085342,-0.15602381258298004,-0.09790569189258647,,0.0,True,True,-1,False,-1.1620811126085342,-1.7177182532335662,-0.7054505520141655,,,,
BE,2026-07-28,166.84,29397000.0,13879075.0,2.11808063577724,-0.26261822681870406,-2.012988676115601,2.4036146348197356,4.416603310935336,-0.4112083568605308,-1.7193458313415078,0.3672380724046991,0.30334452169743464,,1.0,True,True,-1,False,-1.7193458313415078,-2.012988676115601,2.4036146348197356,,,,
BE,2026-08-20,202.48,9456500.0,17161470.0,0.5510308848834045,-0.14283295233257132,-1.1855855890424913,-0.97794348124396,2.1635290702864514,-0.3304232804232804,-1.4076252447268707,0.07580995653891764,0.3118826550770446,,1.0,True,True,-1,False,-1.4076252447268707,-1.1855855890424913,-0.97794348124396,,,,
BE,2026-09-08,277.22,27500100.0,11992400.0,2.2931273139655115,0.3437712069801262,1.9128614488085458,2.6233379544680258,4.536199403276571,0.1138701382192222,-0.7758823622070783,-0.06446143856864583,,,,True,True,1,False,-0.7758823622070783,1.9128614488085458,2.6233379544680258,,,,
BE,2026-09-18,265.63,73471700.0,13217110.0,5.558832452782794,-0.03669990933816869,-0.47371367204891074,9.34380235166227,9.81751602371118,-0.18565866519513163,-1.0677967927277354,,,,,True,True,-1,False,-1.0677967927277354,-0.47371367204891074,9.34380235166227,,,,
BIRD,2025-02-05,7.3,145500.0,47875.0,3.039164490861619,0.18122977346278324,2.5161086891453817,2.148183220935546,4.6642919100809275,-0.34470377019748655,,-0.017808219178082174,-0.13013698630136994,-0.28767123287671226,0.0,True,True,1,False,,2.5161086891453817,2.148183220935546,,,,
BIRD,2025-02-24,6.37,76000.0,48940.0,1.5529219452390683,-0.1596306068601583,-1.573083886508083,0.5409758453512103,2.1140597318592933,-0.23253012048192778,,-0.053375196232339106,-0.07535321821036112,0.053375196232338995,0.0,True,True,-1,False,,-1.573083886508083,0.5409758453512103,,,,
BIRD,2025-03-12,5.35,196000.0,49560.0,3.9548022598870056,-0.1705426356589148,-1.7321249233812586,3.399261488260827,5.131386411642086,-0.3443627450980393,,0.005607476635514086,-0.06355140186915886,0.5981308411214956,0.0,True,True,-1,False,,-1.7321249233812586,3.399261488260827,,,,
BIRD,2025-05-14,6.7,94000.0,22550.0,4.168514412416852,0.22935779816513757,2.435260946216406,3.6843901100712526,6.119651056287658,-0.09825033647375503,1.5322673260251847,-0.07761194029850749,0.7641791044776118,-0.0432835820895523,1.0,True,True,1,False,1.5322673260251847,2.435260946216406,3.6843901100712526,,,,
BIRD,2025-06-04,7.98,67700.0,36305.0,1.8647569205343617,0.1145251396648046,1.1255053415529774,0.930680643034175,2.0561859845871524,0.2449297971918878,3.205174218263326,0.3208020050125311,0.3295739348370925,-0.1942355889724312,1.0,True,True,1,False,3.205174218263326,1.1255053415529774,0.930680643034175,,,,
BIRD,2025-08-08,6.94,220000.0,46845.0,4.696338990287117,-0.2694736842105263,-2.1510911848103187,3.420855814483993,5.571946999294312,0.25045045045045056,0.20363987851921816,0.012968299711815456,-0.1253602305475504,0.239193083573487,0.0,True,True,-1,False,0.20363987851921816,-2.1510911848103187,3.420855814483993,,,,
BIRD,2025-10-20,7.1,101600.0,52125.0,1.9491606714628298,0.1470113085621969,1.1731549219429407,0.8489692621581237,2.0221241841010644,-0.3557168784029038,-0.6782130000093266,-0.06056338028169006,-0.31126760563380285,-0.4112676056338028,0.0,True,True,1,False,-0.6782130000093266,1.1731549219429407,0.8489692621581237,,,,
BIRD,2025-10-29,7.45,142400.0,49010.0,2.9055294837788206,0.10044313146233397,0.8003062819408189,1.829825897128464,2.6301321790692826,-0.2141350210970464,-0.4112258487445328,0.11275167785234874,-0.32885906040268453,-0.4738255033557047,0.0,True,True,1,False,-0.4112258487445328,0.8003062819408189,1.829825897128464,,,,
BIRD,2025-11-28,5.06,16100.0,99515.0,0.16178465557956087,0.1552511415525113,1.1668972027254545,-0.9421567254069403,2.109053928132395,-0.22273425499231958,-0.41869697554033813,-0.011857707509881354,-0.20750988142292492,-0.4110671936758893,0.0,True,True,1,False,-0.41869697554033813,1.1668972027254545,-0.9421567254069403,,,,
BIRD,2025-12-15,4.25,195500.0,82225.0,2.3776223776223775,-0.13617886178861782,-0.9966370762456075,1.3348890743443582,2.3315261505899656,-0.3044189852700492,-0.5653730262951573,-0.04941176470588238,-0.03764705882352948,-0.27294117647058824,0.0,True,True,-1,False,-0.5653730262951573,-0.9966370762456075,1.3348890743443582,,,,
BIRD,2026-02-05,3.51,163800.0,51510.0,3.1799650553290624,-0.11809045226130654,-0.857698838121448,2.1761730470153107,3.0338718851367585,-0.41500000000000004,-0.7652083032139594,-0.1310541310541311,-0.29344729344729337,0.6695156695156697,0.0,True,True,-1,False,-0.7652083032139594,-0.857698838121448,2.1761730470153107,,,,
BIRD,2026-03-09,3.11,158400.0,67965.0,2.3306113440741556,0.09122807017543844,0.7289636273078867,1.2725791062262264,2.001542733534113,-0.37424547283702214,-0.633355117204711,0.0,-0.18971061093247588,0.31832797427652726,0.0,True,True,1,False,-0.633355117204711,0.7289636273078867,1.2725791062262264,,,,
BIRD,2026-03-30,2.98,782600.0,56175.0,13.93146417445483,-0.07165109034267914,-0.5079030599328395,13.251835234009445,13.759738293942284,-0.273170731707317,-0.4472935282761581,-0.15436241610738255,1.335570469798658,0.4362416107382552,1.0,True,True,-1,False,-0.4472935282761581,-0.5079030599328395,13.251835234009445,,,,
BIRD,2026-04-15,16.99,288160800.0,210475.0,1369.0975175198955,5.768924302788845,43.39384107244361,767.3419527389675,810.7357938114111,3.1847290640394093,5.979921983313944,-0.503825779870512,-0.7274867569158328,-0.8234255444379046,0.0,True,True,1,False,5.979921983313944,43.39384107244361,767.3419527389675,,,,
BIRD,2026-06-17,5.48,47781400.0,369370.0,129.3591791428649,0.45358090185676403,0.7577812843531763,1.4198029043217801,2.1775841886749565,0.7071651090342681,1.0494780579247407,-0.2189781021897811,-0.5072992700729927,-0.5419708029197081,0.0,True,True,1,False,1.0494780579247407,0.7577812843531763,1.4198029043217801,,,,
BX,2025-01-30,177.78,5636400.0,2833610.0,1.989123415007711,-0.041720569210866754,-1.1100373328088504,2.2348884046844057,3.344925737493256,0.059791356184798916,,-0.018168522893463823,-0.09348633142085727,-0.24862189222634712,0.0,True,True,-1,False,,-1.1100373328088504,2.2348884046844057,,,,
BX,2025-02-12,160.89,4877700.0,3264940.0,1.493963135616581,-0.07983986273949106,-1.7484697476588564,1.1121486511831504,2.860618398842007,-0.11384666226040985,,0.018708434334017143,-0.151407794145068,-0.13363167381440733,0.0,True,True,-1,False,,-1.7484697476588564,1.1121486511831504,,,,
BX,2025-03-04,150.73,7624300.0,3657805.0,2.0843921422820517,-0.041340711060230184,-0.8940816665078496,2.551143116115935,3.4452247826237845,-0.19036364612988133,,-0.08352683606448619,-0.05261062827572471,-0.07861739534266565,0.0,True,True,-1,False,,-0.8940816665078496,2.551143116115935,,,,
BX,2025-03-20,148.75,3131900.0,4685930.0,0.6683625235545558,0.089504138284626,1.751872810669702,-0.8952244320724708,2.6470972427421726,-0.11935350186489846,-0.6348442969604942,-0.02857142857142858,-0.12342857142857155,-0.0705210084033614,0.0,True,True,1,False,-0.6348442969604942,1.751872810669702,-0.8952244320724708,,,,
BX,2025-04-03,133.1,11369100.0,4818770.0,2.3593365111843894,-0.07889273356401383,-1.4792831034949026,3.184974593531475,4.664257697026377,-0.2385147891755821,-1.36585080331028,-0.04244928625093913,0.03245679939894819,0.14778362133734047,0.0,True,True,-1,False,-1.36585080331028,-1.4792831034949026,3.184974593531475,,,,
BX,2025-04-28,133.58,3609000.0,7447960.0,0.48456221569396185,0.11112959574114134,2.1223339242805306,-1.2556247660932471,3.3779586903737777,-0.24862189222634712,-1.0280277341822386,0.018939961072016676,0.04282078155412483,0.3333582871687377,0.0,True,True,1,False,-1.0280277341822386,2.1223339242805306,-1.2556247660932471,,,,
BX,2025-05-12,149.0,6669100.0,4849050.0,1.3753415617492086,0.09470281390052149,1.7795350380919222,0.7250860121632892,2.5046210502552113,-0.07153539381854435,0.1916880739001782,-0.02382550335570477,-0.04053691275167781,0.12510067114093948,0.0,True,True,1,False,0.1916880739001782,1.7795350380919222,0.7250860121632892,,,,
BX,2025-05-23,136.12,2613900.0,3877270.0,0.6741599114841113,-0.0721199727334696,-1.2769904748581111,-0.7634133456526391,2.0404038205107504,-0.13514200393925901,-0.23388276645450998,0.019761974728180975,0.05825741992359679,0.2082721128416103,1.0,True,True,-1,False,-0.23388276645450998,-1.2769904748581111,-0.7634133456526391,,,,
BX,2025-06-25,143.57,1911800.0,3203170.0,0.5968462491844017,0.05807355000368486,1.1189134300544124,-0.9357793360042145,2.054692766058627,0.03953370501773934,0.9825645872949519,0.0695827819182282,0.24057950825381358,0.3068189733231177,1.0,True,True,1,False,0.9825645872949519,1.1189134300544124,-0.9357793360042145,,,,
BX,2025-07-10,164.06,5577700.0,3556840.0,1.5681616266123863,0.06837718155769723,1.240239485521999,1.2245733227947289,2.4648128083167276,0.2899827016826544,2.4949365576085176,0.05138364013165919,0.021821284895769733,0.026758502986712118,0.0,True,True,1,False,2.4949365576085176,1.240239485521999,1.2245733227947289,,,,
BX,2025-08-20,164.47,4877700.0,3773525.0,1.2926110201999457,-0.0687917563129884,-1.3895289696416107,0.6306752141690956,2.0202041838107063,0.2082721128416103,1.221645940973584,0.04359457651851395,0.1472000972821792,-0.15163859670456614,1.0,True,True,-1,False,1.221645940973584,-1.3895289696416107,0.6306752141690956,,,,
BX,2025-09-11,183.92,6395800.0,3511115.0,1.821586590014853,0.08251912889935253,1.5339586964566025,1.9095596812749642,3.443518377731567,0.33024736004628963,1.7279252801962122,0.025880817746846585,-0.1265224010439321,-0.17273814702044354,0.0,True,True,1,False,1.7279252801962122,1.5339586964566025,1.9095596812749642,,,,
BX,2025-09-19,187.62,7404000.0,3424725.0,2.1619254100694216,0.03457402812241517,0.575326247031457,2.7066805663955114,3.2820068134269684,0.3068189733231177,1.504667923396262,-0.06555804285257438,-0.1668798635539921,-0.19869949898731476,0.0,True,True,1,False,1.504667923396262,0.575326247031457,2.7066805663955114,,,,
BX,2025-10-31,146.64,6158500.0,4061055.0,1.5164778610484222,-0.05148771021992249,-1.0006326544229527,1.153944947625845,2.1545776020487977,-0.1252684323550466,-0.7316821808588492,-0.004773595199127012,-0.001977632296781162,-0.025231860338243206,0.0,True,True,-1,False,-0.7316821808588492,-1.0006326544229527,1.153944947625845,,,,
BX,2025-11-13,139.53,8996400.0,4493675.0,2.0020139418182223,-0.027190964233424042,-0.4837866531202793,2.3087792924424946,2.792565945562774,-0.15163859670456614,-0.840840279416409,-0.007955278434745305,0.0834945889772809,-0.043431520103203614,1.0,True,True,-1,False,-0.840840279416409,-0.4837866531202793,2.3087792924424946,,,,
BX,2025-11-28,146.42,1626600.0,4802565.0,0.3386940103881988,0.057795116312671535,1.2629930168996646,-1.640143601855348,2.9031366187550125,-0.13819894055326676,-0.7317286652189963,0.03913399808769302,0.059486408960524484,-0.19444065018440093,1.0,True,True,1,False,-0.7317286652189963,1.2629930168996646,-1.640143601855348,,,,
BX,2025-12-09,156.02,6539600.0,4103670.0,1.5935979257591375,0.06324110671936767,1.3262770136971196,1.3564301576657714,2.6827071713628907,-0.1511425462459195,-0.7828948272736949,-0.02518907832329198,-0.004614792975259574,-0.2907960517882323,0.0,True,True,1,False,-0.7828948272736949,1.3262770136971196,1.3564301576657714,,,,
BX,2025-12-19,151.59,8941900.0,3949060.0,2.264311000592546,0.0027119989416588552,0.1068696635642062,2.9637039801321414,3.0705736436963478,-0.13673120728929378,-0.6766332350986664,0.023352463882841734,0.028893726499109373,-0.2514677749191899,0.0,True,True,1,False,-0.6766332350986664,0.1068696635642062,2.9637039801321414,,,,
BX,2026-01-07,153.59,8699200.0,3603755.0,2.4139265849093516,-0.007688331825817296,-0.14454550668515484,3.495211130250303,3.6397566369354575,-0.0011705794368213063,0.11049801533245415,0.03333550361351656,-0.1742300931050199,-0.26922325672244296,0.0,True,True,-1,False,0.11049801533245415,-0.14454550668515484,3.495211130250303,,,,
BX,2026-01-23,150.48,4132100.0,3150825.0,1.3114343068878787,-0.06423729867545558,-1.3165732254573927,0.7085796722548038,2.0251528977121964,-0.02190445238869032,0.01810652756072503,-0.05356193514088248,-0.24435140882509299,-0.1460659223817118,0.0,True,True,-1,False,0.01810652756072503,-1.3165732254573927,0.7085796722548038,,,,
BX,2026-02-19,125.76,11095000.0,6857350.0,1.6179719570971294,-0.05776579006518312,-1.1178956913996652,1.2521010652472415,2.3699967566469065,-0.0914607715648027,-0.3533317387427513,-0.06210241730279897,-0.09772582697201027,-0.06257951653944027,0.0,True,True,-1,False,-0.3533317387427513,-1.1178956913996652,1.2521010652472415,,,,
BX,2026-03-12,102.12,15162000.0,9736890.0,1.5571707187818697,-0.11622674167027258,-2.2880597529850015,1.1074341802565615,3.3954939332415632,-0.3245138245799709,-1.6226870816955592,0.11114375244810026,0.1244614179396788,0.11819428123775944,1.0,True,True,-1,False,-1.6226870816955592,-2.2880597529850015,1.1074341802565615,,,,
BX,2026-04-06,112.24,4324000.0,11020815.0,0.3923484787649552,0.038586101600814215,0.8518360332507524,-1.2866637522127657,2.138499785463518,-0.26922325672244296,-1.2306561776396578,0.08535281539558093,0.09666785459729166,0.06512829650748397,1.0,True,True,1,False,-1.2306561776396578,0.8518360332507524,-1.2866637522127657,,,,
BX,2026-06-03,110.28,8132200.0,4742125.0,1.7148852044178506,-0.06542372881355929,-1.3491405758028787,1.4072523019848502,2.7563928777877287,-0.0033438770899232306,0.10250421131173634,0.07435618425825186,0.11334784185709101,0.29116793616249526,1.0,True,True,-1,False,0.10250421131173634,-1.3491405758028787,1.4072523019848502,,,,
BX,2026-07-23,124.5,8260000.0,4707895.0,1.7544996224427265,-0.034659223075133694,-0.626092215059797,1.5167780198932725,2.1428702349530697,0.03431087480269168,0.3870217140354284,0.028674698795180698,0.13534136546184738,,1.0,True,True,-1,False,0.3870217140354284,-0.626092215059797,1.5167780198932725,,,,
BX,2026-08-07,137.13,4069700.0,5055995.0,0.8049256377824741,0.07342465753424654,1.6123580780658227,-0.4689829945739389,2.0813410726397614,0.11705767350928631,1.0011801331953756,0.04958798220666538,-0.007146503318019359,,0.0,True,True,1,False,1.0011801331953756,1.6123580780658227,-0.4689829945739389,,,,
BX,2026-09-10,125.41,4609500.0,3290160.0,1.4009956962579329,-0.08339424060809819,-1.6251500877957485,0.7865989221150432,2.4117490099107917,0.006258525234694723,0.3014561976139667,0.0,,,,True,True,-1,False,0.3014561976139667,-1.6251500877957485,0.7865989221150432,,,,
BX,2026-09-18,124.96,5998700.0,3217880.0,1.864177657339615,-0.027624309392265123,-0.4376835990665223,1.7553288706454941,2.1930124697120164,0.10593857863527756,1.0698727822200338,,,,,True,True,-1,False,1.0698727822200338,-0.4376835990665223,1.7553288706454941,,,,
COIN,2025-01-21,294.19,12912400.0,7761880.0,1.663566043278175,0.17113853503184728,0.8146063510339171,1.3095564118271876,2.1241627628611046,0.3961180713743355,,-0.042047656276555934,-0.12073829837859884,-0.4146300010197491,0.0,True,True,1,False,,0.8146063510339171,1.3095564118271876,,,,
COIN,2025-02-13,298.11,18900200.0,8023825.0,2.3555099967908073,0.10260014054813782,0.465085754621214,2.8184227376882944,3.2835084923095086,0.06910773203270715,,-0.21042568179531052,-0.38573009962765425,-0.3048874576498608,0.0,True,True,1,False,,0.465085754621214,2.8184227376882944,,,,
COIN,2025-03-10,179.23,18664100.0,10739675.0,1.7378645070730725,-0.1288942891859053,-0.9946924216008086,1.3928965621002747,2.3875889837010833,-0.42280690454721115,,0.05428778664286127,-0.1224683367739775,0.4283323104391006,0.0,True,True,-1,False,,-0.9946924216008086,1.3928965621002747,,,,
COIN,2025-05-08,206.5,14390000.0,7131880.0,2.0177008025934255,0.025832091405861846,0.10245596774021971,2.223183594386887,2.325639562127107,-0.22630198576245775,-0.49415246769151877,0.18372881355932202,0.21680387409200974,0.44305084745762713,1.0,True,True,1,False,-0.49415246769151877,0.10245596774021971,2.223183594386887,,,,
COIN,2025-06-18,295.29,37434300.0,8524320.0,4.39147052198885,0.17795595978937295,1.1954421008681477,4.553050704904416,5.748492805772564,0.4543439716312059,1.2389693373562916,0.27017508212265895,0.42158555995800717,0.10745368959328094,1.0,True,True,1,False,1.2389693373562916,1.1954421008681477,4.553050704904416,,,,
COIN,2025-08-01,314.69,31342200.0,13237595.0,2.3676657278002535,-0.19652249399989796,-1.654422647776873,1.6971515302547504,3.3515741780316235,0.5983036213113921,0.7444417395984491,-0.013187581429343065,-0.03225396421875493,0.1485271219295179,0.0,True,True,-1,False,0.7444417395984491,-1.654422647776873,1.6971515302547504,,,,
COIN,2025-10-02,372.07,15750400.0,8945595.0,1.7606878022087966,0.2131794319997391,1.513952972953614,1.0084006823729381,2.522353655326552,-0.004761267888190535,-0.43739346291362885,0.040126857849329456,-0.11707474399978501,-0.3717042492004192,0.0,True,True,1,False,-0.43739346291362885,1.513952972953614,1.0084006823729381,,,,
COIN,2025-11-17,263.95,15822400.0,9630705.0,1.6429119155866574,-0.16978580190608006,-1.6978814594169522,0.9353935474428637,2.633275006859816,-0.17476942316710964,-0.7664334038370786,-0.030232998673991207,-0.04296268232619804,-0.37745785186588365,0.0,True,True,-1,False,-0.7664334038370786,-1.6978814594169522,0.9353935474428637,,,,
COIN,2026-01-29,199.18,14604300.0,8667345.0,1.6849796563999702,-0.10737653491081822,-1.0325807754370202,0.9708133468036205,2.003394122240641,-0.42061783698877186,-1.0780275447482743,-0.26639220805301733,-0.11713023395923294,-0.012551460990059216,0.0,True,True,-1,False,-1.0780275447482743,-1.0325807754370202,0.9708133468036205,,,,
COIN,2026-03-24,181.04,20833000.0,13124205.0,1.587372339886492,-0.1388479284593065,-1.3940369513736721,0.7925515769236998,2.186588528297372,-0.244817085888291,-0.6160279373157671,-0.035517012814847426,0.13919575784357052,-0.09821034025629694,1.0,True,True,-1,False,-0.6160279373157671,-1.3940369513736721,0.7925515769236998,,,,
COIN,2026-04-17,206.33,15670400.0,10740895.0,1.4589473223600082,0.22925230860887713,2.1260238378979137,0.6155573390151846,2.7415811769130984,-0.09077689155246105,-0.28345261786523646,-0.03179372849319051,-0.052827993990209876,-0.18959918577036783,0.0,True,True,1,False,-0.28345261786523646,2.1260238378979137,0.6155573390151846,,,,
COIN,2026-06-05,152.4,16718500.0,9716390.0,1.7206493358129922,-0.1937787652753531,-1.9598649050700543,1.4875158813544482,3.4473807864245023,-0.23274429844434374,-0.6606636555436397,0.048425196850393704,0.0729002624671915,0.1602362204724408,1.0,True,True,-1,False,-0.6606636555436397,-1.9598649050700543,1.4875158813544482,,,,
COIN,2026-07-02,165.48,9656000.0,8900570.0,1.0848743395085934,0.16110019646365403,1.9896339670583711,0.2972597918305059,2.286893758888877,-0.0553716177645851,-0.1301612557336515,-0.038735798888083095,-0.11614696640077349,,0.0,True,True,1,False,-0.1301612557336515,1.9896339670583711,0.2972597918305059,,,,
COIN,2026-07-21,175.85,13677200.0,7395585.0,1.8493736465742736,0.08885448916408656,1.182674128303979,2.448929281106574,3.631603409410553,-0.11155459000656809,-0.1503144972552074,-0.045208984930338314,-0.16843901052032983,,0.0,True,True,1,False,-0.1503144972552074,1.182674128303979,2.448929281106574,,,,
COIN,2026-07-31,146.26,20870300.0,6691830.0,3.11877319059211,-0.07599974729926084,-0.723452927025175,5.947064658844147,6.670517585869322,-0.26037926675094825,-0.7251468407697571,0.05018460276220438,0.22138657185833455,,1.0,True,True,-1,False,-0.7251468407697571,-0.723452927025175,5.947064658844147,,,,
COIN,2026-08-19,160.2,16961300.0,7451725.0,2.276157533993807,0.07487922705313999,1.0237655717481893,3.461956941518613,4.485722513266802,-0.13400724363479122,-0.000998245658847008,0.13470661672908868,0.08595505617977528,,1.0,True,True,1,False,-0.000998245658847008,1.0237655717481893,3.461956941518613,,,,
COIN,2026-09-15,172.11,18766500.0,10167710.0,1.8456958351487207,-0.03816921873253598,-0.33961113706202833,2.073453799244691,2.4130649363067196,0.05420801176038226,1.1454136447603531,0.16826448201731448,,,,True,True,-1,False,1.1454136447603531,-0.33961113706202833,2.073453799244691,,,,
COST,2025-01-27,965.25,3044700.0,1765450.0,1.7246027924891671,0.023388712772612008,0.760361097735276,1.9589070828655035,2.7192681806007797,0.08338197000987702,,0.042040922040922135,0.09366485366485366,0.010971250971250956,1.0,True,True,1,False,,0.760361097735276,1.9589070828655035,,,,
COST,2025-02-28,1048.61,3307100.0,1854005.0,1.7837600222221623,0.013120392645623813,0.19213251046231652,2.352395289136445,2.5445277995987614,0.07895007614108729,,-0.08039213816385493,-0.11343588178636477,-0.029391289421233813,0.0,True,True,1,False,,0.19213251046231652,2.352395289136445,,,,
COST,2025-03-25,930.26,1623000.0,2703150.0,0.6004106320403974,0.035866599855241876,0.949201334107391,-1.224039156569798,2.173240490677189,-0.029786612711457883,-1.2227483199012965,0.025949734482832776,0.04899705458688963,0.05378066347042765,0.0,True,True,1,False,-1.2227483199012965,0.949201334107391,-1.224039156569798,,,,
COST,2025-05-02,1008.3,1547400.0,2815740.0,0.5495535809414221,0.03186786196733382,0.7793190552852578,-1.267184866604359,2.0465039218896166,-0.03315817735501703,-1.2307454524649761,-0.00020827134781309375,0.04815035207775464,-0.08012496280868786,0.0,True,True,1,False,-1.2307454524649761,0.7793190552852578,-1.267184866604359,,,,
COST,2025-05-30,1040.18,5403800.0,1850805.0,2.919702507827675,0.0216573522045318,0.5059283477892099,5.0409577851343865,5.546886132923596,-0.0072250059651634,-0.5838734414341137,-0.02426503105231792,-0.04829933280778331,-0.095022015420408,0.0,True,True,1,False,-0.5838734414341137,0.5059283477892099,5.0409577851343865,,,,
COST,2025-06-09,1006.18,1696700.0,2160900.0,0.7851821000509047,-0.04794436296541604,-1.5472167564439274,-0.6209708723799651,2.1681876288238926,0.12975230738137467,1.5123280859171606,-0.021685980639646885,-0.02394203820389984,-0.049971178119223136,0.0,True,True,-1,False,1.5123280859171606,-1.5472167564439274,-0.6209708723799651,,,,
COST,2025-06-20,980.29,3255700.0,2069480.0,1.5731971316465971,-0.022359406009713756,-0.7458469681659418,1.3797130710665924,2.1255600392325342,0.05378066347042765,0.26607278186067923,0.004947515531118274,-0.033388079037835805,-0.028787399647043133,0.0,True,True,-1,False,0.26607278186067923,-0.7458469681659418,1.3797130710665924,,,,
COST,2025-07-16,951.37,2950300.0,2056695.0,1.4344859106479084,-0.0312802288995917,-1.0271491183630739,1.0646044010247102,2.091753519387784,-0.043368526897938686,-1.309841492666584,-0.0107003584304739,0.02888466106772336,-0.008913461639530329,0.0,True,True,-1,False,-1.309841492666584,-1.0271491183630739,1.0646044010247102,,,,
COST,2025-08-12,991.25,1588500.0,2215105.0,0.7171217617223563,0.05046469484861649,1.4832273007985757,-0.8406931311072852,2.3239204319058606,-0.019020851682880258,-0.7295501328989566,-0.010491803278688483,-0.035268600252206794,-0.056716267339218196,0.0,True,True,1,False,-0.7295501328989566,1.4832273007985757,-0.8406931311072852,,,,
COST,2025-08-26,941.34,4341300.0,2208910.0,1.965358479974286,-0.040281388591527745,-1.3277374045801782,2.5817322216666203,3.9094696262467985,-0.095022015420408,-1.8419311069409094,0.008965942167548313,0.004174899611192551,-0.05390188454755984,0.0,True,True,-1,False,-1.8419311069409094,-1.3277374045801782,2.5817322216666203,,,,
COST,2025-09-09,979.25,1496800.0,2086960.0,0.7172154713075478,0.043064698238213905,1.2939651586058758,-0.8331216588849788,2.127086817490855,-0.023396595226935046,-0.6294521660470809,-0.027755935665049747,-0.06581567526167986,-0.05819760020423792,0.0,True,True,1,False,-0.6294521660470809,1.2939651586058758,-0.8331216588849788,,,,
COST,2025-09-19,951.16,4606000.0,2023855.0,2.275854742558138,-0.01729517512139689,-0.609100518909113,3.4918251397918523,4.100925658700965,-0.035862712104932415,-0.796324855734479,-0.037017957020900716,-0.015591488287985067,-0.09525211320913418,0.0,True,True,-1,False,-0.796324855734479,-0.609100518909113,3.4918251397918523,,,,
COST,2025-10-14,946.51,1925900.0,2840490.0,0.67801682104144,0.03466331438565806,1.0701525251651816,-0.9552090895057654,2.025361614670947,-0.0011081092490184963,-0.18282445213314774,-0.0095191809912204,-0.034495145323345744,-0.022852373456170527,0.0,True,True,1,False,-0.18282445213314774,1.0701525251651816,-0.9552090895057654,,,,
COST,2025-11-19,890.6,3462300.0,2396885.0,1.4444998404178757,-0.025601750547045943,-0.846113882755131,1.155558852196695,2.001672734951826,-0.05390188454755984,-0.9339495108367077,0.01982932854255548,-0.03706490006737029,0.11843700875814056,0.0,True,True,-1,False,-0.9339495108367077,-0.846113882755131,1.155558852196695,,,,
COST,2025-12-10,874.41,3318300.0,2399330.0,1.3830110905961248,-0.051883416823889195,-1.6630220765347792,0.9811895253813395,2.6442116019161186,-0.08156963248500648,-1.3096558504150868,-0.013449068514769902,0.05771891904255444,0.14060909641929986,1.0,True,True,-1,False,-1.3096558504150868,-1.6630220765347792,0.9811895253813395,,,,
COST,2026-01-08,915.31,5207200.0,2979970.0,1.7474001416121638,0.06142588770090662,2.0574637696706333,1.815980025417386,3.8734437950880194,-0.021644790286031945,-0.24398653130879475,0.04527427865968914,0.09379335962679325,0.10695829828145675,1.0,True,True,1,False,-0.24398653130879475,2.0574637696706333,1.815980025417386,,,,
COST,2026-02-06,1001.16,2358600.0,2790920.0,0.8450976738853138,0.06478064344589196,2.110090472888061,-0.44036066243885336,2.5504511353269144,0.09349469177334102,1.7256888857537827,0.01729993207878855,0.00413520316432936,0.015242318910064334,0.0,True,True,1,False,1.7256888857537827,2.110090472888061,-0.44036066243885336,,,,
COST,2026-02-27,1010.79,3935000.0,2112370.0,1.8628365295852525,0.025901529529976486,0.8639341305158673,2.1074681642088744,2.971402294724742,0.10837098118338506,2.0930651712068227,-0.012554536550618778,-0.02664252713224302,-0.007776095924969639,0.0,True,True,1,False,2.0930651712068227,0.8639341305158673,2.1074681642088744,,,,
COST,2026-03-20,972.33,2621600.0,1846075.0,1.4200939831805317,-0.035798220996995256,-1.4670089885724436,1.1276802488053868,2.59468923737783,0.14391764705882348,2.267775055063133,0.01185811401478909,0.02623594870054413,0.014758363929941343,0.0,True,True,-1,False,2.267775055063133,-1.4670089885724436,1.1276802488053868,,,,
COST,2026-04-08,1030.27,2265700.0,1603000.0,1.4134123518402995,0.03396124163262848,1.2525113631164555,1.1420155097637787,2.3945268728802342,0.11394991782717767,1.5518629837610292,-0.044182592912537455,-0.03350578003824234,-0.07766896056373573,0.0,True,True,1,False,1.5518629837610292,1.2525113631164555,1.1420155097637787,,,,
COST,2026-05-18,1076.47,2295200.0,1729740.0,1.3269046215038098,0.07704083164076958,3.0162526550400575,0.8937256131436813,3.909978268183739,0.09256345976229863,1.1869702739164432,-0.06831588432561997,-0.08341152098990223,-0.10647765381292562,0.0,True,True,1,False,1.1869702739164432,3.0162526550400575,0.8937256131436813,,,,
COST,2026-06-18,951.45,3742900.0,2441015.0,1.5333375665450641,-0.024843956584570948,-0.9045482922810061,1.3882991953592791,2.292847487640285,-0.02297139101682033,-0.4119839037309403,0.0011456198433967835,-0.016448578485469656,-0.05265647170108778,0.0,True,True,-1,False,-0.4119839037309403,-0.9045482922810061,1.3882991953592791,,,,
COST,2026-07-09,912.97,4545200.0,2542315.0,1.787819369354309,-0.012653162749953983,-0.4359292902765079,1.9173511358020596,2.3532804260785674,-0.0692052811337106,-1.0070923487271866,0.03570763551923939,0.039628903468898136,,0.0,True,True,-1,False,-1.0070923487271866,-0.4359292902765079,1.9173511358020596,,,,
COST,2026-07-29,974.03,1973400.0,2342200.0,0.8425412005806506,0.05038228855506799,1.7654871354154351,-0.4182101195866855,2.1836972550021208,-0.03723435801126829,-0.501734298572911,-0.03289426403704199,-0.018387523998234068,,0.0,True,True,1,False,-0.501734298572911,1.7654871354154351,-0.4182101195866855,,,,
COST,2026-08-20,933.51,2503700.0,1791435.0,1.397594665728871,-0.029464053646618527,-1.0515651370814674,0.9753397467466556,2.0269048838281227,-0.06921719362268552,-0.9093162821567469,0.0012319096742401392,-0.04092082570084954,,0.0,True,True,-1,False,-0.9093162821567469,-1.0515651370814674,0.9753397467466556,,,,
COST,2026-09-18,895.31,4175000.0,2011785.0,2.0752714629048334,-0.010455695922720776,-0.34594199380613155,2.6369604517223584,2.98290244552849,-0.06844312187204116,-0.9098536739491068,,,,,True,True,-1,False,-0.9098536739491068,-0.34594199380613155,2.6369604517223584,,,,
CRCL,2025-10-02,149.72,19216200.0,11449480.0,1.6783469642289432,0.2010267928766245,0.6777958164743318,1.9858926548557194,2.663688471330051,-0.2539366155072753,,0.0050761421319796,-0.18040341971680474,-0.46226289072936144,0.0,True,True,1,False,,0.6777958164743318,1.9858926548557194,,,,
CRCL,2025-11-12,86.3,39011300.0,9051300.0,4.3100217648293615,-0.2364858887021145,-1.1597782126661034,8.426012986505878,9.58579119917198,-0.3618279967462841,,-0.1921205098493627,0.0263035921205097,-0.3076477404403244,0.0,True,True,-1,False,,-1.1597782126661034,8.426012986505878,,,,
CRCL,2026-02-03,56.16,16819300.0,10448105.0,1.6097943119828906,-0.19725557461406518,-1.037046388143242,1.0670118481354385,2.1040582362786804,-0.503140759090507,-1.2409694314098314,0.06392450142450157,0.874465811965812,0.6182336182336183,1.0,True,True,-1,False,-1.2409694314098314,-1.037046388143242,1.0670118481354385,,,,
CRCL,2026-02-25,83.14,63849900.0,11802275.0,5.409965451576073,0.3165479018210611,1.7152998090516962,7.447785789713554,9.16308559876525,0.1445484581497798,3.1926350160325656,0.26617753187394744,0.24921818619196534,0.38176569641568436,1.0,True,True,1,False,3.1926350160325656,1.7152998090516962,7.447785789713554,,,,
CRCL,2026-03-24,101.17,57254200.0,23481990.0,2.438217544594815,-0.23535636006348726,-1.3141741353568093,2.103619828418171,3.4177939637749803,0.22422555663117127,1.6724106292290717,-0.05693387367796787,0.031531086290402355,-0.20697835326677871,0.0,True,True,-1,False,1.6724106292290717,-1.3141741353568093,2.103619828418171,,,,
CRCL,2026-05-04,119.53,32606500.0,10611535.0,3.0727411255770254,0.2524098910310142,1.269577644710468,3.215468756779991,4.485046401490459,1.3796535934700378,4.612322925321252,0.10231740985526638,-0.15627875847067685,-0.462561699991634,0.0,True,True,1,False,4.612322925321252,1.269577644710468,3.215468756779991,,,,
CRCL,2026-06-05,80.28,24729300.0,17385020.0,1.4224487518564835,-0.28955752212389374,-1.6401480391509418,0.6386974941654209,2.2788455333163626,-0.2883609609077209,-0.5553645364370674,-0.03039362232187337,-0.1884653712007972,0.11459890383657201,0.0,True,True,-1,False,-0.5553645364370674,-1.6401480391509418,0.6386974941654209,,,,
CRCL,2026-06-30,62.63,38127200.0,12524435.0,3.0442251486793617,-0.17243657505285415,-1.179059555440098,3.144394136867417,4.323453692307515,-0.306115665854199,-0.5690400725465208,0.022992176273351372,-0.020277822129969758,,0.0,True,True,-1,False,-0.5690400725465208,-1.179059555440098,3.144394136867417,,,,
CRCL,2026-07-10,66.14,36802100.0,13200400.0,2.787953395351656,0.023522129371711387,0.27089846347606344,2.692522609704225,2.963421073180289,-0.3730211394444971,-0.7206003800505665,-0.08587843967342002,0.008013305110371904,,0.0,True,True,1,False,-0.7206003800505665,0.27089846347606344,2.692522609704225,,,,
CRCL,2026-08-19,78.59,23236800.0,10913995.0,2.129082888529819,0.10255331088664432,0.8021333653615293,1.6807123488776285,2.482845714239158,-0.3052510608203678,-0.4794679755156438,0.14403868176612789,0.0827077236289604,,1.0,True,True,1,False,-0.4794679755156438,0.8021333653615293,1.6807123488776285,,,,
CRWV,2025-08-12,148.75,28270300.0,12537555.0,2.2548495300718523,0.3300250357653791,1.3332325208983682,1.2805568157140523,2.6137893366124203,1.2616694541584312,,-0.3755294117647059,-0.2125042016806723,-0.23078991596638654,0.0,True,True,1,False,,1.3332325208983682,1.2805568157140523,,,,
CRWV,2025-09-10,117.14,70127000.0,30804660.0,2.2765062169165313,0.30329327992879396,1.313723092924049,1.2000030002160413,2.5137260931400904,-0.2041578911610843,,0.03175687211883216,0.19498036537476504,-0.2679699504865972,1.0,True,True,1,False,,1.313723092924049,1.2000030002160413,,,,
CRWV,2025-11-10,105.61,43561500.0,21961665.0,1.983524473212755,-0.1639487017099429,-1.1685019837886663,1.1085396851603508,2.277041668949017,0.05641692507752327,-0.5364968431169821,-0.28671527317488876,-0.14155856452987414,-0.14828141274500517,0.0,True,True,-1,False,-0.5364968431169821,-1.1685019837886663,1.1085396851603508,,,,
CRWV,2025-12-17,64.55,48237300.0,29570780.0,1.6312488206263074,-0.2678085299455536,-1.6744731293362312,0.6666743497753423,2.3411474791115734,-0.506837802735121,-0.9641212516956928,0.22184353214562358,0.5682416731216113,0.2721920991479474,1.0,True,True,-1,False,-0.9641212516956928,-1.6744731293362312,0.6666743497753423,,,,
CRWV,2026-02-05,74.65,23637700.0,29396325.0,0.804103914349838,-0.24997488194514217,-1.6307893877688548,-0.444867004947915,2.0756563927167697,-0.2822805499471205,-0.5965119850210807,0.2819825853985265,-0.02223710649698607,0.6802411252511722,0.0,True,True,-1,False,-0.5965119850210807,-1.6307893877688548,-0.444867004947915,,,,
CRWV,2026-02-27,79.56,67921300.0,23919250.0,2.839608265309322,-0.10857142857142854,-0.816756317419727,2.538420630387464,3.355176947807191,0.032442252790033654,-0.2589666065761719,-0.08257918552036203,-0.05970336852689795,0.33094519859225735,0.0,True,True,-1,False,-0.2589666065761719,-0.816756317419727,2.538420630387464,,,,
CRWV,2026-04-09,92.0,65533300.0,21783080.0,3.0084496774560807,0.17287098419173885,0.9265969285504256,2.9133080802452387,3.8399050087956645,0.023017902813299074,-0.24810808853497843,0.2995652173913044,0.4004347826086956,-0.09206521739130435,1.0,True,True,1,False,-0.24810808853497843,0.9265969285504256,2.9133080802452387,,,,
CRWV,2026-06-01,124.82,58297300.0,28763340.0,2.026791742544503,0.1832401175466869,1.2176250707537382,1.8598094358449113,3.0774345065986495,0.6682705159048383,0.582459516387878,-0.17985899695561602,-0.2025316455696201,-0.2949046627143085,0.0,True,True,1,False,0.582459516387878,1.2176250707537382,1.8598094358449113,,,,
CRWV,2026-06-16,117.03,42823900.0,28351010.0,1.5104893970267725,0.18872524123920775,1.359671429450149,0.9127561265085683,2.2724275559587173,0.4364796857739046,0.2751795249844462,-0.13799880372554052,-0.37699735110655386,-0.23959668461078365,0.0,True,True,1,False,0.2751795249844462,1.359671429450149,0.9127561265085683,,,,
CRWV,2026-07-29,60.82,37130100.0,25567910.0,1.4522149053246824,-0.26403678606001935,-1.8948739674504311,0.7399851148938091,2.6348590823442404,-0.488950508360642,-1.4675715867961436,0.4779677737586321,0.4470568891811906,,1.0,True,True,-1,False,-1.4675715867961436,-1.8948739674504311,0.7399851148938091,,,,
CRWV,2026-09-08,99.83,51191200.0,27244560.0,1.8789512475151002,0.17599246083166453,1.1890440761145422,1.7860548205022202,2.975098896616762,0.042719866304574916,0.3248382812509236,-0.18942201742963038,,,,True,True,1,False,0.3248382812509236,1.1890440761145422,1.7860548205022202,,,,
DELL,2025-01-22,115.12,12846400.0,6695845.0,1.9185629296974467,0.05556574362736111,1.0208372498562053,1.2859326847569614,2.3067699346131665,-0.036572098083521576,,-0.10441278665740106,0.04143502432244617,-0.26337734537873525,0.0,True,True,1,False,,1.0208372498562053,1.2859326847569614,,,,
DELL,2025-02-10,112.31,9084100.0,8904900.0,1.0201237520915452,0.12209011889299637,2.2055535579507675,-0.087255822437764,2.2928093803885314,-0.1891560176160565,,0.07149853085210589,-0.1846674383403082,-0.14709286795476806,0.0,True,True,1,False,,2.2055535579507675,-0.087255822437764,,,,
DELL,2025-02-27,107.83,15737200.0,7963510.0,1.9761637770279687,-0.10059220952539827,-1.6472377653027876,1.4323961208922382,3.079633886195026,-0.1330599774883422,,-0.13734582212742286,-0.09950848557915237,0.03969210794769551,0.0,True,True,-1,False,,-1.6472377653027876,1.4323961208922382,,,,
DELL,2025-03-17,97.66,5283200.0,9534150.0,0.5541343486309739,0.08102723046269644,1.3506763484398392,-0.8044177580061959,2.155094106446035,-0.18118554540119058,,0.022015154618062693,-0.12768789678476344,0.13905386033176326,0.0,True,True,1,False,,1.3506763484398392,-0.8044177580061959,,,,
DELL,2025-04-03,77.23,30868500.0,6660855.0,4.634314964069928,-0.20463439752832124,-3.0069189594791768,5.952078341500609,8.958997300979785,-0.3804748917054387,-2.9477746531974565,0.022141654797358523,0.22478311536967488,0.5762009581768743,1.0,True,True,-1,False,-2.9477746531974565,-3.0069189594791768,5.952078341500609,,,,
DELL,2025-04-24,94.4,6367200.0,10166955.0,0.626264205949569,0.1324376199616124,1.8829176271179495,-0.6472795486545252,2.5301971757724746,-0.06802250962582679,1.045284105391122,-0.025953389830508544,0.18591101694915246,0.3170550847457627,1.0,True,True,1,False,1.045284105391122,1.8829176271179495,-0.6472795486545252,,,,
DELL,2025-05-13,107.85,7063500.0,6105175.0,1.1569692924445245,0.14795103778605623,1.9954076306106976,0.18956949446643012,2.1849771250771277,-0.05709040041965385,1.112158307096547,0.05915623551228566,0.03143254520166905,0.2759388038942978,0.0,True,True,1,False,1.112158307096547,1.9954076306106976,0.18956949446643012,,,,
DELL,2025-05-29,113.63,14396000.0,5577755.0,2.5809667151031195,0.015188063968551768,0.1791869620724066,2.4253431205065397,2.6045300825789464,0.20793026469650266,3.429328092288913,-0.015928892017953,0.0911731056939189,0.1529525653436592,1.0,True,True,1,False,3.429328092288913,0.1791869620724066,2.4253431205065397,,,,
DELL,2025-07-18,131.24,11025200.0,5045110.0,2.1853240068105553,0.034770953244500635,0.4275584090528057,1.869949688095456,2.2975080971482615,0.5608943862987632,2.4428800916100415,-0.00015239256324295347,0.05364218226150563,0.16885096007314848,1.0,True,True,1,False,2.4428800916100415,0.4275584090528057,1.869949688095456,,,,
DELL,2025-08-20,128.48,7222700.0,4426205.0,1.6318042205455916,-0.07661348282305591,-1.169255944938073,1.0359537568577817,2.2052097017958547,0.14601730443314587,0.4756588600935158,0.031288916562889346,0.028253424657534332,0.04249688667496887,0.0,True,True,-1,False,0.4756588600935158,-1.169255944938073,1.0359537568577817,,,,
DELL,2025-08-28,134.05,11144100.0,4472050.0,2.491944410281638,0.048658374403504734,0.6335418368197197,2.496383982212319,3.1299258190320387,0.19794459338695258,0.6656981953610995,-0.06878030585602402,-0.024543080939947948,-0.08608728086534878,0.0,True,True,1,False,0.6656981953610995,0.6335418368197197,2.496383982212319,,,,
DELL,2025-10-01,149.68,13612000.0,6430345.0,2.1168382100804854,0.1331667802256038,1.8907257498306576,1.7000564808517988,3.590782230682456,0.20331216335718305,0.6948293293231421,0.09921165152324951,0.09299839657936926,-0.13655799037947625,1.0,True,True,1,False,0.6948293293231421,1.8907257498306576,1.7000564808517988,,,,
DELL,2025-11-10,142.69,8203600.0,5546840.0,1.4789682053205069,-0.1088001998625946,-1.6476880454452565,0.7373294575571953,2.3850175030024516,0.031891813711310446,-0.0934308735675186,-0.14163571378512851,-0.03132665218305419,-0.15165743920386854,0.0,True,True,-1,False,-0.0934308735675186,-1.6476880454452565,0.7373294575571953,,,,
DELL,2025-12-18,122.94,9344800.0,7200530.0,1.2977933568778965,-0.11298701298701297,-1.632118873083866,0.4652509259744165,2.0973697990582827,-0.06927095162389285,-0.5453998805257376,0.05124450951683768,-0.09655116316902557,0.21368147063608278,0.0,True,True,-1,False,-0.5453998805257376,-1.632118873083866,0.4652509259744165,,,,
DELL,2026-01-07,120.07,10343400.0,5186540.0,1.9942774952087519,-0.06136647904940595,-0.9028439763380032,1.609258923175323,2.512102899513326,-0.20256359168493066,-1.1156072906420567,-0.01149329557757972,-0.03897726326309647,0.4423253102356959,0.0,True,True,-1,False,-1.1156072906420567,-0.9028439763380032,1.609258923175323,,,,
DELL,2026-01-20,111.07,11625700.0,6053610.0,1.920457379976576,-0.07802772474474973,-1.1540080757966884,1.4688384801409264,2.622846555937615,-0.2601745154199694,-1.3446583181211733,0.03232195912487623,0.051409021337895044,0.738453227694247,1.0,True,True,-1,False,-1.3446583181211733,-1.1540080757966884,1.4688384801409264,,,,
DELL,2026-02-27,148.08,33475600.0,8060320.0,4.153135359390198,0.21109021019056207,2.988498040477047,5.299818784198437,8.288316824675483,0.12105382693618005,0.34440697734568904,-0.010804970286331872,0.1602512155591571,1.060237709346299,1.0,True,True,1,False,0.34440697734568904,2.988498040477047,5.299818784198437,,,,
DELL,2026-03-20,157.67,23135900.0,9405265.0,2.4598881583878818,0.03990238754781683,0.39217777165435086,2.318366493033892,2.710544264688243,0.24532027485980556,0.8357938953847465,0.08968097926048091,0.2953637343819371,1.5628210820067232,1.0,True,True,1,False,0.8357938953847465,0.39217777165435086,2.318366493033892,,,,
DELL,2026-04-21,212.36,9078200.0,8427885.0,1.0771623010992675,0.15094032843748328,1.9536607079788426,0.1148312511524023,2.068491959131245,0.8397297063155158,3.177853410083977,-0.030278771896779078,0.10783575061216788,0.8663590129967977,1.0,True,True,1,False,3.177853410083977,1.9536607079788426,0.1148312511524023,,,,
DELL,2026-05-06,238.8,9187200.0,5991895.0,1.5332711938376757,0.16113974521054164,2.080436998243266,0.9144185930784687,2.994855591321735,0.9750227441898935,3.1274218933943803,0.02123115577889445,0.7673785594639866,0.7965661641541038,1.0,True,True,1,False,3.1274218933943803,2.080436998243266,0.9144185930784687,,,,
DELL,2026-05-22,295.19,15291500.0,5747175.0,2.6606985170975306,0.21984379519814867,2.9273702852958463,2.867911521844157,5.795281807140004,1.4305475504322764,3.8666647898991857,0.5785087570717165,0.44916833226057795,0.48226565940580657,1.0,True,True,1,False,3.8666647898991857,2.9273702852958463,2.867911521844157,,,,
DELL,2026-07-20,381.88,4725800.0,8087105.0,0.5843623892604337,-0.10589777808995349,-1.2970410888111576,-0.7163410856645175,2.0133821744756752,0.779082226880969,0.7101803985206134,0.11791662302293915,0.2564418141824658,,1.0,True,True,-1,False,0.7101803985206134,-1.2970410888111576,-0.7163410856645175,,,,
DELL,2026-07-29,369.64,6349100.0,6830130.0,0.9295723507458863,-0.16333182435491178,-1.8276387396024307,-0.17742915428680486,2.0050678938892355,0.758766712661179,0.6339864908825251,0.2517584676983011,0.25478844280921975,,1.0,True,True,-1,False,0.6339864908825251,-1.8276387396024307,-0.17742915428680486,,,,
DELL,2026-08-20,434.78,3633000.0,5910610.0,0.6146573703898582,-0.12078623283654533,-1.4026683900325532,-0.6588077031161512,2.0614760931487046,0.4251343909794152,-0.025570745687597065,0.08620451722710332,0.30654583927503554,,1.0,True,True,-1,False,-0.025570745687597065,-1.4026683900325532,-0.6588077031161512,,,,
DELL,2026-09-01,425.0,15948000.0,5407165.0,2.949419890090278,-0.058693244739756345,-0.8303126440942882,3.2791391073393212,4.1094517514336095,0.07761352975481128,-0.6337341611060245,0.25941176470588245,,,,True,True,-1,False,-0.6337341611060245,-0.8303126440942882,3.2791391073393212,,,,
DKNG,2025-01-23,41.51,3781800.0,8116025.0,0.4659670220335694,0.07205578512396693,1.2988097913369654,-0.9593041772619315,2.258113968598897,0.1286025013594343,,0.02939050831125023,0.09780775716694778,-0.21850156588773795,1.0,True,True,1,False,,1.2988097913369654,-0.9593041772619315,,,,
DKNG,2025-02-13,46.45,22036100.0,7204790.0,3.0585346692963986,0.09448633364750259,1.7239500841085948,3.6499257905068148,5.373875874615409,0.12907146329606234,,-0.018945102260495172,-0.18471474703982793,-0.18342303552206685,0.0,True,True,1,False,,1.7239500841085948,3.6499257905068148,,,,
DKNG,2025-03-12,38.63,10191200.0,15451715.0,0.6595513831312576,-0.11011287721723095,-1.5959286019759893,-0.5632524119450358,2.159181013921025,-0.07250900360144052,,-0.002329795495728759,-0.07222366036758998,-0.07300025886616623,0.0,True,True,-1,False,,-1.5959286019759893,-0.5632524119450358,,,,
DKNG,2025-03-31,33.21,15060600.0,10663200.0,1.412390276839973,-0.18040473840078974,-2.6103580013471506,0.45788465262774886,3.0682426539748993,-0.10725806451612907,-1.5138757826976934,-0.009936766034326916,0.0003011141222521996,0.2716049382716048,0.0,True,True,-1,False,-1.5138757826976934,-2.6103580013471506,0.45788465262774886,,,,
DKNG,2025-05-08,35.35,24649800.0,9633690.0,2.558708033993205,0.06283824413710182,0.9628217440885033,2.1642585335482414,3.1270802776367446,-0.18623388581952105,-1.3501869665517976,0.035643564356435675,0.013012729844412929,0.2712871287128711,0.0,True,True,1,False,-1.3501869665517976,0.9628217440885033,2.1642585335482414,,,,
DKNG,2025-06-02,33.73,25392200.0,10676190.0,2.378395288956079,-0.038483466362599805,-0.5435584687271181,1.9185013707773035,2.4620598395044215,-0.15885286783042407,-0.8468642216505582,0.07322857989919962,0.2448858582863922,0.41713608064037944,1.0,True,True,-1,False,-0.8468642216505582,-0.5435584687271181,1.9185013707773035,,,,
DKNG,2025-06-12,37.98,6786600.0,9588130.0,0.7078126808877226,0.1260005929439667,1.871810050273711,-0.4971715151151134,2.3689815653888244,0.028989433757789174,0.6591795143733273,0.06661400737230116,0.15297525013164837,0.20879410215903116,1.0,True,True,1,False,0.6591795143733273,1.871810050273711,-0.4971715151151134,,,,
DKNG,2025-06-23,41.46,8010000.0,9854945.0,0.8127899242461526,0.13589041095890408,1.9945660728951065,-0.3463679614023054,2.340934034297412,0.10031847133757954,1.2428386053852845,0.03449107573564891,0.07477086348287498,0.028461167390255726,1.0,True,True,1,False,1.2428386053852845,1.9945660728951065,-0.3463679614023054,,,,
DKNG,2025-07-30,45.75,18798300.0,8000180.0,2.3497346309708034,0.020749665327978617,0.2443640170408748,2.0859762413759197,2.3303402584167947,0.33576642335766427,1.970229645679069,-0.008524590163934476,0.04480874316939887,-0.2415300546448087,0.0,True,True,1,False,1.970229645679069,0.2443640170408748,2.0859762413759197,,,,
DKNG,2025-08-07,45.2,23654300.0,8574265.0,2.758755415187191,0.00355239786856143,-0.017724560072915518,2.708108859393379,2.7258334194662943,0.19166886369628267,1.0071879841412354,-0.03384955752212393,0.030088495575221197,-0.3232300884955752,0.0,True,True,-1,False,1.0071879841412354,-0.017724560072915518,2.708108859393379,,,,
DKNG,2025-09-12,43.98,14186500.0,7363135.0,1.9266929100172685,-0.055412371134020755,-0.9536718784399458,1.456869684226501,2.410541562666447,0.15372507869884577,0.5478245980529055,-0.012050932241927992,-0.25670759436107327,-0.191450659390632,0.0,True,True,-1,False,0.5478245980529055,-0.9536718784399458,1.456869684226501,,,,
DKNG,2025-09-30,37.4,44857300.0,8629245.0,5.198287915107289,-0.13565981049225806,-2.220559752288837,6.841006200318387,9.061565952607225,-0.07836372597338592,-0.7157507331040696,-0.11898395721925126,-0.16684491978609617,-0.07860962566844909,0.0,True,True,-1,False,-0.7157507331040696,-2.220559752288837,6.841006200318387,,,,
DKNG,2025-10-28,31.16,36673100.0,21508420.0,1.7050578331648722,-0.07317073170731703,-1.0955779140947397,0.9340416722845438,2.0296195863792836,-0.30832408435072134,-1.7688372466663318,-0.08183568677792041,0.016367137355584038,-0.01861360718870353,0.0,True,True,-1,False,-1.7688372466663318,-1.0955779140947397,0.9340416722845438,,,,
DKNG,2026-01-16,32.62,28029900.0,9155430.0,3.061560188871522,-0.07250497583167481,-1.06936324687877,3.160866160728007,4.230229407606776,-0.02974419988102317,-0.034886802165074324,-0.06253832004904969,-0.30748007357449414,-0.2752912323727774,0.0,True,True,-1,False,-0.034886802165074324,-1.06936324687877,3.160866160728007,,,,
DKNG,2026-02-13,21.76,65835000.0,17024735.0,3.8670205439321084,-0.1825694966190834,-2.5046129915241813,4.344009156919339,6.8486221484435195,-0.2449687716863289,-1.0023595920250312,0.0022977941176469674,0.14430147058823506,0.13097426470588225,1.0,True,True,-1,False,-1.0023595920250312,-2.5046129915241813,4.344009156919339,,,,
DKNG,2026-03-02,23.82,13431900.0,19260675.0,0.6973743132055341,0.09215955983493829,1.5613309535395268,-0.5989036191480626,2.1602345726875893,-0.2912823564415352,-1.1490034736320631,0.056255247691015864,-0.1213266162888329,0.05247691015952971,0.0,True,True,1,False,-1.1490034736320631,1.5613309535395268,-0.5989036191480626,,,,
DKNG,2026-03-25,21.42,21157400.0,14650795.0,1.4441127597512626,-0.15268987341772144,-2.2030761677413793,0.7080222361513924,2.9110984038927716,-0.38589449541284404,-1.4713414522403414,0.034547152194210895,0.035014005602240994,0.1974789915966384,0.0,True,True,-1,False,-1.4713414522403414,-2.2030761677413793,0.7080222361513924,,,,
DKNG,2026-05-07,25.22,21597500.0,11315455.0,1.9086726958836389,0.08147512864494,1.3004781796401184,1.5454657273782457,2.845943907018364,-0.07005899705014762,0.0485284640694531,-0.0027755749405233843,-0.011498810467882592,-0.06383822363203806,0.0,True,True,1,False,0.0485284640694531,1.3004781796401184,1.5454657273782457,,,,
DKNG,2026-05-29,24.49,34297500.0,12081975.0,2.8387329058370008,-0.03582677165354331,-0.4724110032393031,3.2612159087153683,3.7336269119546714,-0.0369642154935117,0.12233446153838504,0.01796651694569218,0.05349122090649261,0.05308289097590846,1.0,True,True,-1,False,0.12233446153838504,-0.4724110032393031,3.2612159087153683,,,,
DKNG,2026-06-09,27.59,20304200.0,11682880.0,1.7379447533484895,0.09051383399209478,1.4440057424164976,1.25716015547687,2.7011658978933677,0.06648627754155378,0.5614600517992185,0.03334541500543686,-0.047118521203334596,-0.12323305545487495,0.0,True,True,1,False,0.5614600517992185,1.4440057424164976,1.25716015547687,,,,
DKNG,2026-07-02,25.89,7359500.0,13201195.0,0.5574874092837807,0.12077922077922065,1.879301673730024,-0.8459437727477672,2.7252454464777913,0.12810457516339868,0.8208566183254359,0.022788721514098054,-0.09308613364233298,,0.0,True,True,1,False,0.8208566183254359,1.879301673730024,-0.8459437727477672,,,,
DKNG,2026-07-22,22.83,18940500.0,11179290.0,1.6942489192068548,-0.09584158415841593,-1.2548417865251358,1.1540500430707443,2.40889182959588,-0.01509922346850745,0.24162402997633667,0.07533946561541849,0.10862899693385897,,1.0,True,True,-1,False,0.24162402997633667,-1.2548417865251358,1.1540500430707443,,,,
DKNG,2026-08-05,21.76,26981300.0,11121770.0,2.42598974803471,-0.11364562118126265,-1.4829875260381402,2.4705692410196596,3.9535567670578,-0.14733542319749204,-0.3243356979353052,0.17233455882352944,0.11259191176470584,,1.0,True,True,-1,False,-0.3243356979353052,-1.4829875260381402,2.4705692410196596,,,,
DKNG,2026-08-25,25.79,6506200.0,12826290.0,0.507255020742553,0.07279534109816965,1.1467748945835696,-0.922602354393259,2.0693772489768287,0.05308289097590846,0.772624278886374,-0.09112058937572698,-0.17603722373012798,,0.0,True,True,1,False,0.772624278886374,1.1467748945835696,-0.922602354393259,,,,
DKNG,2026-09-17,22.47,17075000.0,9147615.0,1.8666067603413568,-0.05229860818220167,-0.6063675075857252,1.4543670270047644,2.0607345345904897,-0.10656063618290257,0.05689218611337155,,,,,True,True,-1,False,0.05689218611337155,-0.6063675075857252,1.4543670270047644,,,,
EBAY,2025-02-26,69.14,8935600.0,3648300.0,2.4492503357728257,-0.002596653202538879,-0.218178986147794,2.288479350068236,2.50665833621603,0.062221539406974946,,-0.037460225629158295,-0.05148973098061904,0.0435348568122651,0.0,True,True,-1,False,,-0.218178986147794,2.288479350068236,,,,
EBAY,2025-04-04,62.4,8339100.0,5648650.0,1.4762996468182663,-0.07087552114353779,-2.0767330135163315,0.6066373281611244,2.683370341677456,-0.012189330378344243,-0.9581792645975701,0.034935897435897534,0.12676282051282062,0.21442307692307705,1.0,True,True,-1,False,-0.9581792645975701,-2.0767330135163315,0.6066373281611244,,,,
EBAY,2025-06-05,77.74,6642300.0,5129610.0,1.2948937638533924,0.06873797085510036,1.6699902914573217,0.40712548471816695,2.077115776175489,0.19196565470714488,2.6916677659682082,-0.003859017236943596,-0.023540005145356258,0.15629019809621814,0.0,True,True,1,False,2.6916677659682082,1.6699902914573217,0.40712548471816695,,,,
EBAY,2025-06-24,74.35,9152500.0,5747870.0,1.5923289844759885,-0.0432376785484494,-1.290672736831904,0.9086223115392893,2.1992950483711935,0.11285735668313124,0.8876488089576823,0.02353732347007398,0.10195023537323489,0.20511096166778753,1.0,True,True,-1,False,0.8876488089576823,-1.290672736831904,0.9086223115392893,,,,
EBAY,2025-07-03,76.36,2162900.0,6001160.0,0.3604136533603503,0.03637350705754594,0.8325801128506117,-1.175598114366513,2.0081782272171247,0.24791632619709114,2.7369127941956193,0.009821896280775233,0.20141435306443167,0.1939497118910425,1.0,True,True,1,False,2.7369127941956193,0.8325801128506117,-1.175598114366513,,,,
EBAY,2025-07-24,82.45,5202700.0,4532605.0,1.1478388255760208,0.07370751399921849,1.8146552906556412,0.20855821467281005,2.0232135053284512,0.24321471652593507,2.1788395816639987,0.11279563371740453,0.19902971497877497,0.11594906003638572,1.0,True,True,1,False,2.1788395816639987,1.8146552906556412,0.20855821467281005,,,,
EBAY,2025-08-26,94.64,10007200.0,6733865.0,1.4861004786998255,-0.05255781359495448,-1.4498976866611906,0.730520670838108,2.1804183574992986,0.2934262675960093,1.6340288718179428,-0.047337278106508895,-0.013524936601859716,-0.14116652578191036,0.0,True,True,-1,False,1.6340288718179428,-1.4498976866611906,0.730520670838108,,,,
EBAY,2025-10-01,87.58,7486900.0,5516345.0,1.3572211310206306,-0.06191088260497002,-1.6115617203380386,0.5470571639255398,2.1586188842635785,0.1626178149475641,0.41926892232006685,0.051381593971226325,0.13656085864352607,-0.027060972824845875,1.0,True,True,-1,False,0.41926892232006685,-1.6115617203380386,0.5470571639255398,,,,
EBAY,2025-10-30,83.73,16061200.0,5476830.0,2.9325723091642426,-0.12342964824120595,-3.026627866189657,3.3410906973800825,6.367718563569739,-0.0952020747784742,-1.9283596094147337,-0.03439627373701193,-0.011226561566941351,0.13662964289979684,0.0,True,True,-1,False,-1.9283596094147337,-3.026627866189657,3.3410906973800825,,,,
EBAY,2025-11-18,81.83,3305000.0,5903545.0,0.5598331172202465,-0.06222782489112999,-1.4091237210390797,-0.8234792879919917,2.232603009031071,-0.16966007102993408,-2.211664918280473,0.011731638763289753,0.010754002199682144,-0.022974459244775702,0.0,True,True,-1,False,-2.211664918280473,-1.4091237210390797,-0.8234792879919917,,,,
EBAY,2025-12-19,84.66,12336500.0,4102755.0,3.006881961023751,-0.008200562324273686,-0.2956503085257297,3.4950715675385524,3.790721876064282,-0.09075287294597789,-1.34125739160619,0.036380817387195785,0.09638554216867457,0.07181667847862028,1.0,True,True,-1,False,-1.34125739160619,-0.2956503085257297,3.4950715675385524,,,,
EBAY,2026-02-04,85.84,12644400.0,4039720.0,3.1300189122018356,-0.09803509509299146,-2.148279925216343,4.188499789283872,6.336779714500215,0.0617192331478047,-0.17123135447244608,-0.034482758620689724,0.0838769804287045,0.21237185461323382,1.0,True,True,-1,False,-0.17123135447244608,-2.148279925216343,4.188499789283872,,,,
EBAY,2026-02-17,79.95,6254000.0,5042115.0,1.2403525108015188,-0.08482142857142849,-1.7665472855777145,0.3841138388580665,2.150661124435781,-0.022974459244775702,-0.7799797961489637,0.06691682301438395,0.17085678549093175,0.4135084427767355,1.0,True,True,-1,False,-0.7799797961489637,-1.7665472855777145,0.3841138388580665,,,,
EBAY,2026-03-20,88.98,10699200.0,5191415.0,2.060940995855658,-0.025837530107291395,-0.6634348626599207,2.2065712576351117,2.8700061202950327,0.059285714285714386,-0.1754080548071311,-0.011238480557428598,0.20397842211732953,0.22859069453809822,1.0,True,True,-1,False,-0.1754080548071311,-0.6634348626599207,2.2065712576351117,,,,
EBAY,2026-04-06,97.71,4922700.0,4904975.0,1.003613677949429,0.11059331666287786,2.0223698529427723,-0.020381852135920094,2.0427517050786923,0.08386023294509148,0.015637773156295703,0.004503121481936434,0.11892334459113707,0.13888036024971862,1.0,True,True,1,False,0.015637773156295703,2.0223698529427723,-0.020381852135920094,,,,
EBAY,2026-04-24,97.94,8288500.0,4449670.0,1.8627224041333401,-0.0641184902054468,-1.4869851041035063,1.841946672359376,3.3289317764628823,0.029105810654618036,-0.4420781479657195,0.06258934041249731,0.18184602818051876,0.13283643046763327,1.0,True,True,-1,False,-0.4420781479657195,-1.4869851041035063,1.841946672359376,,,,
EBAY,2026-05-29,109.27,9512700.0,7167105.0,1.3272723086936775,-0.06710492615043118,-1.5016813756064806,0.5823679874413655,2.0840493630478463,0.20037350324068992,0.642145419441804,0.0007321314175894322,0.01400201336139828,-0.029925871693968986,0.0,True,True,-1,False,0.642145419441804,-1.5016813756064806,0.5823679874413655,,,,
EBAY,2026-06-18,108.24,8064200.0,4391800.0,1.8361947265358167,-0.012498859593102818,-0.4006462067908344,1.6155346551765715,2.0161808619674058,0.2148148148148148,0.7293396981196231,-0.0034183296378417216,0.05497043606799701,-0.001940133037693914,1.0,True,True,-1,False,0.7293396981196231,-0.4006462067908344,1.6155346551765715,,,,
EBAY,2026-07-16,110.91,4822100.0,3161835.0,1.5250953955535314,-0.054717463564305846,-1.2416688299081506,1.0201742323588376,2.2618430622669883,0.035284234108093004,-0.5306389947324458,-0.014335948065999471,-0.05707330267784694,,0.0,True,True,-1,False,-0.5306389947324458,-1.2416688299081506,1.0201742323588376,,,,
EBAY,2026-08-03,107.13,6517800.0,3397865.0,1.9182045196027506,-0.05370550304743393,-1.2167361848342833,2.04482861124898,3.261564796083263,-0.009431345353675513,-0.8137971062724075,0.0054139830112946985,-0.03332399887986548,,0.0,True,True,-1,False,-0.8137971062724075,-1.2167361848342833,2.04482861124898,,,,
EBAY,2026-08-14,103.14,2760500.0,4440350.0,0.621685227515849,-0.07894266833363106,-1.7369613113162108,-0.8136467423438113,2.550608053660022,-0.09716386554621848,-1.3988249743092511,0.009598603839441555,0.05671902268760909,,1.0,True,True,-1,False,-1.3988249743092511,-1.7369613113162108,-0.8136467423438113,,,,
EBAY,2026-08-31,103.56,7524500.0,4615210.0,1.6303700156655927,-0.032872618602913684,-0.7740647203764945,1.3404917877132014,2.114556508089696,-0.05121392579019701,-0.9711870194375846,0.00994592506759373,,,,True,True,-1,False,-0.9711870194375846,-0.7740647203764945,1.3404917877132014,,,,
EBAY,2026-09-09,103.51,8026500.0,4239745.0,1.8931563101082731,-0.01400266717469989,-0.38176924493364,1.8799239311478584,2.2616931760814984,-0.04695700211766862,-0.8991056864640474,0.0546807071780504,,,,True,True,-1,False,-0.8991056864640474,-0.38176924493364,1.8799239311478584,,,,
EBAY,2026-09-17,112.9,6291200.0,4318305.0,1.4568679146100147,0.07493097210320876,1.5114417558047997,0.9418693161962904,2.45331107200109,0.03606497201064518,-0.22441639685001558,,,,,True,True,1,False,-0.22441639685001558,1.5114417558047997,0.9418693161962904,,,,
EWJ,2025-01-22,67.25,2769500.0,3845625.0,0.7201690232406956,0.03001991116556879,1.453520302246192,-0.8016734467234775,2.2551937489696696,0.008699565021748956,,0.01263940520446094,0.036579925650557454,0.012193308550185744,0.0,True,True,1,False,,1.453520302246192,-0.8016734467234775,,,,
EWJ,2025-02-07,68.48,7605600.0,3747615.0,2.0294507306647027,0.0024886546625677575,0.19461836582270006,2.719865952195804,2.914484318018504,-0.013682846031974671,,0.012996495327102897,0.0029205607476636697,0.0576810747663552,0.0,True,True,1,False,,0.19461836582270006,2.719865952195804,,,,
EWJ,2025-02-28,68.47,6836500.0,3559090.0,1.920856173909623,-0.008973802286872279,-0.3364026324834211,2.479659125337554,2.8160617578209752,-0.01750609843593054,,0.024828391996494892,0.010953702351394812,0.09463998831605092,0.0,True,True,-1,False,,-0.3364026324834211,2.479659125337554,,,,
EWJ,2025-03-11,68.26,6966700.0,3818640.0,1.8243929776045922,-0.005536130536130446,-0.2007301817088037,2.1072527622301265,2.30798294393893,-0.025970319634703087,,0.03852915323762085,-0.0968356284793438,0.07515382361558731,0.0,True,True,-1,False,,-0.2007301817088037,2.1072527622301265,,,,
EWJ,2025-05-14,71.45,17474900.0,3882060.0,4.5014502609439315,-0.00736315643234231,-0.2661950159241024,6.663538116213005,6.929733132137108,0.019258202567760563,0.47401794726486285,0.01203638908327509,0.038628411476556934,0.08873337998600417,0.0,True,True,-1,False,0.47401794726486285,-0.2661950159241024,6.663538116213005,,,,
EWJ,2025-06-27,75.28,10262600.0,4205495.0,2.4402834862483487,0.04905239687848373,1.6904324260068573,2.518843151162386,4.209275577169244,0.10381231671554247,2.0995470006466723,-0.03267800212539862,-0.01341657810839536,0.07717853347502657,0.0,True,True,1,False,2.0995470006466723,1.6904324260068573,2.518843151162386,,,,
EWJ,2025-07-23,76.49,19572500.0,5246650.0,3.7304756368349326,0.06206609275201336,2.1773564118295905,4.729464435295826,6.906820847125417,0.08082520842164764,1.0833260926818244,-0.03281474702575493,0.04118185383710293,0.06615243822721917,0.0,True,True,1,False,1.0833260926818244,2.1773564118295905,4.729464435295826,,,,
EWJ,2025-08-11,77.79,3296300.0,6984610.0,0.47193758849814094,0.03320494089520509,1.0845935939660523,-1.0041298517478687,2.0887234457139208,0.08873337998600417,1.2220575403381946,0.03226635814372014,0.029181128679778734,0.0647898187427689,0.0,True,True,1,False,1.2220575403381946,1.0845935939660523,-1.0041298517478687,,,,
EWJ,2025-10-10,78.36,11311900.0,6311340.0,1.79231351820691,-0.04181951577402787,-1.6198868387283107,1.3594890322791602,2.9793758710074707,0.08246995441359295,0.7756671026884203,0.04645227156712606,0.06291475242470668,0.05819295558958659,1.0,True,True,-1,False,0.7756671026884203,-1.6198868387283107,1.3594890322791602,,,,
EWJ,2025-11-20,79.49,11263100.0,5957200.0,1.8906701134761297,-0.04240452957475016,-1.681633769089508,1.5896499782887465,3.271283747378255,0.010937301284497103,-0.5841573632999122,0.0442822996603347,0.01371241665618328,0.1473141275632157,0.0,True,True,-1,False,-0.5841573632999122,-1.681633769089508,1.5896499782887465,,,,
EWJ,2025-12-17,79.74,6592800.0,5303875.0,1.2430157196389433,-0.04969610296746518,-1.9407091027147498,0.39781912373924444,2.3385282264539944,-0.016648168701442922,-1.1037519087430987,0.015801354401805856,0.07198394783044915,0.0669676448457488,1.0,True,True,-1,False,-1.1037519087430987,-1.9407091027147498,0.39781912373924444,,,,
EWJ,2026-01-06,83.07,9209100.0,5009970.0,1.8381547194893382,0.02441731409544934,0.7395514790672403,1.495385659671366,2.2349371387386063,0.018638871857755923,-0.5370645910097611,0.016612495485734957,0.05320813771518007,0.026724449259660776,1.0,True,True,1,False,-0.5370645910097611,0.7395514790672403,1.495385659671366,,,,
EWJ,2026-01-20,83.72,9402500.0,5612255.0,1.6753515298217918,-0.018407785203423677,-0.8773049685994756,1.1795349602305816,2.0568399288300574,0.01873935264054505,-0.660988229211247,0.02532250358337329,0.0914954610606784,0.06796464405160063,1.0,True,True,-1,False,-0.660988229211247,-0.8773049685994756,1.1795349602305816,,,,
EWJ,2026-02-09,91.29,9877600.0,9036005.0,1.093137952004232,0.06287111421585756,2.113738370834143,0.058373697288332534,2.1721120681224755,0.09002985074626868,0.888664015174219,0.0063533793405630146,-0.05290831416365438,0.0042720999014131955,0.0,True,True,1,False,0.888664015174219,2.113738370834143,0.058373697288332534,,,,
EWJ,2026-03-03,86.83,29746600.0,11024345.0,2.6982646134532255,-0.048229748986079235,-1.878548818297537,2.949284322389429,4.827833140686966,0.05108340394625355,-0.12979697823003675,-0.004261200046067115,-0.027525048946216768,0.06760336289300928,0.0,True,True,-1,False,-0.12979697823003675,-1.878548818297537,2.949284322389429,,,,
EWJ,2026-03-20,81.2,19746900.0,11665750.0,1.6927244283479417,-0.025911708253358867,-0.9831052011718348,1.115997258976795,2.0991024601486297,0.00919711657966693,-1.1163699681072303,0.0028325123152710407,0.10012315270935956,0.15911330049261085,1.0,True,True,-1,False,-1.1163699681072303,-0.9831052011718348,1.115997258976795,,,,
EWJ,2026-04-06,85.57,3819800.0,11128050.0,0.3432587021086354,0.05084121331204705,1.5566332338372009,-1.2921493361853273,2.848782570022528,0.0319585142305836,-0.5913870165166915,0.03248802150286312,0.029800163608741492,0.08741381325230813,0.0,True,True,1,False,-0.5913870165166915,1.5566332338372009,-1.2921493361853273,,,,
EWJ,2026-04-23,87.07,5174500.0,8521050.0,0.6072608422670915,-0.02617156917570751,-1.21951974319171,-0.8166769492095812,2.0361966924012913,0.014328984156570135,-1.158124997118053,0.023314574480303163,0.049385551854829624,0.06512001837601922,0.0,True,True,-1,False,-1.158124997118053,-1.21951974319171,-0.8166769492095812,,,,
EWJ,2026-06-01,92.93,9666400.0,5374565.0,1.798545556710171,0.014408907324527931,0.363696407185612,1.743369520906875,2.107065928092487,0.08196530445919215,0.5798153099917704,-0.010545571935865694,0.0036586678144838736,0.026901969224147226,0.0,True,True,1,False,0.5798153099917704,0.363696407185612,1.743369520906875,,,,
EWJ,2026-07-13,92.72,3741200.0,5762150.0,0.6492715392691963,-0.02676603337881811,-1.2027004918416042,-0.8511223391914342,2.053822831033038,0.04097900527674869,-0.4175947830508649,-0.02469801553062978,0.03591458153580662,,0.0,True,True,-1,False,-0.4175947830508649,-1.2027004918416042,-0.8511223391914342,,,,
EWJ,2026-08-04,94.61,3303900.0,4744060.0,0.696428797274908,0.053211621952577115,1.8495944411253522,-0.7482100075373441,2.5978044486626963,0.03978459171337523,-0.42753868473417467,0.017651411055913835,0.006447521403657008,,0.0,True,True,1,False,-0.42753868473417467,1.8495944411253522,-0.7482100075373441,,,,
EWT,2025-01-21,53.11,4170900.0,2875760.0,1.450364425404067,0.05649492739208273,2.450451560235031,0.7767531585147033,3.2272047187497344,-0.05966713881019825,,-0.03633967237808322,0.0,-0.15289022782903405,0.0,True,True,1,False,,2.450451560235031,0.7767531585147033,,,,
EWT,2025-02-10,52.52,1252200.0,3414335.0,0.3667478440164776,0.029602038815918608,1.2364369194605254,-1.0708889900112897,2.307325909471815,-0.04090577063550027,,0.012376237623762387,-0.04836252856054846,-0.028941355674029,0.0,True,True,1,False,,1.2364369194605254,-1.0708889900112897,,,,
EWT,2025-02-27,50.83,3654600.0,2541760.0,1.4378226111041168,-0.044009779951100336,-1.6589378492135498,0.7863860830216635,2.445323932235213,-0.03530081609413549,,-0.0007869368483178762,-0.03206767656895526,0.05292150304938037,0.0,True,True,-1,False,,-1.6589378492135498,0.7863860830216635,,,,
EWT,2025-03-26,49.51,6238700.0,3050510.0,2.0451334367040266,-0.012564818508177145,-0.36427542355854875,1.8517657445824505,2.216041168140999,-0.059281778453353695,-0.37526683902383046,-0.02080387800444361,-0.06725913956776408,0.11452231872349028,0.0,True,True,-1,False,-0.37526683902383046,-0.36427542355854875,1.8517657445824505,,,,
EWT,2025-06-09,54.71,10128200.0,3434405.0,2.9490406635210467,0.03538985616956847,0.9465567731896835,3.5727408374967813,4.519297610686465,0.10235744509369327,2.734336378143152,0.031986839700237635,0.0606836044598793,0.08389691098519458,1.0,True,True,1,False,2.734336378143152,0.9465567731896835,3.5727408374967813,,,,
EWT,2025-09-09,61.62,2770400.0,2270575.0,1.2201314644968786,0.06149870801033597,1.7275570173385093,0.42383778785671666,2.151394805195226,0.08600634473034896,0.4157997545383472,0.027588445309964404,0.05176890619928609,0.05241804608893208,1.0,True,True,1,False,0.4157997545383472,1.7275570173385093,0.42383778785671666,,,,
EWT,2025-10-10,61.62,6762400.0,2986720.0,2.2641559972143352,-0.04672029702970304,-1.505903478887958,2.498712265249996,4.004615744137954,0.03597848016139871,-0.03763776241513021,0.05631288542680957,0.048523206751054815,0.0644271340473872,0.0,True,True,-1,False,-0.03763776241513021,-1.505903478887958,2.498712265249996,,,,
EWT,2025-11-14,65.17,6168400.0,3100460.0,1.9895112338169174,0.008667388949079147,0.140764989621678,1.923259763052938,2.064024752674616,0.11268567526037221,0.5451616299166187,-0.051710909927880966,-0.016265152677612416,0.11339573423354299,0.0,True,True,1,False,0.5451616299166187,0.140764989621678,1.923259763052938,,,,
EWT,2025-12-16,61.12,5273200.0,4249260.0,1.2409690157815714,-0.06999391357273288,-2.164210550754159,0.3644762406065644,2.528686791360723,-0.04529834426741641,-0.8074371260187337,0.022578534031413744,0.10094895287958128,0.17850130890052363,1.0,True,True,-1,False,-0.8074371260187337,-2.164210550754159,0.3644762406065644,,,,
EWT,2026-02-04,68.15,8695400.0,5493930.0,1.5827285749909445,-0.04270262677342307,-1.4069531387715686,1.0534716231094845,2.460424761881053,0.04943024330150925,-0.05643570493953941,0.07630227439471726,0.03301540719002194,0.3201760821716799,0.0,True,True,-1,False,-0.05643570493953941,-1.4069531387715686,1.0534716231094845,,,,
EWT,2026-03-02,75.07,10905100.0,5486065.0,1.9877817707227312,0.025826728614375405,0.49145593243261404,1.878708071417415,2.370164003850029,0.16153489091753048,0.8572511870595099,-0.05741308112428389,-0.08139070201145593,0.37165312375116577,0.0,True,True,1,False,0.8572511870595099,0.49145593243261404,1.878708071417415,,,,
EWT,2026-04-08,76.36,8120500.0,6994765.0,1.1609396455778,0.07670614777213758,1.8999852515141717,0.22181010247969746,2.1217953539938694,0.158373786407767,0.7220155095443607,0.05735987427972744,0.24214248297537977,0.40479308538501835,1.0,True,True,1,False,0.7220155095443607,1.8999852515141717,0.22181010247969746,,,,
EWT,2026-04-30,89.88,4502900.0,5901260.0,0.763040435432433,0.06695156695156701,1.5652922177822333,-0.5506830805156683,2.1159752982979017,0.30582594798779605,2.2976830583246275,0.04928793947485555,0.14352469959946612,0.045282599020916914,1.0,True,True,1,False,2.2976830583246275,1.5652922177822333,-0.5506830805156683,,,,
EWT,2026-06-22,111.53,4418100.0,6940055.0,0.6366087876825184,0.08682518027674924,1.9140815312972708,-0.8173593906928681,2.731440921990139,0.5406824146981628,3.128446978355956,-0.05146597328073155,-0.0981798619205595,-0.02806419797363935,0.0,True,True,1,False,3.128446978355956,1.9140815312972708,-0.8173593906928681,,,,
EWT,2026-07-13,101.88,8317700.0,6268245.0,1.3269583432045173,-0.05024704017898762,-1.6043620337730116,0.5698217720901133,2.174183805863125,0.26182809016596487,0.7011248798597158,-0.05830388692579502,0.002944640753828054,,0.0,True,True,-1,False,0.7011248798597158,-1.6043620337730116,0.5698217720901133,,,,
EWT,2026-07-28,93.95,5843200.0,6445895.0,0.9064994077626148,-0.06591767747067012,-1.9119700132920474,-0.29261341210596564,2.204583425398013,0.045282599020916914,-0.8441343569615527,0.08791910590739738,0.12187333688131985,,1.0,True,True,-1,False,-0.8441343569615527,-1.9119700132920474,-0.29261341210596564,,,,
EWT,2026-09-15,106.67,2109600.0,3743440.0,0.563545829504413,-0.04366146673838989,-1.3008573306843625,-0.9618513013654687,2.262708632049831,-0.0301845622329302,-1.3065194195377017,0.05465454204556108,,,,True,True,-1,False,-1.3065194195377017,-1.3008573306843625,-0.9618513013654687,,,,
EWY,2025-02-14,56.68,2635700.0,3428110.0,0.768849307635986,0.04691540450683407,1.8091901466523845,-0.24950799200643314,2.0586981386588175,0.008540925266903754,,0.013937896965419805,0.020818630910373948,0.025405786873676783,0.0,True,True,1,False,,1.8091901466523845,-0.24950799200643314,,,,
EWY,2025-03-17,57.86,3471400.0,3489495.0,0.9948144358997505,0.06969865039748568,2.4303551915943284,-0.07841773579024892,2.5087729273845776,0.04102195034184963,,-0.009505703422053147,-0.060663670929830604,0.1577946768060836,0.0,True,True,1,False,,2.4303551915943284,-0.07841773579024892,,,,
EWY,2025-04-04,51.25,6914100.0,3044570.0,2.270961088101111,-0.06461033035225405,-1.8057873379953118,1.082139246327332,2.887926584322644,-0.045979151154132536,0.09602975418713564,0.059707317073170785,0.13912195121951232,0.4039024390243904,1.0,True,True,-1,False,0.09602975418713564,-1.8057873379953118,1.082139246327332,,,,
EWY,2025-06-04,63.98,8720000.0,3198950.0,2.7258944341111926,0.05316872427983532,1.5664501858838562,1.6636114122283812,3.230061598112237,0.18284340913292652,2.4151661332575833,0.04704595185995619,0.13629259143482342,0.12910284463894972,1.0,True,True,1,False,2.4151661332575833,1.5664501858838562,1.6636114122283812,,,,
EWY,2025-06-24,72.65,7190600.0,5323440.0,1.3507431285033737,0.06540548467517238,1.7742757915908163,0.2622774863795888,2.036553277970405,0.2860683306779961,2.777505329451978,-0.013902271163110824,0.016517549896765127,0.11149346180316577,0.0,True,True,1,False,2.777505329451978,1.7742757915908163,0.2622774863795888,,,,
EWY,2025-08-01,70.65,11792100.0,3934005.0,2.9974796676669198,-0.03496790056003263,-1.103347260091931,2.112696796817724,3.216044056909655,0.20769230769230784,0.9435775555270299,0.04033970276008492,0.0225053078556261,0.3348903043170559,0.0,True,True,-1,False,0.9435775555270299,-1.103347260091931,2.112696796817724,,,,
EWY,2025-09-11,77.86,6894400.0,3222390.0,2.139529976197791,0.06555357876009316,1.848818533455325,1.2494382162502908,3.098256749705616,0.14180964950872554,0.40432075223067204,0.037117903930131035,0.07153865913177504,0.21114821474441303,1.0,True,True,1,False,0.40432075223067204,1.848818533455325,1.2494382162502908,,,,
EWY,2025-10-10,80.72,9591900.0,4333130.0,2.213619254441939,-0.03732856290995823,-1.284579580012584,1.3708016061445347,2.655381186157119,0.10484533260333961,0.13649572686230943,0.09663032705649144,0.1372646184340931,0.3259415262636274,1.0,True,True,-1,False,0.13649572686230943,-1.284579580012584,1.3708016061445347,,,,
EWY,2025-10-29,96.9,11103800.0,5444905.0,2.0393009611737947,0.08328675237562888,2.1098487308969576,1.1606756725205274,3.270524403417485,0.32940046645630416,1.5772644304620487,-0.002889576883384981,-0.05521155830753366,0.2662538699690402,0.0,True,True,1,False,1.5772644304620487,2.1098487308969576,1.1606756725205274,,,,
EWY,2025-11-07,91.8,15219400.0,6755105.0,2.253021973751703,-0.053608247422680444,-1.7767960182498772,1.409720666596201,3.186516684846078,0.24626663046429553,0.9618842332360686,0.025381263616557792,0.03562091503267961,0.30947712418300655,0.0,True,True,-1,False,0.9618842332360686,-1.7767960182498772,1.409720666596201,,,,
EWY,2025-11-20,88.53,10483100.0,8416825.0,1.2454934016092767,-0.05889231423408092,-1.966573967959859,0.20722953613641787,2.173803504096277,0.22160894163101985,0.7441891988941468,0.026431718061673992,0.03174065288602734,0.5272788885123687,0.0,True,True,-1,False,0.7441891988941468,-1.966573967959859,0.20722953613641787,,,,
EWY,2025-12-08,95.07,4546400.0,7718910.0,0.5889950783206437,0.04910615758110781,1.092027293829453,-0.9426765332591951,2.034703827088648,0.20861937452326473,0.628570775152083,-0.02461344272641197,0.125802040601662,0.3330177763753026,1.0,True,True,1,False,0.628570775152083,1.092027293829453,-0.9426765332591951,,,,
EWY,2025-12-16,89.52,7742000.0,6878860.0,1.1254771866268538,-0.06330438422098983,-2.134477353160154,0.21954105119748593,2.3540184043576398,0.0975968612064737,-0.10637451625490615,0.03552278820375343,0.24050491510277028,0.4868185880250224,1.0,True,True,-1,False,-0.10637451625490615,-2.134477353160154,0.21954105119748593,,,,
EWY,2026-01-21,115.66,10876700.0,6928650.0,1.5698151876628204,0.07550678817184298,1.645651148155005,1.1699941580557138,2.815645306210719,0.28411235705562343,1.0710023618140503,0.08559571156839008,0.16902991526889166,0.3170499740619057,1.0,True,True,1,False,1.0710023618140503,1.645651148155005,1.1699941580557138,,,,
EWY,2026-03-19,134.82,21186400.0,31896065.0,0.6642324060977428,0.09165991902834003,1.6719181092797624,-0.8676604616592685,2.539578570939031,0.4760236479089117,1.8814437560327406,-0.10999851654057258,0.12987687286752725,0.5683874796024329,1.0,True,True,1,False,1.8814437560327406,1.6719181092797624,-0.8676604616592685,,,,
EWY,2026-05-05,173.47,21110400.0,15286465.0,1.3809863823977617,0.12372870376368472,2.1474042454508853,0.5794185118022921,2.7268227572531774,0.39098709004891363,1.1923420498836963,0.028996368248112026,0.22764743183259362,-0.09436790223093328,1.0,True,True,1,False,1.1923420498836963,2.1474042454508853,0.5794185118022921,,,,
EWY,2026-07-13,168.02,35909600.0,21384435.0,1.6792400640933465,-0.1149855148801685,-2.1252389925252326,1.1886735826747958,3.3139125752000282,0.15939828871101325,-0.9963834307050813,-0.030710629686942048,-0.029163194857755093,,0.0,True,True,-1,False,-0.9963834307050813,-2.1252389925252326,1.1886735826747958,,,,
EWY,2026-07-28,151.45,31679500.0,23111970.0,1.370696656321378,-0.12406015037593998,-2.1641706555088214,0.5440230049798189,2.7081936604886403,-0.057912416023886526,-2.3688435347968375,0.1300099042588312,0.18950148563882485,,1.0,True,True,-1,False,-2.3688435347968375,-2.1641706555088214,0.5440230049798189,,,,
EWY,2026-08-14,179.74,11849700.0,23687815.0,0.5002445350067113,0.08218435787825884,0.9120562451963158,-1.2254985007340076,2.1375547459303235,0.03286978508217442,-1.4230957282307135,-0.0077890285968621464,-0.019583843329253448,,0.0,True,True,1,False,-1.4230957282307135,0.9120562451963158,-1.2254985007340076,,,,
EWY,2026-09-14,176.22,24488700.0,13783205.0,1.7767057806946933,-0.06697728596389052,-1.2593890618681371,1.4143552750869948,2.673744336955132,-0.14072557050906964,-2.0524660986730248,0.0734309385994778,,,,True,True,-1,False,-2.0524660986730248,-1.2593890618681371,1.4143552750869948,,,,
EWZ,2025-01-21,23.84,18353100.0,23757295.0,0.772524818166378,0.04515563349408169,1.7897889202477049,-0.5574137973626397,2.3472027176103447,-0.15160142348754457,,0.03942953020134232,0.09437919463087252,0.039848993288590595,1.0,True,True,1,False,,1.7897889202477049,-0.5574137973626397,,,,
EWZ,2025-01-30,25.37,34801900.0,19575710.0,1.7778103578363187,0.047914085088806235,1.6425752572445318,1.3168018428635277,2.9593771001080595,-0.08675305975521963,,0.01576665352778872,-0.049664958612534504,0.07252660622782803,0.0,True,True,1,False,,1.6425752572445318,1.3168018428635277,,,,
EWZ,2025-02-14,26.37,34751400.0,23060415.0,1.506972012429091,0.045598731165741535,1.499508251209995,0.8189391839848816,2.3184474351948765,-0.034065934065934056,,-0.049677664012135136,0.0030337504740234333,0.074326886613576,0.0,True,True,1,False,,1.499508251209995,0.8189391839848816,,,,
EWZ,2025-02-28,24.11,39406000.0,24796835.0,1.5891544223284948,-0.05339615233608164,-1.2871311799496257,1.020223187060732,2.3073543670103573,-0.05525078369905956,,0.029448361675653345,0.07673164661965992,0.16092907507258403,1.0,True,True,-1,False,,-1.2871311799496257,1.020223187060732,,,,
EWZ,2025-03-17,26.45,27460600.0,25097350.0,1.094163328000765,0.08847736625514391,2.72197085570494,0.04067134228972179,2.7626421979946616,0.07085020242914974,,-0.009829867674858161,-0.05444234404536852,0.06691871455576548,0.0,True,True,1,False,,2.72197085570494,0.04067134228972179,,,,
EWZ,2025-04-04,24.5,53970300.0,22158710.0,2.43562463699376,-0.056240369799691825,-1.3904089849285706,2.979704316353349,4.37011330128192,0.056945642795513285,0.9853010293837652,0.0077551020408164195,0.09020408163265303,0.17999999999999994,1.0,True,True,-1,False,0.9853010293837652,-1.3904089849285706,2.979704316353349,,,,
EWZ,2025-04-24,26.74,20679100.0,26601865.0,0.7773552718954103,0.07866075030254138,2.1092384435226768,-0.6098324383446578,2.7190708818673346,0.07909604519774005,1.029712217727856,0.005235602094240788,0.02916978309648477,0.00972326103216159,0.0,True,True,1,False,1.029712217727856,2.1092384435226768,-0.6098324383446578,,,,
EWZ,2025-05-13,28.33,41363000.0,20949080.0,1.9744542481101794,0.0646373543780534,1.667239158239727,1.9719923548746514,3.639231513114378,0.074326886613576,0.881680706969904,-0.006000705965407582,-0.0038828097423225794,-0.018355100600070617,0.0,True,True,1,False,0.881680706969904,1.667239158239727,1.9719923548746514,,,,
EWZ,2025-06-30,28.85,46432200.0,23880670.0,1.9443424326034404,0.04302241503976867,1.168515639745319,2.013324715639797,3.1818403553851162,0.10367253251721498,0.8799304078250627,-0.004852686308492227,-0.07244367417677644,0.0762564991334489,0.0,True,True,1,False,0.8799304078250627,1.168515639745319,2.013324715639797,,,,
EWZ,2025-07-10,27.72,58297200.0,24824545.0,2.3483693256009324,-0.041162227602905666,-1.0968141864272865,2.911974718265828,4.008788904693114,0.12272174969623317,0.9436558330711413,-0.0010822510822510178,0.011904761904761862,0.0941558441558441,0.0,True,True,-1,False,0.9436558330711413,-1.0968141864272865,2.911974718265828,,,,
EWZ,2025-07-30,26.88,62920800.0,25760830.0,2.4424989412220026,-0.02183406113537123,-0.5485815229074028,3.138340035952508,3.6869215588599107,-0.008849557522124019,-0.1501710710302511,0.021205357142857206,0.07961309523809534,0.13355654761904767,1.0,True,True,-1,False,-0.1501710710302511,-0.5485815229074028,3.138340035952508,,,,
EWZ,2025-08-19,27.36,40429700.0,26442470.0,1.5289683603687552,-0.0362803804156393,-0.9824684456458936,1.0816691618306202,2.064137607476514,-0.005813953488372103,-0.12381076531550358,0.04568713450292394,0.13084795321637444,0.2141812865497077,1.0,True,True,-1,False,-0.12381076531550358,-0.9824684456458936,1.0816691618306202,,,,
EWZ,2025-08-28,29.49,44091200.0,27116485.0,1.6259924544055029,0.0661605206073752,1.8275861241548697,1.3068499791323613,3.134436103287231,0.06925308194343738,0.5329677593521631,0.004747371990505345,0.04204815191590372,0.08613089182773837,0.0,True,True,1,False,0.5329677593521631,1.8275861241548697,1.3068499791323613,,,,
EWZ,2025-09-17,30.94,39751100.0,26015850.0,1.5279569954470062,0.038603558241020464,1.0462301153578972,1.1216351607898813,2.1678652761477784,0.11858279103398406,0.9606966623969901,0.0035552682611506015,-0.05235940530058181,0.07175177763413032,0.0,True,True,1,False,0.9606966623969901,1.0462301153578972,1.1216351607898813,,,,
EWZ,2025-10-10,28.79,57542600.0,26327550.0,2.185642036573855,-0.050774810418727334,-1.4701713737887239,2.6799879253015213,4.150159299090245,0.03972553268327905,0.19098906381738778,0.03195554011809665,0.12191733240708569,0.1358110455019106,1.0,True,True,-1,False,0.19098906381738778,-1.4701713737887239,2.6799879253015213,,,,
EWZ,2025-10-28,30.92,13172800.0,26319595.0,0.5004940235592531,0.032732130928523784,0.8544723770829288,-1.248622503482422,2.103094880565351,0.14816190122539918,1.1672408360964388,0.008408796895213344,0.05271668822768416,0.18402328589909445,1.0,True,True,1,False,1.1672408360964388,0.8544723770829288,-1.248622503482422,,,,
EWZ,2025-11-11,33.49,41923500.0,21920420.0,1.9125317854311186,0.07408595253367545,1.96634398467909,2.180088959276277,4.146432943955367,0.18381053375751155,1.4495557571889781,-0.023290534487906855,-0.021498954911914003,0.14720812182741105,0.0,True,True,1,False,1.4495557571889781,1.96634398467909,2.180088959276277,,,,
EWZ,2025-11-28,33.61,15012400.0,25375775.0,0.5916036061952787,0.05360501567398113,1.3579589480601193,-1.039969489276347,2.397928437336466,0.15221117586561528,1.0888380036077456,-0.032133293662600315,-0.06515917881582856,0.16334424278488546,0.0,True,True,1,False,1.0888380036077456,1.3579589480601193,-1.039969489276347,,,,
EWZ,2025-12-16,31.6,65729100.0,32551700.0,2.0192217303550968,-0.03481979230299326,-1.1249153469609916,2.07815908311837,3.2030744300793614,0.026307242611237402,-0.11665087575286887,0.0015822784810126667,0.05569620253164542,0.15601265822784804,1.0,True,True,-1,False,-0.11665087575286887,-1.1249153469609916,2.07815908311837,,,,
EWZ,2026-01-21,35.02,51924400.0,22575300.0,2.300053598401793,0.07324547961998151,1.9684780489346403,2.7371403185313232,4.705618367465964,0.14932720708893998,1.1437106967839126,0.0945174186179325,0.10251284980011421,0.17532838378069648,1.0,True,True,1,False,1.1437106967839126,1.9684780489346403,2.7371403185313232,,,,
EWZ,2026-03-03,36.82,98268100.0,41332485.0,2.3775028285862803,-0.06713959969597161,-2.1859855265867534,2.6625879456337023,4.848573472220456,0.07660818713450279,-0.24148131524569352,0.019282998370450777,0.04263986963606725,-0.019282998370450888,0.0,True,True,-1,False,-0.24148131524569352,-2.1859855265867534,2.6625879456337023,,,,
EWZ,2026-03-18,36.26,25473300.0,40235890.0,0.6330989571748009,-0.035894708854028234,-1.2240000119866437,-0.7987301577359165,2.02273016972256,0.16329804299005435,1.1250855470972734,0.03530060672917812,0.14368450082735795,-0.031991174848317594,1.0,True,True,-1,False,1.1250855470972734,-1.2240000119866437,-0.7987301577359165,,,,
EWZ,2026-04-06,38.54,17698200.0,34686405.0,0.5102344852399665,0.05214305214305215,1.257251954722718,-1.0425606468150703,2.299812601537788,0.17859327217125376,1.3793346510452085,0.07732226258432817,0.012973533990659147,-0.113129216398547,0.0,True,True,1,False,1.3793346510452085,1.257251954722718,-1.0425606468150703,,,,
EWZ,2026-04-27,39.89,18899000.0,28817805.0,0.6558098370087521,-0.03414043583535098,-1.2891813810794286,-0.7467034695557613,2.03588485063519,0.046432318992654764,-0.9351018909525236,-0.02130859864627732,-0.08523439458510906,-0.09325645525194282,0.0,True,True,-1,False,-0.9351018909525236,-1.2891813810794286,-0.7467034695557613,,,,
EWZ,2026-05-12,38.24,42380500.0,25210990.0,1.6810327559528602,-0.03701838327877105,-1.3380406122803532,1.324694983638837,2.66273559591919,0.004729374671571085,-1.5575383409246415,-0.0614539748953975,-0.1166317991631799,-0.07583682008368198,0.0,True,True,-1,False,-1.5575383409246415,-1.3380406122803532,1.324694983638837,,,,
EWZ,2026-06-04,34.78,15252500.0,30843785.0,0.49450805081153304,-0.03683190252007751,-1.2251244450445473,-1.0655384040461309,2.290662849090678,-0.07327471356248338,-2.2782069036218995,0.0008625646923519081,0.004025301897642386,0.03594019551466365,0.0,True,True,-1,False,-2.2782069036218995,-1.2251244450445473,-1.0655384040461309,,,,
EWZ,2026-07-10,35.93,32977800.0,19338105.0,1.7053273834225224,0.04356665698518736,1.109303651082,1.4301576053143037,2.5394612563963035,-0.13898873711957815,-2.3943434765195453,-0.01948232674645156,-0.016420818257723235,,0.0,True,True,1,False,-2.3943434765195453,1.109303651082,1.4301576053143037,,,,
EWZ,2026-08-11,33.98,34926500.0,18283325.0,1.9102925753384572,-0.05846494873926311,-1.8499558966840797,1.8614433838744524,3.711399280558532,-0.08483705898195548,-1.4779811558045586,-0.008240141259564293,0.12036492054149517,,1.0,True,True,-1,False,-1.4779811558045586,-1.8499558966840797,1.8614433838744524,,,,
EWZ,2026-08-25,35.88,38360900.0,21100465.0,1.8180120675065692,0.06468842729970326,1.6909309422994945,1.6620945029255128,3.3530254452250072,-0.0008354218880533004,-0.6063946192467343,0.019230769230769162,,,,True,True,1,False,-0.6063946192467343,1.6909309422994945,1.6620945029255128,,,,
EWZ,2026-09-02,38.09,40184000.0,23429960.0,1.7150690824909645,0.0663493840985443,1.739508558970087,1.434439300753023,3.1739478597231097,0.1306025526862573,0.6639891099416919,0.012339196639537864,,,,True,True,1,False,0.6639891099416919,1.739508558970087,1.434439300753023,,,,
GEV,2025-01-21,416.0,4223300.0,2636785.0,1.6016853858012694,0.13410212371527486,2.140288539693777,1.2508462678384937,3.391134807532271,0.5049562260328484,,-0.1463461538461538,-0.09807692307692306,-0.21115384615384614,0.0,True,True,1,False,,2.140288539693777,1.2508462678384937,,,,
GEV,2025-02-21,327.88,6965000.0,4026370.0,1.7298459903088887,-0.11457967648726741,-2.1551266253761057,0.9858101825805141,3.14093680795662,-0.03522142121524208,,0.022264243015737595,0.018268878858118898,0.3620836891545689,0.0,True,True,-1,False,,-2.1551266253761057,0.9858101825805141,,,,
GEV,2025-03-06,293.21,7501000.0,3811655.0,1.96791157646744,-0.10135466470516119,-1.6872900605661232,1.3306850515089559,3.017975112075079,-0.1577571596817281,,0.023975989904846395,0.015176835715016601,0.654650250673579,0.0,True,True,-1,False,,-1.6872900605661232,1.3306850515089559,,,,
GEV,2025-03-28,302.93,2725300.0,4456490.0,0.611535087030376,-0.09267080001198069,-1.4188934219644689,-0.7680337872810117,2.1869272092454803,-0.08275298249863738,-1.1749958981261244,-0.10381936420955329,0.22160235037797515,0.6593602482421681,1.0,True,True,-1,False,-1.1749958981261244,-1.4188934219644689,-0.7680337872810117,,,,
GEV,2025-04-25,372.42,3961100.0,4366165.0,0.9072263645556227,0.15104311543810844,1.8225347498758115,-0.2909442707164867,2.1134790205922984,0.05426751592356682,-0.13099968317152272,0.06417485634498687,0.24695236560872114,0.6890338864722623,1.0,True,True,1,False,-0.13099968317152272,1.8225347498758115,-0.2909442707164867,,,,
GEV,2025-06-27,519.66,9150300.0,2869045.0,3.1893190939842353,0.06715130606209962,0.6395031830429242,4.0321063090474745,4.671609492090399,0.6463692814598909,1.7897536907358795,0.020436439210252955,0.24631489820267105,0.21889312242620185,1.0,True,True,1,False,1.7897536907358795,0.6395031830429242,4.0321063090474745,,,,
GEV,2025-07-23,629.03,7081300.0,3023855.0,2.3418120247167935,0.12092592262594226,1.422443603343021,2.391260579759922,3.813704183102943,0.6890338864722623,1.4903353675949607,0.04128578923103832,-0.038853472807338196,-0.04297092348536635,0.0,True,True,1,False,1.4903353675949607,1.422443603343021,2.391260579759922,,,,
GEV,2025-09-02,579.68,5267300.0,2392095.0,2.2019610425171243,-0.03757201441118363,-0.8734563462160874,2.2456275305593523,3.1190838767754396,0.19691932852924765,-0.2739839631257208,0.044886834115374086,0.06075765939828881,-0.012282638697212245,1.0,True,True,-1,False,-0.2739839631257208,-0.8734563462160874,2.2456275305593523,,,,
GEV,2025-10-21,585.33,3956400.0,2523945.0,1.5675460439906574,-0.09168076224763722,-1.6236803785003207,1.077824291678289,2.7015046701786094,-0.09623876725442349,-1.2820596553361785,-0.024516084943536187,-0.05193651444484326,0.16438590196982883,0.0,True,True,-1,False,-1.2820596553361785,-1.6236803785003207,1.077824291678289,,,,
GEV,2025-11-28,599.77,1006600.0,3081700.0,0.3266378946685271,0.07479884594018249,0.937658484651581,-1.3295305112921962,2.267188995943777,0.001603179639618535,-0.7701016648928038,0.05260349800756958,0.10619070643746786,0.4613268419560832,1.0,True,True,1,False,-0.7701016648928038,0.937658484651581,-1.3295305112921962,,,,
GEV,2025-12-10,723.0,11396400.0,3040510.0,3.7481869817892393,0.20105653105636478,2.8041859795895765,5.209699171365851,8.013885150955428,0.17007331164732742,-0.15429880886704225,-0.1504979253112032,-0.1390041493775933,0.160719225449516,0.0,True,True,1,False,-0.15429880886704225,2.8041859795895765,5.209699171365851,,,,
GEV,2026-01-16,681.55,4986800.0,2735160.0,1.8232205794176575,0.09485943775100392,1.1959965982234124,1.4722507937950853,2.6682473920184977,0.16438590196982883,-0.09068001839104996,-0.022830313256547496,0.20189274447949535,0.44658499009610453,1.0,True,True,1,False,-0.09068001839104996,1.1959965982234124,1.4722507937950853,,,,
GEV,2026-01-28,711.59,5776300.0,2860800.0,2.0191205257270695,0.06542993606731651,0.8014723552111768,2.1797854923946907,2.9812578476058675,0.23955266779312612,0.20320628444797176,0.048665664216754,0.23169240714456363,0.6149608622942986,1.0,True,True,1,False,0.20320628444797176,0.8014723552111768,2.1797854923946907,,,,
GEV,2026-03-05,815.01,3203700.0,2575795.0,1.2437713404987587,-0.0701115852406271,-1.4861176842048098,0.5515814644462658,2.0376991486510754,0.2909617943356775,0.26807583147673236,0.020981337652298704,0.10252634936994642,0.16629243812959338,1.0,True,True,-1,False,0.26807583147673236,-1.4861176842048098,0.5515814644462658,,,,
GEV,2026-03-20,851.07,4438100.0,2369675.0,1.8728728623123425,0.05720354773794445,0.6366397882616915,1.9652750947062474,2.601914882967939,0.2859733156041766,0.2010483480455578,0.002455732195941529,0.16345306496527878,0.15425288166660778,1.0,True,True,1,False,0.2010483480455578,0.6366397882616915,1.9652750947062474,,,,
GEV,2026-04-07,910.75,1399100.0,2587185.0,0.5407808100309797,0.1142717318162354,1.645775189883953,-1.0075281118536865,2.6533033017376395,0.4493157224697646,0.757212026085616,0.08427120505078234,0.20253637112270106,0.22219050233324178,1.0,True,True,1,False,0.757212026085616,1.645775189883953,-1.0075281118536865,,,,
GEV,2026-04-22,1127.56,4184700.0,2240845.0,1.8674651749674789,0.14366277182732867,2.219986042974796,1.9909177759504986,4.210903818925295,0.693058454331146,1.6507071543635707,-0.057158820816630596,-0.09138316364539356,-0.04290680761999355,0.0,True,True,1,False,1.6507071543635707,2.219986042974796,1.9909177759504986,,,,
GEV,2026-05-13,1062.57,1588400.0,2667700.0,0.5954192750309255,-0.050395009651819644,-1.304841551570607,-0.9115357928869589,2.216377344457566,0.2971616919978026,-0.02412252533899032,-0.03580940549799072,-0.14660681178651758,-0.06749672962722453,0.0,True,True,-1,False,-0.02412252533899032,-1.304841551570607,-0.9115357928869589,,,,
GEV,2026-05-29,968.32,5276800.0,2232135.0,2.3640147213318192,-0.07233047843497908,-1.6406396887471746,3.0270513642735533,4.667691053020728,0.1510216696185529,-0.5906208247146286,-0.03584558823529416,0.1385802214144083,-0.0429506774619961,1.0,True,True,-1,False,-0.5906208247146286,-1.6406396887471746,3.0270513642735533,,,,
GEV,2026-06-30,1174.86,3096200.0,3258835.0,0.9500941287300523,0.13515237009410797,1.948271474788189,-0.15299923482498898,2.101270709613178,0.3074774363711228,0.19144812514005555,-0.0884105340210748,-0.23371295303270168,,0.0,True,True,1,False,0.19144812514005555,1.948271474788189,-0.15299923482498898,,,,
GEV,2026-07-22,985.03,4903800.0,2858145.0,1.715728208330928,-0.06657000985520434,-1.2999443248957943,1.6018113452697755,2.90175567016557,-0.14284844107588834,-1.803804558631794,-0.08603798869069978,0.0024669299412201084,,0.0,True,True,-1,False,-1.803804558631794,-1.2999443248957943,1.6018113452697755,,,,
GEV,2026-08-14,1063.25,1491000.0,2677735.0,0.5568138744125165,0.07364286291299771,1.0052253351888967,-1.0433367631292263,2.048562098318123,0.05084997034987149,-0.6864992766832586,-0.1000705384434517,-0.17727721608276514,,0.0,True,True,1,False,-0.6864992766832586,1.0052253351888967,-1.0433367631292263,,,,
GEV,2026-09-14,874.76,3299400.0,1992595.0,1.655830713215681,-0.07133075003981104,-1.301555774471975,1.532308159340349,2.833863933812324,-0.16598974124287313,-1.6759311851842758,0.08169097809684955,,,,True,True,-1,False,-1.6759311851842758,-1.301555774471975,1.532308159340349,,,,
GME,2025-01-21,27.47,5867800.0,9840175.0,0.5963105330951939,-0.11444229529335914,-1.6885848670057637,-0.7206482006417194,2.409233067647483,0.31247013855709493,,-0.00036403349108116156,-0.0535129231889333,-0.04441208591190382,0.0,True,True,-1,False,,-1.6885848670057637,-0.7206482006417194,,,,
GME,2025-02-06,24.8,4349500.0,6036070.0,0.7205847513365484,-0.11396927474097884,-1.6468726958979514,-0.461043527063343,2.107916222961294,0.05756929637526653,,0.06209677419354831,-0.032258064516129115,0.07258064516129026,0.0,True,True,-1,False,,-1.6468726958979514,-0.461043527063343,,,,
GME,2025-02-14,27.0,12142600.0,5366410.0,2.2627044895936015,0.09179134654266075,1.0642840367324657,1.6691566432721197,2.7334406800045854,0.015419330575404233,,-0.07407407407407407,-0.12962962962962965,0.05148148148148146,0.0,True,True,1,False,,1.0642840367324657,1.6691566432721197,,,,
GME,2025-03-12,21.99,3718200.0,5476915.0,0.678885832626579,-0.12285600319106504,-1.7316203202781124,-0.5403976675580459,2.272017987836158,-0.2409389023127373,,0.07821737153251496,0.15507048658481137,0.34515688949522505,1.0,True,True,-1,False,,-1.7316203202781124,-0.5403976675580459,,,,
GME,2025-03-25,25.4,10106800.0,4102815.0,2.463381848803809,0.09012875536480669,1.1416994862062657,2.194982789560211,3.336682275766477,-0.1843288375080283,-1.1435740740992222,-0.10984251968503933,0.06771653543307088,-0.07637795275590542,1.0,True,True,1,False,-1.1435740740992222,1.1416994862062657,2.194982789560211,,,,
GME,2025-04-10,25.02,11545400.0,17729810.0,0.651185771308322,0.18578199052132693,2.2909186675941036,-0.3528988072854054,2.643817474879509,-0.10258249641319939,-0.5719511352183392,0.0703437250199841,0.1007194244604317,-0.07314148681055144,1.0,True,True,1,False,-0.5719511352183392,2.2909186675941036,-0.3528988072854054,,,,
GME,2025-05-22,30.86,21451000.0,6989515.0,3.0690255332451537,0.07789032483409009,0.8871646901237243,1.2000030198561125,2.0871677099798367,0.25396180414465674,0.8449097324043339,-0.03434867141931297,-0.26053143227478937,-0.26053143227478937,0.0,True,True,1,False,0.8449097324043339,0.8871646901237243,1.2000030198561125,,,,
GME,2025-06-12,22.14,172324500.0,13603920.0,12.667267963939805,-0.2482173174872665,-3.305482350783892,7.245532323163314,10.551014673947206,-0.04978540772532192,-0.5288450580610525,0.05962059620596216,0.07046070460704601,0.06549232158988261,1.0,True,True,-1,False,-0.5288450580610525,-3.305482350783892,7.245532323163314,,,,
GME,2025-09-10,24.37,46254000.0,6980660.0,6.626021035260276,0.06512237762237771,0.7981047219344678,3.4425892256896917,4.24069394762416,0.10072267389340572,0.4143588971593185,0.07098892080426755,0.0016413623307345304,-0.058268362741075164,0.0,True,True,1,False,0.4143588971593185,0.7981047219344678,3.4425892256896917,,,,
GME,2025-11-28,22.53,8789300.0,5233955.0,1.6792845945370183,0.12988966900702104,1.8443272837400273,0.40229356714383857,2.2466208508838656,0.007152436298614173,-0.009374742872082023,0.020861074123391,-0.0887705281846427,0.06968486462494461,0.0,True,True,1,False,-0.009374742872082023,1.8443272837400273,0.40229356714383857,,,,
GME,2026-01-22,23.14,15763000.0,5232675.0,3.012417167127712,0.10085632730732641,1.4964343882070814,1.2745863968754192,2.7710207850825004,-0.006866952789699621,0.25344164519347395,-0.014261019878997527,0.012532411408815891,0.07692307692307687,0.0,True,True,1,False,0.25344164519347395,1.4964343882070814,1.2745863968754192,,,,
GME,2026-04-15,24.79,11695400.0,6053325.0,1.9320621311428017,0.08206023570493226,1.328967883956746,0.8383004491516727,2.1672683331084186,0.1748815165876776,1.280192787043707,0.03509479628882617,-0.109318273497378,-0.11133521581282768,0.0,True,True,1,False,1.280192787043707,1.328967883956746,0.8383004491516727,,,,
GME,2026-05-01,26.53,20284900.0,6937095.0,2.9241202549482166,0.06332665330661325,1.0289888075027251,1.748083982590306,2.7770727900930314,0.062049639711769355,0.44163624495301584,-0.08480964945344893,-0.19487372785525825,-0.17678100263852248,0.0,True,True,1,False,0.44163624495301584,1.0289888075027251,1.748083982590306,,,,
GME,2026-05-13,22.08,7356900.0,11170210.0,0.6586178773720458,-0.12276519666269381,-1.975875476997963,-0.40390520753155296,2.379780684529516,-0.050730868443680244,-0.3430924934811534,0.021286231884058093,0.004528985507246341,-0.14900362318840576,0.0,True,True,-1,False,-0.3430924934811534,-1.975875476997963,-0.40390520753155296,,,,
GME,2026-07-02,22.82,4574300.0,5944535.0,0.7694966889756726,0.08614945264159912,1.7862583831730323,-0.3162540035708457,2.102512386743878,-0.026034997865983733,0.03693645366019449,-0.0499561787905346,-0.048203330411919376,,0.0,True,True,1,False,0.03693645366019449,1.7862583831730323,-0.3162540035708457,,,,
GME,2026-08-03,19.06,41713200.0,3151550.0,13.23577287366534,-0.11431226765799263,-2.385338133141372,16.96296629282976,19.34830442597113,-0.24274930472785072,-1.8171553077277474,-0.014165792235047214,-0.03567681007345225,,0.0,True,True,-1,False,-1.8171553077277474,-2.385338133141372,16.96296629282976,,,,
GME,2026-09-09,19.89,15594800.0,6293825.0,2.47779371050196,0.05741626794258381,1.156344578731126,1.3568525247365926,2.5131971034677187,-0.08635737253100595,-0.5777871294745961,0.10507792860734044,,,,True,True,1,False,-0.5777871294745961,1.156344578731126,1.3568525247365926,,,,
GOOGL,2025-01-27,191.81,41728900.0,21647330.0,1.927669601747652,-0.02137755102040817,-0.9194696896743523,1.7233567815173414,2.6428264711916936,0.15049184261036475,,0.04911109952557213,-0.08544914238048074,-0.19008393722955008,0.0,True,True,-1,False,,-0.9194696896743523,1.7233567815173414,,,,
GOOGL,2025-02-04,206.38,43856400.0,25390105.0,1.7273028213156267,0.05673323092677918,1.2070554848870567,1.330782565182932,2.537838050069989,0.2158595498998468,,-0.10204477178021132,-0.16164357011338304,-0.218432018606454,0.0,True,True,1,False,,1.2070554848870567,1.330782565182932,,,,
GOOGL,2025-02-26,172.73,35431300.0,30227800.0,1.1721428618688756,-0.06768500026987645,-1.8323574133660268,0.20721919630457122,2.039576609670598,0.021345789971617624,,0.0016789208591443394,-0.044404562033230954,-0.01076825102761525,0.0,True,True,-1,False,,-1.8323574133660268,0.20721919630457122,,,,
GOOGL,2025-03-25,170.56,24174400.0,35838075.0,0.6745451590243059,0.061554739528225655,1.4953323086174446,-0.8396615696820212,2.334993878299466,-0.1302840242720923,-1.7074617828175294,-0.0790924015009381,-0.08917682926829273,-0.02298311444652923,0.0,True,True,1,False,-1.7074617828175294,1.4953323086174446,-0.8396615696820212,,,,
GOOGL,2025-05-07,151.38,127490100.0,34976695.0,3.6450013358895115,-0.04672544080604546,-1.0921800898741658,5.6266478365142865,6.718827926388452,-0.18818040435458794,-1.0933381811938596,0.09241643546043066,0.11117717003567185,0.28841326463205186,1.0,True,True,-1,False,-1.0933381811938596,-1.0921800898741658,5.6266478365142865,,,,
GOOGL,2025-05-22,170.87,74864400.0,43557270.0,1.718757856036432,0.04214442546962682,0.915805531901271,1.289368681357668,2.205174213258939,-0.01076825102761525,0.07809428106012295,0.005091590097735077,-0.0332416456955581,0.17966875402352667,0.0,True,True,1,False,0.07809428106012295,0.915805531901271,1.289368681357668,,,,
GOOGL,2025-06-10,178.6,61766100.0,41908885.0,1.473818737959743,0.07473823564809234,1.6664191243465596,0.844696056200369,2.5111151805469287,0.07921928817451196,0.6614908813775783,-0.014837625979843283,-0.005487122060470306,0.3157894736842106,0.0,True,True,1,False,0.6614908813775783,1.6664191243465596,0.844696056200369,,,,
GOOGL,2025-07-24,192.17,74881700.0,41046915.0,1.8242954433969032,0.046791589497766406,0.9869530674120074,1.5850758400818399,2.572028907493847,0.1965008405454205,1.231557395606209,-0.001405005984284613,0.03944424207732733,0.31810376229380255,0.0,True,True,1,False,1.231557395606209,0.9869530674120074,1.5850758400818399,,,,
GOOGL,2025-09-03,230.66,103336100.0,29935715.0,3.4519335850170942,0.11354639374336206,2.5969225110634127,5.137786127256258,7.73470863831967,0.3280746199907876,1.7876262198969017,0.03689412988814711,0.06173588832047172,0.3871065637735194,1.0,True,True,1,False,1.7876262198969017,2.5969225110634127,5.137786127256258,,,,
GOOGL,2025-09-26,246.54,18503200.0,40789995.0,0.4536210411401129,-0.032113693467336724,-0.9617215825941888,-1.2119629456748153,2.1736845282690043,0.3800940438871474,1.6501843500514972,-0.004826802952867637,0.05427111219274772,0.2565100997809686,1.0,True,True,-1,False,1.6501843500514972,-0.9617215825941888,-1.2119629456748153,,,,
GOOGL,2025-10-29,274.57,43580300.0,28592585.0,1.5241818814213546,0.09090547896221546,1.8407988484261055,1.0431771181471587,2.8839759665732645,0.41043817742846866,1.5829631613785138,0.035473649706814436,0.16527661434242624,0.2184506683177332,1.0,True,True,1,False,1.5829631613785138,1.8407988484261055,1.0431771181471587,,,,
GOOGL,2025-11-19,292.81,68198900.0,35300560.0,1.931949521480679,0.021275853650029708,0.24631394834277584,1.9804870542909514,2.226801002633727,0.41358501496572386,1.4405730637737149,0.09268809125371402,0.03295652470885546,0.03592773470851407,0.0,True,True,1,False,1.4405730637737149,0.24631394834277584,1.9804870542909514,,,,
GOOGL,2025-12-17,296.72,43930400.0,45962070.0,0.9557968124586208,-0.07335810874113846,-1.9083712615921058,-0.1425041050983853,2.050875366690491,0.17905110069140906,0.18694873801219752,0.05854003774602301,0.11215961175518996,0.04785656511188985,1.0,True,True,-1,False,0.18694873801219752,-1.9083712615921058,-0.1425041050983853,,,,
GOOGL,2026-02-04,333.04,70618400.0,31394710.0,2.2493725853814226,-0.008839022648135408,-0.4581390855324944,2.745739319702688,3.2038784052351823,0.16958735733099206,0.07941487649693939,-0.06629834254143663,-0.09656497717991841,0.15808911842421325,0.0,True,True,-1,False,0.07941487649693939,-0.4581390855324944,2.745739319702688,,,,
GOOGL,2026-03-06,298.52,25576900.0,40274420.0,0.6350656322300855,-0.042468565563253846,-1.2814507730414286,-0.8472834903381403,2.128734263379569,-0.04845084788983822,-0.9744183084453155,0.012595470990218294,0.004924293179686456,0.21214658984322665,0.0,True,True,-1,False,-0.9744183084453155,-1.2814507730414286,-0.8472834903381403,,,,
GOOGL,2026-03-24,290.44,36864300.0,29367700.0,1.2552668407808578,-0.06586903383507015,-1.8718096043808063,0.5435167941654508,2.415326398546257,-0.0752968894265974,-1.1625499913030188,-0.009915989533122116,0.1682963779093789,0.2671463985676903,1.0,True,True,-1,False,-1.1625499913030188,-1.8718096043808063,0.5435167941654508,,,,
GOOGL,2026-04-30,384.8,72040000.0,24631275.0,2.924736945204826,0.13547168697807566,2.793019081411973,4.357251751186963,7.150270832598936,0.1327308586735747,-0.25290975714019975,0.034277546777546686,-0.011590436590436681,-0.13277027027027033,0.0,True,True,1,False,-0.25290975714019975,2.793019081411973,4.357251751186963,,,,
GOOGL,2026-05-29,380.34,44415800.0,28725140.0,1.5462344134789248,-0.01888252592477957,-0.8247983549100502,1.3240856252838225,2.1488839801938724,0.25470920067297853,0.32429598156120243,-0.031051164747331383,-0.07017405479307992,-0.08776357995477735,0.0,True,True,-1,False,0.32429598156120243,-0.8247983549100502,1.3240856252838225,,,,
GOOGL,2026-06-22,349.68,52814800.0,32632520.0,1.6184713898895948,-0.027802491103202875,-0.9838808909431516,1.451456633681451,2.4353375246246025,0.20193861066235863,-0.08392255842852506,0.011353237245481429,-0.0072351864561885915,-0.019474948524365154,0.0,True,True,-1,False,-0.08392255842852506,-0.9838808909431516,1.451456633681451,,,,
GOOGL,2026-07-22,342.09,39334100.0,32898315.0,1.195626584522642,-0.0777256551277905,-2.011518416949331,0.4477109362410765,2.4592293531904077,-0.006707317073170738,-1.459279522858461,-0.01572685550586106,0.007688035312344965,,0.0,True,True,-1,False,-1.459279522858461,-2.011518416949331,0.4477109362410765,,,,
GOOGL,2026-09-18,349.54,47631800.0,23961820.0,1.987820624643704,0.032614475627769535,0.5271076983008861,2.4705909555562218,2.9976986538571078,0.01230849430913139,-0.7953160016830848,,,,,True,True,1,False,-0.7953160016830848,0.5271076983008861,2.4705909555562218,,,,
HIMS,2025-01-31,37.28,19691200.0,9903500.0,1.988307164133892,0.20764496274700361,1.1369304813624241,1.4165116834357387,2.553442164798163,0.8310412573673871,,0.1413626609442058,0.09120171673819732,-0.06008583690987135,1.0,True,True,1,False,,1.1369304813624241,1.4165116834357387,,,,
HIMS,2025-02-13,59.18,42823800.0,12636780.0,3.388822152478717,0.4623177662466025,2.7586315147925715,3.4361915930865603,6.194823107879132,1.8383693045563545,,-0.16728624535315983,-0.44001351808043254,-0.06708347414667115,0.0,True,True,1,False,,2.7586315147925715,3.4361915930865603,,,,
HIMS,2025-04-01,31.05,46231100.0,22288150.0,2.074245731476143,-0.1617170626349892,-1.1336283029810672,1.1428336624711941,2.2764619654522615,0.2321428571428572,-0.5934383223508134,-0.1594202898550724,0.06602254428341392,0.5913043478260869,1.0,True,True,-1,False,-0.5934383223508134,-1.1336283029810672,1.1428336624711941,,,,
HIMS,2025-04-29,35.04,152176200.0,22294505.0,6.825726787834043,0.382248520710059,2.084483847649924,7.307488345061851,9.391972192711776,-0.06008583690987135,-0.9634485345138261,0.41181506849315075,0.5222602739726028,0.6452625570776256,1.0,True,True,1,False,-0.9634485345138261,2.084483847649924,7.307488345061851,,,,
HIMS,2025-06-23,41.98,176087900.0,39217780.0,4.490001728807699,-0.24333093006488826,-1.6413218519119637,3.7098222958463283,5.351144147758292,0.2583932853717026,-0.27725585512483136,0.18747022391615076,0.1912815626488804,0.1993806574559316,1.0,True,True,-1,False,-0.27725585512483136,-1.6413218519119637,3.7098222958463283,,,,
HIMS,2025-08-05,55.52,105853300.0,32690045.0,3.238089760965456,-0.07881201260992199,-0.7117937090070691,2.379531764259642,3.091325473266711,0.08015564202334646,-0.8562545881724488,-0.1361671469740634,-0.19920749279538907,-0.1601224783861671,0.0,True,True,-1,False,-0.8562545881724488,-0.7117937090070691,2.379531764259642,,,,
HIMS,2025-10-17,49.78,74581700.0,28278875.0,2.6373644637560725,-0.07729379054680263,-0.6703307760905142,1.8780630399390066,2.5483938160295208,-0.13154221912072572,-1.0668218357356942,-0.020088388911209343,-0.2571313780634794,-0.3708316593009241,0.0,True,True,-1,False,-1.0668218357356942,-0.6703307760905142,1.8780630399390066,,,,
HIMS,2026-02-04,24.4,31676000.0,17214115.0,1.8401178335337018,-0.14893617021276606,-1.025135058821762,1.0037594790613926,2.0288945378831547,-0.4123314065510598,-1.1657404551625346,-0.315983606557377,-0.34918032786885234,0.12336065573770494,0.0,True,True,-1,False,-1.1657404551625346,-1.025135058821762,1.0037594790613926,,,,
HIMS,2026-03-09,22.16,174964100.0,37560100.0,4.658243721395843,0.34466019417475735,2.6472282609825695,4.661205237524066,7.308433498506636,-0.4434957307885484,-1.1311694188647965,0.12274368231046928,-0.12003610108303253,0.2414259927797835,0.0,True,True,1,False,-1.1311694188647965,2.6472282609825695,4.661205237524066,,,,
HIMS,2026-04-15,24.29,45776800.0,24529535.0,1.8661911039080032,0.25270758122743664,1.6599825869923082,0.9912202096483518,2.6512027966406597,-0.22594008922880815,-0.43825307061143987,0.19431864965006196,-0.006175380815150233,0.4153972828324415,0.0,True,True,1,False,-0.43825307061143987,1.6599825869923082,0.9912202096483518,,,,
HIMS,2026-06-18,35.47,31903500.0,18447270.0,1.7294428931760635,0.22861101489435387,1.6822694235664442,1.009115905008148,2.691385328574592,0.662136832239925,1.696351809117454,-0.04313504369890053,-0.07809416408232295,-0.21482943332393567,0.0,True,True,1,False,1.696351809117454,1.6822694235664442,1.009115905008148,,,,
HIMS,2026-07-23,32.74,32621700.0,13212885.0,2.4689308958641507,-0.027909738717339594,-0.20313833197182274,2.2089706889222236,2.4121090208940466,0.11398434841782934,0.42948041376168017,-0.1740989615149665,-0.026878436163714214,,0.0,True,True,-1,False,0.42948041376168017,-0.20313833197182274,2.2089706889222236,,,,
HOOD,2025-01-21,50.0,29947100.0,20370740.0,1.470103687936717,0.26294518817883294,2.301907182886976,0.6649389351427099,2.966846118029686,0.8241517694272162,,-0.01200000000000001,0.18459999999999988,-0.18680000000000008,1.0,True,True,1,False,,2.301907182886976,0.6649389351427099,,,,
HOOD,2025-02-12,55.91,48482700.0,22172135.0,2.1866500452031343,0.03154981549815483,-0.230829703591467,2.149412668714198,2.380242372305665,0.7521153243497336,,0.0026828832051513096,-0.3557503130030405,-0.022536218923269513,0.0,True,True,-1,False,,-0.230829703591467,2.149412668714198,,,,
HOOD,2025-03-10,35.63,89410600.0,42906935.0,2.08382630919687,-0.24013648965664314,-2.697377346563063,1.6465805355671996,4.343957882130263,-0.09888720283257457,,0.1793432500701655,-0.006174571989896349,1.0283468986808866,0.0,True,True,-1,False,,-2.697377346563063,1.6465805355671996,,,,
HOOD,2025-03-25,48.15,43367900.0,51309830.0,0.8452162090577965,0.20074812967581046,1.4887549185670834,-0.5680151392511337,2.056770057818217,0.21652349671551296,-0.9932100672961497,-0.12440290758047767,-0.0724818276220146,0.6303219106957425,0.0,True,True,1,False,-0.9932100672961497,1.4887549185670834,-0.5680151392511337,,,,
HOOD,2025-05-13,62.57,57297900.0,42154935.0,1.3592216427329327,0.28506880262887657,2.1291632227751243,0.5006409259710402,2.6298041487461643,-0.041513480392156854,-0.9644661187666109,0.03739811411219418,0.1967396515902189,0.8320281284960842,1.0,True,True,1,False,-0.9644661187666109,2.1291632227751243,0.5006409259710402,,,,
HOOD,2025-06-05,72.51,64664700.0,35295195.0,1.8321105748247035,0.13385457388584832,0.8188015977824524,1.536073140506243,2.3548747382886956,0.9942244224422443,1.710466436783586,0.018342297614122094,0.2889256654254584,0.39070473038201614,1.0,True,True,1,False,1.710466436783586,0.8188015977824524,1.536073140506243,,,,
HOOD,2025-06-30,93.63,101945000.0,38373240.0,2.6566690745946917,0.22632612966601173,1.6679852025765536,3.276303150988602,4.944288353565156,1.193767572633552,2.0009594635757484,-0.02520559649684928,0.10349247036206344,0.35426679483071677,1.0,True,True,1,False,2.0009594635757484,1.6679852025765536,3.276303150988602,,,,
HOOD,2025-09-08,117.28,102382400.0,37367045.0,2.7399115985756968,0.12736710564260312,0.8632252638767006,3.4294061886591045,4.292631452535805,0.5662393162393164,0.0030378672288751507,-0.02089017735334242,0.23004774897680758,0.07392564802182822,1.0,True,True,1,False,0.0030378672288751507,0.8632252638767006,3.4294061886591045,,,,
HOOD,2025-09-19,124.78,202388400.0,39568210.0,5.114924329404843,0.08476049726158386,0.43863368046775164,8.211973077502156,8.650606757969907,0.507915407854985,-0.11976843330964777,-0.02404231447347327,0.04111235774963928,-0.07629427792915533,0.0,True,True,1,False,-0.11976843330964777,0.43863368046775164,8.211973077502156,,,,
HOOD,2025-10-02,145.7,34579900.0,50431070.0,0.685686423072126,0.18793314309009368,1.441635296836562,-0.7002845970737791,2.141919893910341,0.5411466046118043,-0.03647681721976003,0.04639670555936881,-0.05236787920384345,-0.19402882635552499,0.0,True,True,1,False,-0.03647681721976003,1.441635296836562,-0.7002845970737791,,,,
HOOD,2025-10-15,134.15,22187000.0,41758340.0,0.5313190131600058,-0.11082388811559618,-1.471033133568819,-0.9570078736604322,2.4280410072292513,0.3171330387825235,-0.5268094473097092,-0.05165859112933291,-0.008721580320536826,-0.12396571002609025,0.0,True,True,-1,False,-0.5268094473097092,-1.471033133568819,-0.9570078736604322,,,,
HOOD,2025-11-06,127.08,50477800.0,25311330.0,1.994276871266741,-0.07959730571449264,-1.1720267272323268,1.8029356572855133,2.9749623845178403,0.16995028539863744,-0.8375582569898732,-0.04367327667610954,0.038322316650928556,-0.3655964746616305,0.0,True,True,-1,False,-0.8375582569898732,-1.1720267272323268,1.8029356572855133,,,,
HOOD,2025-11-17,115.97,40078600.0,27457710.0,1.4596483100739281,-0.1465263467765675,-1.8242253731690548,0.8447614995774042,2.668986872746459,0.06083058909623129,-1.0688680379110205,-0.00862291972061735,0.02957661464171779,-0.344916788824696,0.0,True,True,-1,False,-1.0688680379110205,-1.8242253731690548,0.8447614995774042,,,,
HOOD,2025-12-11,123.38,44624800.0,28294925.0,1.5771308812446048,-0.09994163991829597,-1.2788775231653013,1.1020382598651925,2.3809157830304937,0.03995279838165877,-1.0628598560988143,-0.050413357108121226,-0.047495542227265375,-0.3622142972929162,0.0,True,True,-1,False,-1.0628598560988143,-1.2788775231653013,1.1020382598651925,,,,
HOOD,2026-02-02,89.91,59741800.0,21479895.0,2.7812892009015875,-0.15971962616822433,-1.766580328990343,3.5009736343509466,5.26755396334129,-0.3427631578947369,-1.5530079091315936,-0.03725948170392612,-0.1539317094872651,-0.20809698587476355,0.0,True,True,-1,False,-1.5530079091315936,-1.766580328990343,3.5009736343509466,,,,
HOOD,2026-04-14,79.09,43587300.0,25897700.0,1.6830567965495005,0.135534816941852,1.3348053699070224,1.3975475565301547,2.7323529264371773,-0.2832804712279111,-0.9888437587637066,0.09280566443292448,-0.010367935263623784,0.41572891642432674,0.0,True,True,1,False,-0.9888437587637066,1.3348053699070224,1.3975475565301547,,,,
HOOD,2026-04-29,71.2,79797600.0,32998420.0,2.418224872584809,-0.19484337894379733,-2.337752905319158,2.7455836346773332,5.083336539996491,-0.20809698587476355,-0.8378803525645363,0.110252808988764,0.19157303370786516,0.3433988764044944,1.0,True,True,-1,False,-0.8378803525645363,-2.337752905319158,2.7455836346773332,,,,
HOOD,2026-05-28,84.84,44052400.0,25072810.0,1.7569789744348558,0.11985216473072868,1.294824198954993,1.4487917080726307,2.743615907027624,0.11528855001971872,-0.2214472147005471,0.04113625648279107,0.1632484677039132,0.2213578500707214,1.0,True,True,1,False,-0.2214472147005471,1.294824198954993,1.4487917080726307,,,,
HOOD,2026-06-15,98.12,36576900.0,29615715.0,1.2350503778146162,0.15380997177798683,1.6146550540360554,0.4110650933524175,2.0257201473884727,0.3230852211434736,0.22467120541859084,0.05228291887484704,0.17753770892784337,0.15501426824296782,1.0,True,True,1,False,0.22467120541859084,1.6146550540360554,0.4110650933524175,,,,
HOOD,2026-07-22,104.48,11151700.0,25420415.0,0.438690713743265,-0.09572442444175178,-1.0723354631148467,-1.0795239944728665,2.1518594575877135,0.23338448825404345,0.26190527477248,-0.14012251148545174,-0.0833652373660031,,0.0,True,True,-1,False,0.26190527477248,-1.0723354631148467,-1.0795239944728665,,,,
HOOD,2026-07-30,86.6,29692500.0,22236925.0,1.3352790460011894,-0.14746997440441034,-1.5887284749550332,0.6738423800880619,2.262570855043095,0.1312867406923579,0.0691182614001796,0.047459584295612034,0.2674364896073904,,1.0,True,True,-1,False,0.0691182614001796,-1.5887284749550332,0.6738423800880619,,,,
HOOD,2026-08-21,108.13,50460200.0,18349285.0,2.749981811280385,0.13154039347007118,1.375912582452419,3.471058278940595,4.846970861393014,0.41847041847041844,1.1121513391766038,-0.03579025247387391,0.1402940904466845,,1.0,True,True,1,False,1.1121513391766038,1.375912582452419,3.471058278940595,,,,
HOOD,2026-09-23,122.7,19001709.0,23273990.0,0.81643538559568,0.1750622486113771,1.7778367148752545,-0.38411393030691626,2.161950645182171,0.20494942551311013,0.5673753523622492,,,,,True,True,1,False,0.5673753523622492,1.7778367148752545,-0.38411393030691626,,,,
IBM,2025-01-29,228.63,7079800.0,3446610.0,2.054134352305599,0.02405267401236233,0.594808271426788,2.1108140580043697,2.705622329431158,0.11581259150805256,,0.151642391637143,0.10759742815903417,0.01653326335126626,1.0,True,True,1,False,,0.594808271426788,2.1108140580043697,,,,
IBM,2025-03-21,243.87,9580100.0,4866610.0,1.9685366199469445,-0.01803905778135695,-0.5140707938238553,1.6679429122816904,2.182013706105546,0.09182485673352425,0.05606461735727967,0.0005330708984294663,-0.03136917209988932,0.1606593676959036,0.0,True,True,-1,False,0.05606461735727967,-0.5140707938238553,1.6679429122816904,,,,
IBM,2025-04-04,227.48,7407100.0,4953455.0,1.4953401211881403,-0.06770491803278689,-1.620578166330194,0.8339495462640768,2.454527712594271,0.015717092337917293,-0.7637416497945595,0.03516792685071213,0.09539300158255681,0.2645067698259187,1.0,True,True,-1,False,-0.7637416497945595,-1.620578166330194,0.8339495462640768,,,,
IBM,2025-04-24,229.33,15428100.0,5184150.0,2.9760134255374555,-0.03873077084293908,-0.9097979819379954,3.6877339079537643,4.597531889891759,0.01626340512275104,-0.7544172003705468,0.04504425936423484,0.12662974752540013,0.22949461474730715,1.0,True,True,-1,False,-0.7544172003705468,-0.9097979819379954,3.6877339079537643,,,,
IBM,2025-05-30,259.06,9668900.0,3424665.0,2.8233126451784334,0.002670588690637521,-0.0700025317405335,3.4817736104220827,3.551776142162616,0.030674358464292784,-0.35967200994051135,0.03786767544198266,0.13788311588049096,-0.0634216011734734,1.0,True,True,-1,False,-0.35967200994051135,-0.0700025317405335,3.4817736104220827,,,,
IBM,2025-06-20,280.97,7677000.0,3565245.0,2.153288203195012,-0.0002135003380420164,-0.1776875901835396,2.173701429755293,2.3513890199388325,0.1243297318927572,0.6585180528881223,0.031070932839804888,0.013311029647293138,-0.08346086770829642,0.0,True,True,-1,False,0.6585180528881223,-0.1776875901835396,2.173701429755293,,,,
IBM,2025-07-23,282.01,8105900.0,3451230.0,2.3486988696783464,0.00031923950056755857,-0.15786568158408465,2.6565506788200204,2.8144163604041053,0.21341594595757485,1.3135401069439565,-0.07712492464806209,-0.13992411616609335,-0.021417680224105395,0.0,True,True,-1,False,1.3135401069439565,-0.15786568158408465,2.6565506788200204,,,,
IBM,2025-08-11,236.3,9382000.0,6028285.0,1.5563298682792868,-0.062227160885784505,-1.5114699168819299,0.8049691864327128,2.3164391033146425,-0.08346908695989441,-1.7651099905066137,0.013330512060939492,0.096529834955565,0.2731696995344901,1.0,True,True,-1,False,-1.7651099905066137,-1.5114699168819299,0.8049691864327128,,,,
IBM,2025-09-08,256.09,6940300.0,4438230.0,1.5637540190571466,0.051747505031007224,1.1422443689558648,0.8814050464858572,2.0236494154417217,-0.09033105996021595,-1.4997756812094416,0.000585731578742088,0.13014955679643903,0.17841383888476714,1.0,True,True,1,False,-1.4997756812094416,1.1422443689558648,0.8814050464858572,,,,
IBM,2025-09-19,266.4,9858100.0,3941820.0,2.5009005992155906,0.051136363636363535,1.109905723185924,2.463063281583349,3.572969004769273,-0.08472479901051333,-1.3366718569542226,0.06722972972972974,0.05585585585585595,0.1586336336336338,1.0,True,True,1,False,-1.3366718569542226,1.109905723185924,2.463063281583349,,,,
IBM,2025-10-14,276.15,3058100.0,5466955.0,0.5593790327522359,-0.06029877156565833,-1.5329692448640948,-0.8074887412488974,2.340457986112992,-0.0300656808682519,-0.7733159828808883,0.021365200072424484,0.13604924859677725,0.10164765525982267,1.0,True,True,-1,False,-0.7733159828808883,-1.5329692448640948,-0.8074887412488974,,,,
IBM,2025-10-22,287.51,10538500.0,4981000.0,2.115739811282875,0.024078361531611803,0.45169556336713346,1.8228859430926907,2.2745815064598243,0.09565184253648851,0.42999473361723545,0.0719974957392786,0.003547702688602161,0.01335605718061994,0.0,True,True,1,False,0.42999473361723545,0.45169556336713346,1.8228859430926907,,,,
IBM,2025-11-18,289.95,4861900.0,6701900.0,0.7254509915098704,-0.07576820094351666,-1.9869233415146736,-0.5119906945843656,2.4989140360990394,0.21100112767823576,1.2536154296867308,0.05011208829108482,0.04611139851698565,-0.10912226245904466,0.0,True,True,-1,False,1.2536154296867308,-1.9869233415146736,-0.5119906945843656,,,,
IBM,2025-11-28,308.58,1689000.0,4830850.0,0.34962791227216744,0.06260330578512407,1.3149214267750553,-1.1164456371150238,2.431367063890079,0.24840197426976274,1.5213601914750885,-0.0020740164625056012,-0.009203448052368834,-0.21573011860781643,0.0,True,True,1,False,1.5213601914750885,1.3149214267750553,-1.1164456371150238,,,,
IBM,2025-12-19,300.98,11031000.0,3595995.0,3.0675793486920866,-0.02671064545336954,-0.7885630107251684,3.3577846538460085,4.146347664571177,0.06942865264354747,-0.07910815310256587,0.01581500431922378,-0.01142933085254838,-0.1681507076882185,0.0,True,True,-1,False,-0.07910815310256587,-0.7885630107251684,3.3577846538460085,,,,
IBM,2026-01-20,291.35,7275500.0,4059550.0,1.7921937160522718,-0.06672432570952647,-1.7445194363498904,1.2463824151209806,2.9909018514708707,0.01335605718061994,-0.6424841440116555,0.008615067787884012,-0.10489102454093013,-0.13849322121160124,0.0,True,True,-1,False,-0.6424841440116555,-1.7445194363498904,1.2463824151209806,,,,
IBM,2026-01-29,309.24,10124900.0,4121230.0,2.4567665478510055,0.04944514202328021,1.006621140466076,2.3538247307222075,3.3604458711882836,0.005952961842490501,-0.6854547350306701,-0.06257275902211878,-0.2232246798603027,-0.2625468891475876,0.0,True,True,1,False,-0.6854547350306701,1.006621140466076,2.3538247307222075,,,,
IBM,2026-02-11,272.81,7628200.0,5494180.0,1.3884146496838472,-0.05618405120221415,-1.5696376929547244,0.6237371960315437,2.193374888986268,-0.10513022370924363,-1.6011038471811243,-0.06059162054176914,-0.09211539166452842,-0.15780213335288296,0.0,True,True,-1,False,-1.6011038471811243,-1.5696376929547244,0.6237371960315437,,,,
IBM,2026-03-24,240.59,4151500.0,6675780.0,0.6218748970157795,-0.0605989613837804,-1.4026968915694593,-0.6769275051996032,2.0796243967690624,-0.2100407144733386,-1.8736315992462433,0.0074816077143686766,0.046843177189409335,0.03537137869404372,0.0,True,True,-1,False,-1.8736315992462433,-1.4026968915694593,-0.6769275051996032,,,,
IBM,2026-04-10,230.76,5869400.0,4786380.0,1.2262712112285277,-0.07011605415860733,-1.6695386094126052,0.3482550410627758,2.0177936504753813,-0.2388177859875974,-1.8675948271798957,0.09841393655746233,-0.004333506673600329,0.30893569076096394,0.0,True,True,-1,False,-1.8675948271798957,-1.6695386094126052,0.3482550410627758,,,,
IBM,2026-05-21,252.97,25707800.0,6913290.0,3.7186057578953,0.1584466730778038,3.6033237260735795,4.174583019974603,7.777906746048182,0.06495748084533126,0.3847617708632939,0.1772146894888722,-0.0029647784322252013,-0.08024666956556115,0.0,True,True,1,False,0.3847617708632939,3.6033237260735795,4.174583019974603,,,,
IBM,2026-06-29,278.0,6464200.0,11758200.0,0.5497610178428671,0.10221235429387043,1.6673095499883293,-0.748179721115916,2.4154892711042453,0.14337418771078392,0.86837987674254,0.10118705035971232,-0.18147482014388483,,0.0,True,True,1,False,0.86837987674254,1.6673095499883293,-0.748179721115916,,,,
IBM,2026-07-14,217.07,67440900.0,8059480.0,8.367897184433735,-0.2909221572534544,-4.626695824071567,10.412904497777774,15.039600321849342,-0.13517928286852587,-0.894370113363979,-0.03026673423319659,0.0983553692357304,,1.0,True,True,-1,False,-0.894370113363979,-4.626695824071567,10.412904497777774,,,,
IBM,2026-09-18,229.55,13413800.0,4880365.0,2.748523932123929,-0.05647581076082031,-0.7828889152782901,2.17005560533331,2.9529445206116005,-0.12705354426528737,-0.7543528336053604,,,,,True,True,-1,False,-0.7543528336053604,-0.7828889152782901,2.17005560533331,,,,
INTC,2025-01-21,21.77,96262200.0,63705630.0,1.5110469828176882,0.1338541666666666,2.4426343534005204,0.7964754557267429,3.2391098091272634,-0.028124999999999956,,-0.09049150206706469,0.1814423518603583,-0.11667432246210374,1.0,True,True,1,False,,2.4426343534005204,0.7964754557267429,,,,
INTC,2025-01-31,19.43,117081700.0,70294665.0,1.6655844365998471,-0.06721075372059526,-0.9389479585335506,1.0865346156351923,2.025482574168743,-0.16249999999999998,,-0.016984045290787342,0.17035512094698912,0.046834791559444255,1.0,True,True,-1,False,,-0.9389479585335506,1.0865346156351923,,,,
INTC,2025-02-11,20.97,150960700.0,74404330.0,2.028923585495629,0.08709175738724717,1.550759649483259,1.838653930639742,3.389413580123001,-0.13203642384105962,,0.22651406771578442,-0.013829279923700533,0.0014306151645206988,0.0,True,True,1,False,,1.550759649483259,1.838653930639742,,,,
INTC,2025-03-07,20.64,81099600.0,131450345.0,0.6169599630948097,-0.1302149178255373,-1.500039104258309,-0.8869593257214673,2.3869984299797764,-0.013384321223709472,,0.1652131782945736,-0.03827519379844957,-0.0169573643410853,0.0,True,True,-1,False,,-1.500039104258309,-0.8869593257214673,,,,
INTC,2025-04-03,22.43,242972100.0,95348375.0,2.54825632843769,-0.05038103302286201,-0.5590964480955066,2.638243036768946,3.1973394848644525,0.12883744338198277,1.1995888287902208,-0.11368702630405714,-0.08069549710209534,0.018724921979491826,0.0,True,True,-1,False,1.1995888287902208,-0.5590964480955066,2.638243036768946,,,,
INTC,2025-06-10,22.08,171457000.0,71830675.0,2.386960723952545,0.08822079842286845,1.01212417475534,2.5734863790129796,3.5856105537683196,-0.08191268191268197,-0.40160787241505713,-0.05797101449275355,0.07880434782608714,0.1091485507246377,1.0,True,True,1,False,-0.40160787241505713,1.01212417475534,2.5734863790129796,,,,
INTC,2025-07-25,20.7,245077700.0,74407230.0,3.2937350308565443,-0.10389610389610393,-1.2883855338743466,4.426601475920561,5.714987009794908,0.017699115044247815,0.2946892667056381,-0.06714975845410631,0.19806763285024154,0.8405797101449277,1.0,True,True,-1,False,0.2946892667056381,-1.2883855338743466,4.426601475920561,,,,
INTC,2025-08-11,20.65,175545600.0,85816210.0,2.045599543489511,0.05897435897435899,0.7174541418999031,1.901091434120124,2.618545576020027,-0.04042750929368033,-0.16883550778389086,0.14576271186440692,0.18353510895883796,0.793220338983051,1.0,True,True,1,False,-0.16883550778389086,0.7174541418999031,1.901091434120124,,,,
INTC,2025-09-18,30.57,523908000.0,80009965.0,6.548034360469974,0.24217797643234462,2.8765993880510767,10.038539021662912,12.915138409713988,0.35565410199556546,2.6272232375837903,0.11187438665358207,0.2051030421982336,0.2368334968923782,1.0,True,True,1,False,2.6272232375837903,2.8765993880510767,10.038539021662912,,,,
INTC,2025-11-28,40.56,95799500.0,77658865.0,1.2335938723801847,0.20642474717430126,2.1913682678974253,0.3027336895417716,2.494101957439197,0.6481105241771639,1.741648855400578,0.02095660749506889,-0.0956607495069034,0.12080867850098609,0.0,True,True,1,False,1.741648855400578,2.1913682678974253,0.3027336895417716,,,,
INTC,2025-12-17,36.05,54792000.0,84084370.0,0.6516312127925796,-0.11598822952427668,-1.4594269362865722,-0.601899048018071,2.061325984304643,0.22869802317655075,0.2263603114424535,0.0030513176144244536,0.3026352288488212,0.2221914008321777,1.0,True,True,-1,False,0.2263603114424535,-1.4594269362865722,-0.601899048018071,,,,
INTC,2026-01-07,42.63,166028400.0,67070165.0,2.4754434404626857,0.14289544235924945,1.376896077471213,2.2611619732369124,3.6380580507081253,0.17211987902117154,0.011414982153323542,0.1428571428571428,0.1315974665728361,0.1911799202439597,1.0,True,True,1,False,0.011414982153323542,1.376896077471213,2.2611619732369124,,,,
INTC,2026-03-20,43.87,162814200.0,80846255.0,2.0138743594245647,-0.04151190736290156,-0.7091169772668036,1.5790100381653314,2.288127015432135,0.20621391256530108,-0.059893292591488574,-0.01686801914748104,0.4976065648506953,1.668110325963073,1.0,True,True,-1,False,-0.059893292591488574,-0.7091169772668036,1.5790100381653314,,,,
INTC,2026-04-02,50.38,117134200.0,88557745.0,1.3226872477387495,0.14240362811791396,1.585717939437435,0.44734281652760893,2.0330607559650438,0.25824175824175843,0.12297339512293759,0.23818975784041285,0.9773719730051609,1.7715363239380704,1.0,True,True,1,False,0.12297339512293759,1.585717939437435,0.44734281652760893,,,,
INTC,2026-04-24,82.54,281405200.0,110280245.0,2.551728099624733,0.20496350364963511,2.0490298928883437,2.446890633100672,4.495920525989016,0.6920869208692089,1.6454512338832448,0.2069299733462564,0.45190210806881503,0.24327598740004852,1.0,True,True,1,False,1.6454512338832448,2.0490298928883437,2.446890633100672,,,,
INTC,2026-06-02,107.93,106336200.0,140895995.0,0.7547141421585475,-0.12621437823834192,-1.6193035152993105,-0.5014655423105374,2.1207690576098477,1.485720865960387,2.5654024008702554,-9.265264523306005e-05,0.1768738997498378,-0.14676179004910594,1.0,True,True,-1,False,2.5654024008702554,-1.6193035152993105,-0.5014655423105374,,,,
INTC,2026-06-12,124.57,151169400.0,128527810.0,1.1761610191599778,0.2561258445094281,2.0763529134279572,0.19744947519967107,2.273802388627628,1.7663779702420608,2.9267693716587537,0.13141205747772333,-0.13494420807578056,-0.14714618286906955,0.0,True,True,1,False,2.9267693716587537,2.0763529134279572,0.19744947519967107,,,,
INTC,2026-07-08,110.24,105488100.0,132060895.0,0.798783773197963,-0.21048485282532403,-2.320342971139199,-0.408408140174375,2.728751111313574,0.7672330875280537,0.40267562937458923,-0.06576560232220607,-0.08327285921625538,,0.0,True,True,-1,False,0.40267562937458923,-2.320342971139199,-0.408408140174375,,,,
INTC,2026-07-28,86.3,154346700.0,112029225.0,1.3777360327182484,-0.1816026552868658,-1.958441574838765,0.5531058077991258,2.5115473826378905,-0.08657917019475025,-1.2237525468197339,0.1687137891077637,0.01367323290845901,,0.0,True,True,-1,False,-1.2237525468197339,-1.958441574838765,0.5531058077991258,,,,
INTC,2026-09-18,108.6,174996700.0,93449895.0,1.8726259671024776,0.05498348552554888,0.18751612916566288,1.9689102140764068,2.1564263432420696,-0.17508545385491847,-1.2121767898436222,,,,,True,True,1,False,-1.2121767898436222,0.18751612916566288,1.9689102140764068,,,,
KORU,2025-02-14,2.29,2448000.0,7912370.0,0.3093889694238262,0.1393034825870647,1.9015934566095334,-0.2757646140797434,2.1773580706892766,0.008810572687224738,,0.0393013100436681,0.03493449781659397,-0.026200873362445476,0.0,True,True,1,False,,1.9015934566095334,-0.2757646140797434,,,,
KORU,2025-03-17,2.37,3396000.0,2607600.0,1.3023469857340082,0.20918367346938793,2.561622542160659,-0.009202316883338368,2.5708248590439973,0.10232558139534897,,-0.029535864978903037,-0.21940928270042193,0.41772151898734156,0.0,True,True,1,False,,2.561622542160659,-0.009202316883338368,,,,
KORU,2025-04-04,1.62,5046000.0,2200800.0,2.292802617230098,-0.18592964824120595,-1.7950612702763276,0.26583154360512845,2.060892813881456,-0.19402985074626855,-0.16375104909913757,0.14814814814814814,0.4074074074074072,1.5123456790123457,1.0,True,True,-1,False,-0.16375104909913757,-1.7950612702763276,0.26583154360512845,,,,
KORU,2025-06-04,2.93,7372000.0,2010000.0,3.6676616915422886,0.15810276679841917,1.6325231972122132,0.7496213884179314,2.3821445856301446,0.4948979591836735,2.9517001990394656,0.14675767918088733,0.4266211604095562,0.348122866894198,1.0,True,True,1,False,2.9517001990394656,1.6325231972122132,0.7496213884179314,,,,
KORU,2025-06-25,4.16,6740000.0,6049100.0,1.114215337818849,0.2682926829268293,2.510698458157402,-0.0612282041466949,2.571926662304097,1.0904522613065328,3.9519914495928115,-0.021634615384615308,0.016826923076923128,0.2716346153846154,0.0,True,True,1,False,3.9519914495928115,2.510698458157402,-0.0612282041466949,,,,
KORU,2025-09-11,4.9,2336000.0,1589000.0,1.4701069855254878,0.203931203931204,1.993139268753203,0.11013490171492517,2.1032741704681284,0.38810198300283294,0.2720713788466178,0.11224489795918369,0.21020408163265292,0.6224489795918366,1.0,True,True,1,False,0.2720713788466178,1.993139268753203,0.11013490171492517,,,,
KORU,2025-10-03,6.04,1082000.0,1684100.0,0.6424796627278665,0.196039603960396,1.8257861590300235,-0.19598062728406299,2.0217667863140867,0.4278959810874703,0.3383005735228022,-0.11423841059602657,0.4966887417218542,0.5678807947019868,1.0,True,True,1,False,0.3383005735228022,1.8257861590300235,-0.19598062728406299,,,,
KORU,2025-10-29,9.05,4652000.0,2301800.0,2.02102702233035,0.2639664804469275,2.2903156494073045,0.3307475044770548,2.6210631538843594,1.196601941747573,1.8086589546744622,-0.026519337016574607,-0.19005524861878453,0.9469613259668508,0.0,True,True,1,False,1.8086589546744622,2.2903156494073045,0.3307475044770548,,,,
KORU,2025-11-07,7.51,5886000.0,3196700.0,1.841273813620296,-0.16924778761061943,-1.8579654498585199,0.2550308223432953,2.112996272201815,0.7754137115839241,0.8983870442625947,0.07190412782956068,0.08388814913448739,1.182423435419441,1.0,True,True,-1,False,0.8983870442625947,-1.8579654498585199,0.2550308223432953,,,,
KORU,2025-12-17,7.0,1612000.0,1747700.0,0.9223550952680666,-0.18224299065420568,-2.0404745426751365,-0.08204120437298394,2.1225157470481206,0.2544802867383513,-0.200878075498502,0.19999999999999996,0.9557142857142857,1.825714285714286,1.0,True,True,-1,False,-0.200878075498502,-2.0404745426751365,-0.08204120437298394,,,,
KORU,2026-03-26,13.5,31150000.0,31985100.0,0.9738909679819666,-0.3212669683257918,-2.7635963979328113,-0.2557534584157229,3.0193498563485344,0.41955835962145116,-0.5272616690066834,0.04518518518518522,0.9496296296296296,1.5925925925925926,1.0,True,True,-1,False,-0.5272616690066834,-2.7635963979328113,-0.2557534584157229,,,,
KORU,2026-04-08,20.25,31468000.0,29136400.0,1.0800236130750538,0.4250527797325827,2.7152909235942375,-0.12176993147203763,2.8370608550662753,0.6161213088587392,-0.23594095112713553,0.1007407407407408,1.071604938271605,0.5422222222222222,1.0,True,True,1,False,-0.23594095112713553,2.7152909235942375,-0.12176993147203763,,,,
KORU,2026-05-05,36.59,13746000.0,15007100.0,0.9159664425505261,0.3917839482693042,2.283089493004999,-0.28625581204801087,2.5693453050530097,1.0148678414096919,0.3456908573453147,0.040174911177917494,0.6354195135282863,-0.5903252254714404,1.0,True,True,1,False,0.3456908573453147,2.283089493004999,-0.28625581204801087,,,,
KORU,2026-07-28,14.15,58076100.0,30833415.0,1.8835442003423883,-0.3488265071329959,-1.9747295710331378,0.8584566519998327,2.8331862230329703,-0.5185437223545424,-2.19084700251365,0.35123674911660774,0.47208480565371014,,1.0,True,True,-1,False,-2.19084700251365,-1.9747295710331378,0.8584566519998327,,,,
KORU,2026-08-17,23.54,25185400.0,36588950.0,0.688333499594823,0.4344911639244362,1.7985440820825207,-0.5936093717686962,2.392153453851217,-0.38101498816723645,-1.6458064817538045,-0.20305862361937121,-0.20985556499575186,,0.0,True,True,1,False,-1.6458064817538045,1.7985440820825207,-0.5936093717686962,,,,
LITE,2025-01-21,97.45,1825900.0,1413105.0,1.2921191277364386,0.1637210413183665,1.6290035138715713,0.4258132642447475,2.0548167781163187,0.4645326119627291,,-0.20164186762442282,-0.20687532067727032,-0.46423807080554136,0.0,True,True,1,False,,1.6290035138715713,0.4258132642447475,,,,
LITE,2025-03-17,68.31,3365000.0,2733590.0,1.2309819687663475,0.18986239331126997,1.9204090865101069,0.15847945010738368,2.0788885366174905,-0.2669027688345139,,0.07788025179329527,-0.23349436392914658,0.20567998828868395,0.0,True,True,1,False,,1.9204090865101069,0.15847945010738368,,,,
LITE,2025-03-31,62.34,1597400.0,2824235.0,0.5656044911276858,-0.1533342387613743,-1.664786717393428,-0.7125582028090168,2.377344920202445,-0.2574151280524122,-1.144379849218619,-0.16169393647738217,-0.03817773500160415,0.519249278152069,0.0,True,True,-1,False,-1.144379849218619,-1.664786717393428,-0.7125582028090168,,,,
LITE,2025-04-25,60.0,1466900.0,3126005.0,0.4692570869208463,0.15384615384615374,1.564322898037694,-0.8740847937981473,2.4384076918358413,-0.22988063149788218,-0.6460766314684723,0.047666666666666746,0.26283333333333325,0.7021666666666666,1.0,True,True,1,False,-0.6460766314684723,1.564322898037694,-0.8740847937981473,,,,
LITE,2025-05-07,66.24,5554500.0,2562310.0,2.1677704883484044,0.12195121951219501,1.1763980738099828,1.585412008858072,2.761810082668055,-0.19150494324423306,-0.4561288838302557,0.18191425120772964,0.23248792270531404,0.6776871980676329,1.0,True,True,1,False,-0.4561288838302557,1.1763980738099828,1.585412008858072,,,,
LITE,2025-07-21,103.84,3612100.0,2131385.0,1.6947196306626913,0.12575888985255856,1.1761996009985436,1.0300337050793205,2.206233306077864,0.8821823454776148,2.210754905935674,0.032068567026194206,0.1458012326656395,0.5098228043143298,1.0,True,True,1,False,2.210754905935674,1.1761996009985436,1.0300337050793205,,,,
LITE,2025-08-12,119.66,5861200.0,2282400.0,2.567998597967052,0.10642625982431797,0.9781910849551376,2.471676820375235,3.4498679053303727,0.5388374485596705,1.0125625473797772,-0.014206919605549095,0.3779040615076048,0.9450944342303194,1.0,True,True,1,False,1.0125625473797772,0.9781910849551376,2.471676820375235,,,,
LITE,2025-08-28,135.55,6643900.0,3242115.0,2.049248715730318,0.1543046921570297,1.5245907522094986,1.535284419777852,3.0598751719873505,0.7456535737282679,1.462282599894006,0.10261895979343416,0.18590925857617102,0.885577277757285,1.0,True,True,1,False,1.462282599894006,1.5245907522094986,1.535284419777852,,,,
LITE,2025-10-27,193.8,5437800.0,2609655.0,2.0837237106054247,0.2037267080745342,2.0172756947331747,1.6898376453144928,3.7071133400476675,0.8166479190101237,1.2965968054652057,0.029824561403508865,0.5446852425180599,0.7502063983488132,1.0,True,True,1,False,1.2965968054652057,2.0172756947331747,1.6898376453144928,,,,
LITE,2025-11-24,299.36,7586200.0,5724285.0,1.3252659502453146,0.23666707977031454,2.272523383428493,0.44999251580925687,2.72251589923775,1.2540471350048943,2.0771473567731586,0.011524585783003749,0.294127471940139,1.2539083377872795,1.0,True,True,1,False,2.0771473567731586,2.272523383428493,0.44999251580925687,,,,
LITE,2025-12-17,320.25,4164200.0,5127105.0,0.8121932357539001,-0.125,-1.579668012549513,-0.4489491307946563,2.0286171433441695,0.9528629794499663,1.2127355289533694,0.23628415300546446,0.012490241998438734,1.0282903981264635,0.0,True,True,-1,False,1.2127355289533694,-1.579668012549513,-0.4489491307946563,,,,
LITE,2026-01-30,391.84,7098800.0,4262840.0,1.665274793330268,0.1552227365193548,1.2297523903720782,1.258062652329023,2.487815042701101,0.9633229782543338,0.9009095169928869,0.4087127398938344,0.9989026133115559,1.0196253572886893,1.0,True,True,1,False,0.9009095169928869,1.2297523903720782,1.258062652329023,,,,
LITE,2026-03-06,558.44,8754300.0,5633325.0,1.5540200503255182,-0.2032643278024282,-2.4659055807434016,1.0216985135791783,3.48760409432258,0.6301961700140124,0.039909116682427206,0.11471241315092029,0.38292385932239803,0.8429016546092687,1.0,True,True,-1,False,0.039909116682427206,-2.4659055807434016,1.0216985135791783,,,,
LITE,2026-03-19,772.13,7567000.0,6229600.0,1.2146847309618596,0.25327468389358687,1.9136819199987036,0.339590319964593,2.2532722399632967,1.0788035430632958,0.8195078071468935,-0.10792224107339443,0.15792677398883614,0.23973942211803712,1.0,True,True,1,False,0.8195078071468935,1.9136819199987036,0.339590319964593,,,,
LITE,2026-03-31,702.76,6115900.0,7543110.0,0.8107928957684563,-0.12372972231573964,-1.6758897584528325,-0.501632919850675,2.1775226783035073,0.820103079433322,0.26738587789244816,0.275001422960897,0.2213557971426947,0.16253059365928624,1.0,True,True,-1,False,0.26738587789244816,-1.6758897584528325,-0.501632919850675,,,,
LITE,2026-05-05,994.56,6588100.0,5510195.0,1.1956201187072326,0.25675726903976637,1.9040556106610977,0.2819719377332776,2.1860275483943754,0.8017717712277395,-0.10642949986745258,-0.002201978764478696,-0.05686936936936937,-0.2821549227799227,0.0,True,True,1,False,-0.10642949986745258,1.9040556106610977,0.2819719377332776,,,,
LITE,2026-05-18,884.98,7197500.0,6037185.0,1.1921947066389385,-0.1596349789666599,-2.1065398697353723,0.29113816073322585,2.3976780304685983,0.3252766671159233,-1.5132109816733985,0.029187100273452504,-0.010870302153720979,-0.005163958507536925,0.0,True,True,-1,False,-1.5132109816733985,-2.1065398697353723,0.29113816073322585,,,,
LITE,2026-06-09,821.76,7966100.0,6221015.0,1.2805145141106395,-0.20151581402127983,-2.424903898995109,0.46110482413032106,2.88600872312543,0.32009638554216857,-1.6385273278206118,0.06522585669781944,-0.04379624221183798,0.031164816978193066,0.0,True,True,-1,False,-1.6385273278206118,-2.424903898995109,0.46110482413032106,,,,
LITE,2026-06-23,827.92,4817100.0,6039820.0,0.7975568808341971,-0.13509673645062892,-1.7384142912637655,-0.5595809191111666,2.297995210374932,0.20197444831591183,-1.9732141185475316,0.03640448352497816,0.0021499661803072723,0.07934341482268836,0.0,True,True,-1,False,-1.9732141185475316,-1.7384142912637655,-0.5595809191111666,,,,
LITE,2026-07-02,728.32,5217800.0,5832950.0,0.8945387839772327,-0.15505179994663387,-1.879287128403791,-0.3403396497918445,2.219626778195636,-0.10717744406987428,-2.7085870759651285,0.10117805360281196,-0.019744068541300508,,0.0,True,True,-1,False,-2.7085870759651285,-1.879287128403791,-0.3403396497918445,,,,
LITE,2026-07-28,651.93,5642300.0,4174740.0,1.3515332691377187,-0.22163188308897275,-2.3774296397936237,0.6489494375381839,3.0263790773318076,-0.27749578863374424,-2.4807498128642607,0.3030079916555459,0.3583820348810456,,1.0,True,True,-1,False,-2.4807498128642607,-2.3774296397936237,0.6489494375381839,,,,
LITE,2026-08-24,830.17,3919000.0,5335665.0,0.734491389545633,-0.14318299102074517,-1.5671959187953597,-0.7012756275729314,2.268471546368291,-0.03538146917338669,-1.572248768997956,0.10189479263283419,0.1391281303829337,,1.0,True,True,-1,False,-1.572248768997956,-1.5671959187953597,-0.7012756275729314,,,,
LITE,2026-09-02,870.58,2791300.0,4809940.0,0.5803190892194081,-0.07289436972194707,-0.9737829668607627,-1.0422242677414542,2.016007234602217,-0.027719454992182202,-1.4727486374254912,0.07480070757426094,,,,True,True,-1,False,-1.4727486374254912,-0.9737829668607627,-1.0422242677414542,,,,
LITE,2026-09-15,838.96,2893700.0,4193245.0,0.6900860789197865,-0.1426323158206697,-1.5143263609109576,-0.7822117380730923,2.29653809898405,-0.012988235294117634,-1.356033812946653,0.12719319157051578,,,,True,True,-1,False,-1.356033812946653,-1.5143263609109576,-0.7822117380730923,,,,
LLY,2025-01-27,808.17,3915200.0,3596070.0,1.0887441011993648,0.11361131014716408,2.6572541208559723,-0.08143089878883297,2.738685019644805,-0.09761163032191078,,0.002796441342786782,0.11585433757748986,0.026293972802751808,1.0,True,True,1,False,,2.6572541208559723,-0.08143089878883297,,,,
LLY,2025-03-10,829.76,5962900.0,3446590.0,1.73008683945581,-0.10751624144903849,-2.252123531806401,0.661049678529104,2.913173210335505,0.03257920804400305,,-0.006025838796760552,-0.12778393752410333,-0.07703432317778625,0.0,True,True,-1,False,,-2.252123531806401,0.661049678529104,,,,
LLY,2025-04-04,738.21,5299400.0,3399550.0,1.5588533776529248,-0.10249115512273399,-1.9805456617337938,0.5541252434851723,2.534670905218966,-0.04536461094802713,-0.3752778470133246,-0.007856842903780858,0.11277278823099124,0.0556345755272889,1.0,True,True,-1,False,-0.3752778470133246,-1.9805456617337938,0.5541252434851723,,,,
LLY,2025-04-17,839.96,10853400.0,3717705.0,2.919381715332443,0.1651385054999932,3.2772844328108124,2.1628765618869625,5.440160994697775,0.11403485503594268,1.0255514442184894,0.05307395590266184,-0.09830230010952912,-0.05971712938711382,0.0,True,True,1,False,1.0255514442184894,3.2772844328108124,2.1628765618869625,,,,
LLY,2025-06-20,762.73,6210600.0,3236120.0,1.9191500933216321,-0.06071204265852237,-1.0166520033760962,1.107318025037931,2.1239700284140275,-0.10514460022291316,-0.667692878052634,0.016676936792836328,-0.0007210939650991177,0.0025959382743565573,0.0,True,True,-1,False,-0.667692878052634,-1.0166520033760962,1.107318025037931,,,,
LLY,2025-07-29,762.95,7100700.0,2882720.0,2.463194482988289,-0.017374169285456764,-0.28749507026286375,1.937448689229703,2.2249437594925667,-0.03922679763254,-0.11021544913880588,0.003932105642571626,-0.0352840946326759,0.06485352906481401,0.0,True,True,-1,False,-0.11021544913880588,-0.28749507026286375,1.937448689229703,,,,
LLY,2025-10-01,825.42,10124500.0,3493790.0,2.8978559100575594,0.11265080541888506,1.9949560679871023,2.2647491622342777,4.25970523022138,0.061415014273590085,0.9698524482231399,0.024593540258292856,-0.014404787865571422,0.30569891691502504,0.0,True,True,1,False,0.9698524482231399,1.9949560679871023,2.2647491622342777,,,,
LLY,2025-11-03,896.53,5401500.0,2952950.0,1.8291877613911511,0.08484892486780171,1.3809765879192566,1.2847805968337467,2.6657571847530033,0.4329577239670743,4.5367654097134285,0.0782015102673641,0.1668544276265156,0.15684918519179525,1.0,True,True,1,False,4.5367654097134285,1.3809765879192566,1.2847805968337467,,,,
LLY,2026-02-03,1003.46,5483900.0,2968685.0,1.8472488660804363,-0.03467980106011481,-0.6878023338849152,1.3774646140672437,2.065266947952159,0.08387250083710485,-0.009398466278881318,0.021465728579116217,0.0001096207123352233,-0.06862256592191018,0.0,True,True,-1,False,-0.009398466278881318,-0.6878023338849152,1.3774646140672437,,,,
LLY,2026-03-17,930.35,5637500.0,2774615.0,2.0318134227631583,-0.07090427922304887,-1.318506262687629,1.6544696332952922,2.972975895982921,-0.10696973478340155,-0.976879965140949,-0.0293760412747891,-0.027215564035040662,0.24786370720696516,0.0,True,True,-1,False,-0.976879965140949,-1.318506262687629,1.6544696332952922,,,,
LLY,2026-04-01,954.52,6267900.0,2808790.0,2.2315303030842464,0.041699861400617655,0.6492358631489696,1.9593144947401722,2.6085503578891416,-0.08352296185346275,-0.7731080164543799,0.0007019234798641971,-0.0208691279386497,0.28853245610359135,0.0,True,True,1,False,-0.7731080164543799,0.6492358631489696,1.9593144947401722,,,,
LLY,2026-04-30,934.6,8236700.0,2945995.0,2.7958974811566213,0.018471094643927488,0.31544789828573694,2.936112346384433,3.25156024467017,-0.06862256592191018,-0.6073051386256053,0.04318424994650116,0.18232398887224477,0.3060774662957415,1.0,True,True,1,False,-0.6073051386256053,0.31544789828573694,2.936112346384433,,,,
LLY,2026-05-28,1126.8,4600700.0,3464290.0,1.3280354704715829,0.10593108051076183,1.8138040410682186,0.5242185742748766,2.338022615343095,0.11815664910243817,0.3062741672755369,-0.001357827476038298,0.07216897408590683,0.10661164359247444,1.0,True,True,1,False,0.3062741672755369,1.8138040410682186,0.5242185742748766,,,,
LLY,2026-06-26,1208.12,7725800.0,3282030.0,2.3539699515239043,0.09972054580044953,1.7164882734492182,2.2439916093541714,3.96047988280339,0.313502288615632,1.2339525549080346,-0.006671522696420795,-0.008765685527927669,-0.047288348839519156,0.0,True,True,1,False,1.2339525549080346,1.7164882734492182,2.2439916093541714,,,,
LLY,2026-08-04,1115.68,4097200.0,2381385.0,1.720511383081694,-0.08600265430177123,-1.7801662822793796,1.205829685308289,2.9859959675876686,0.14433412652826783,0.16823855939998164,0.08903986806252684,0.03972465223003008,,0.0,True,True,-1,False,0.16823855939998164,-1.7801662822793796,1.205829685308289,,,,
LLY,2026-08-19,1280.34,4541800.0,2644140.0,1.717685145264623,0.04921821221359024,0.7600618206915618,1.6952399943903136,2.4553018150818753,0.20219718309859158,0.4118592526721913,-0.07102019775996993,-0.09989534030023262,,0.0,True,True,1,False,0.4118592526721913,0.7600618206915618,1.6952399943903136,,,,
LLY,2026-09-18,1152.93,4542600.0,2278080.0,1.994047619047619,0.033369185264856105,0.4813261871546776,2.3433181835748025,2.82464437072948,0.03192631974652271,-0.5354473390931881,,,,,True,True,1,False,-0.5354473390931881,0.4813261871546776,2.3433181835748025,,,,
META,2025-01-24,647.49,19065300.0,11081905.0,1.7203991551993993,0.059201701292327824,1.5725452695775362,1.1454747637726832,2.7180200333502196,0.1295071958133449,,0.06438709478138649,0.031876940184404345,-0.22735486262336102,0.0,True,True,1,False,,1.5725452695775362,1.1454747637726832,,,,
META,2025-02-20,694.84,12587400.0,17499735.0,0.7192908921192235,-0.04210207063883753,-1.5354061068730571,-0.6655461796687921,2.2009522865418494,0.2286744942707597,,-0.052673996891370756,-0.15664037764089578,-0.07843532323988256,0.0,True,True,-1,False,,-1.5354061068730571,-0.6655461796687921,,,,
META,2025-03-07,625.66,21375700.0,15247700.0,1.4018966794992032,-0.0636635737803054,-1.7935651448139058,0.6100572247127981,2.403622369526704,0.0030299629671193262,,-0.02886551801297821,-0.19328389220982634,0.0658344787903975,0.0,True,True,-1,False,,-1.7935651448139058,0.6100572247127981,,,,
META,2025-03-25,626.31,15312500.0,17571490.0,0.8714400429331832,0.07546878219657938,1.780899246870576,-0.41510771656554735,2.1960069634361234,0.030538872891813895,-0.6992307133912016,-0.06436109913621046,-0.16930912806757037,0.0894764573454041,0.0,True,True,1,False,-0.6992307133912016,1.780899246870576,-0.41510771656554735,,,,
META,2025-06-20,682.35,22538600.0,11082505.0,2.033709887791614,-0.015879196953963337,-0.44524838435337494,2.129022912204361,2.5742712965577357,0.0894764573454041,0.471321546319833,0.07515204806917275,0.04487433135487651,0.1416428519088444,0.0,True,True,-1,False,0.471321546319833,-0.44524838435337494,2.129022912204361,,,,
META,2025-07-30,695.21,27077300.0,10359740.0,2.61370459104186,-0.02574343451329919,-0.6662274834285822,3.526962370737445,4.193189854166027,0.16446685203175782,0.518982962371103,0.11044144934624067,0.07504207361804349,0.055796090389954145,1.0,True,True,-1,False,0.518982962371103,-0.6662274834285822,3.526962370737445,,,,
META,2025-08-21,739.1,8876300.0,13640290.0,0.6507412965560117,-0.05501642949381813,-1.2916537570073416,-0.7813995214970197,2.0730532785043616,0.1506725619628846,0.358088918712739,0.016249492626166928,0.05314571776484911,-0.1754025165742119,1.0,True,True,-1,False,0.358088918712739,-1.2916537570073416,-0.7813995214970197,,,,
META,2025-09-19,778.38,23696800.0,9618390.0,2.46369714681979,0.030161860268134832,0.4804123694255542,3.0606735841182187,3.5410859535437726,0.09835186543997287,0.040595804074432314,-0.044489837868393334,-0.07895886328014601,-0.1681312469487911,0.0,True,True,1,False,0.040595804074432314,0.4804123694255542,3.0606735841182187,,,,
META,2025-10-01,717.34,20419600.0,11253825.0,1.8144586396180855,-0.056950542949543714,-1.3535299392861273,1.6612844686955461,3.0148144079816737,-0.004620700181775184,-0.5999413304147401,0.0006970195444280236,0.04785736192042811,-0.07534781275266966,0.0,True,True,-1,False,-0.5999413304147401,-1.3535299392861273,1.6612844686955461,,,,
META,2025-10-29,751.67,26818600.0,11978835.0,2.2388320734027976,0.02489739709030414,0.3941469058110559,2.596315588752766,2.990462494563822,-0.015442852277788077,-0.6408274675391229,-0.1539505368047147,-0.1570636050394454,-0.10470020088602705,0.0,True,True,1,False,-0.6408274675391229,0.3941469058110559,2.596315588752766,,,,
META,2025-11-26,633.61,15209500.0,28113805.0,0.5409975632967505,0.0733331074671364,1.3707487508839928,-0.8231732944360588,2.1939220453200514,-0.1403432602944169,-1.228975437302934,0.04406496109594227,0.04684269503322236,0.03169141901169503,0.0,True,True,1,False,-1.228975437302934,1.3707487508839928,-0.8231732944360588,,,,
META,2025-12-19,658.77,49977100.0,16970670.0,2.944910248092739,0.022569579187557087,0.3922063642144737,3.0649001240627753,3.457106488277249,-0.1203615921806358,-1.0099399412836552,-0.00012143843830159096,-0.06953868573250144,-0.07904124352960806,0.0,True,True,1,False,-1.0099399412836552,0.3922063642144737,3.0649001240627753,,,,
META,2026-01-22,647.63,21394700.0,12203390.0,1.753176781205878,0.052167273199896114,0.9931503657664986,1.2091299934729947,2.2022803592394933,-0.12288043772685409,-0.9159877079326596,0.14001822028009814,0.012399055015981375,0.03594645090560955,0.0,True,True,1,False,-0.9159877079326596,0.9931503657664986,1.2091299934729947,,,,
META,2026-03-26,547.54,35780100.0,12863405.0,2.781541901230662,-0.0975111257623209,-1.9285190826336989,2.828737031946787,4.7572561145804855,-0.16874402222593343,-1.1211858792312028,0.04916535778208009,0.23284143624210096,0.026774299594550355,1.0,True,True,-1,False,-1.1211858792312028,-1.9285190826336989,2.828737031946787,,,,
META,2026-04-30,611.91,52765000.0,14324485.0,3.683553021277903,-0.07166805734658277,-1.5482913483475713,4.202593219745296,5.750884568092867,-0.11535347694087039,-0.8820402330592528,0.008007713552646623,0.03366508146622871,-0.03023320422938014,0.0,True,True,-1,False,-0.8820402330592528,-1.5482913483475713,4.202593219745296,,,,
META,2026-06-05,593.0,30091600.0,15878415.0,1.8951261823047199,-0.062465415566552274,-1.282870767258663,1.298208715198808,2.581079482457471,-0.09446293864337418,-0.7596046595185536,-0.04387858347386164,0.03807757166947723,-0.024384485666104627,0.0,True,True,-1,False,-0.7596046595185536,-1.282870767258663,1.298208715198808,,,,
META,2026-07-01,612.91,45536300.0,18403645.0,2.4743087578574787,0.09905499668262596,2.1223942972280643,2.18992929941077,4.3123235966388345,0.06961362605144661,0.41851948877939615,0.030298086179047612,-0.12053972035045923,,0.0,True,True,1,False,0.41851948877939615,2.1223942972280643,2.18992929941077,,,,
META,2026-08-18,543.67,27094900.0,16128615.0,1.6799272597182089,-0.09255241020162908,-1.6564157559145443,0.9988461286840472,2.6552618845985916,-0.10489314761763646,-0.7521420489946665,0.04852208140967873,0.23845347361450875,,1.0,True,True,-1,False,-0.7521420489946665,-1.6564157559145443,0.9988461286840472,,,,
META,2026-08-26,576.14,31416300.0,17337790.0,1.8120129497473438,0.05514349028441656,1.1082803496216964,1.1955404449039415,2.303820794525638,-0.040518260695788344,0.03502608512336617,0.02900336723712993,,,,True,True,1,False,0.03502608512336617,1.1082803496216964,1.1955404449039415,,,,
META,2026-09-09,653.69,35900700.0,16202730.0,2.215719202875071,0.12989594496491175,2.4259942238292287,1.8099891466851201,4.235983370514349,0.15293308405940254,2.4224755310868726,0.030014226927136622,,,,True,True,1,False,2.4224755310868726,2.4259942238292287,1.8099891466851201,,,,
META,2026-09-21,741.25,48720500.0,18678455.0,2.6083795474518636,0.11365685096153832,2.038789821784649,2.4227581635250885,4.461547985309737,0.36542818722714454,4.741442769316078,,,,,True,True,1,False,4.741442769316078,2.038789821784649,2.4227581635250885,,,,
MRVL,2025-01-27,100.33,38462500.0,9569920.0,4.019103607971645,-0.19581596665597956,-3.4821921314647106,3.820014170793473,7.302206302258184,0.20242090124640466,,0.13186484600817305,-0.0730589056114821,-0.4640685737067676,0.0,True,True,-1,False,,-3.4821921314647106,3.820014170793473,,,,
MRVL,2025-02-13,103.5,12686400.0,14318080.0,0.8860405864473448,-0.13200268366320023,-2.0468310396194958,-0.25079325302880023,2.297624292648296,0.1411245865490629,,0.002995169082125715,-0.3358454106280194,-0.37681159420289856,0.0,True,True,-1,False,,-2.0468310396194958,-0.25079325302880023,,,,
MRVL,2025-02-25,93.0,24331400.0,14677530.0,1.6577312395205461,-0.1331904184919378,-1.9998402317396813,0.7683420722726572,2.7681823040123383,0.00823937554206422,,-0.05021505376344093,-0.22935483870967743,-0.3536559139784946,0.0,True,True,-1,False,,-1.9998402317396813,0.7683420722726572,,,,
MRVL,2025-03-31,61.57,16032400.0,20803205.0,0.770669711710287,-0.15379329301814193,-1.687691262516922,-0.41944096635233274,2.1071322288692547,-0.4425531914893617,-1.6047518569837147,-0.1716745168101348,-0.046938444047425754,0.2988468409939906,0.0,True,True,-1,False,-1.6047518569837147,-1.687691262516922,-0.41944096635233274,,,,
MRVL,2025-04-25,58.92,11929600.0,21228270.0,0.5619676026355421,0.13965183752417798,1.538925869814629,-0.7284505494762504,2.2673764192908794,-0.4482629459687236,-1.0579386215077764,0.05787508486082826,0.030040733197555847,0.24355057705363192,0.0,True,True,1,False,-1.0579386215077764,1.538925869814629,-0.7284505494762504,,,,
MRVL,2025-05-14,65.9,11472600.0,16732490.0,0.6856481013883767,0.17030722784585328,1.8026582158945128,-0.5500395899397863,2.352697805834299,-0.3857768664367601,-0.773209356227228,-0.08786039453717764,0.05675265553869502,0.17268588770864945,1.0,True,True,1,False,-0.773209356227228,1.8026582158945128,-0.5500395899397863,,,,
MRVL,2025-05-29,63.73,38742400.0,18019345.0,2.150044854571573,0.060222924638163366,0.6363296515282466,1.5327308110286932,2.16906046255694,-0.27850107551228354,-0.47282964179741244,0.022438412050839407,0.21073277891103093,0.14467283853758062,1.0,True,True,1,False,-0.47282964179741244,0.6363296515282466,1.5327308110286932,,,,
MRVL,2025-06-18,74.95,55359800.0,21829800.0,2.535973760639126,0.09832942555685831,1.0302706739428815,2.1193361998768,3.149606873819682,0.03009895547003838,0.2716366783613773,0.06697798532354904,-0.004002668445630353,-0.10033355570380242,0.0,True,True,1,False,0.2716366783613773,1.0302706739428815,2.1193361998768,,,,
MRVL,2025-07-30,81.74,45527600.0,15923280.0,2.859184791073196,0.11559983622219194,1.2632025859512837,2.7234216235722193,3.986624209523503,0.31140702711374946,0.8162450838375663,-0.07854171764130169,-0.08502569121605075,0.01260092977734284,0.0,True,True,1,False,0.8162450838375663,1.2632025859512837,2.7234216235722193,,,,
MRVL,2025-08-28,77.23,36895300.0,14286495.0,2.5825298647428916,0.08453868838646272,0.9420635628722834,2.3640861778489284,3.306149740721212,0.23845413726747933,0.5818356105291584,-0.17998187232940577,0.07691311666450851,0.0028486339505373603,1.0,True,True,1,False,0.5818356105291584,0.9420635628722834,2.3640861778489284,,,,
MRVL,2025-09-24,80.09,50429500.0,27035425.0,1.8653119009595744,0.12834601296139758,1.431771224362725,1.0712785449439626,2.5030497693066875,0.034754521963824336,0.054089052130543366,0.04744662254963172,0.011986515170433254,0.054688475465101805,0.0,True,True,1,False,0.054089052130543366,1.431771224362725,1.0712785449439626,,,,
MRVL,2025-10-31,93.74,29320800.0,16122025.0,1.8186797254067029,0.1142279805063593,1.2460315984989065,1.063987841372576,2.310019439871483,0.23586025049439696,0.5969450254272839,-0.030083208875613332,-0.028163004053765706,-0.13228077661617232,0.0,True,True,1,False,0.5969450254272839,1.2460315984989065,1.063987841372576,,,,
MRVL,2025-11-28,89.4,11235600.0,17434915.0,0.6444310167270675,0.1658841940532081,1.865617871443715,-0.5898134682489397,2.455431339692655,0.3946957878315134,1.061424003880745,0.10637583892617442,-0.040715883668903774,-0.11308724832214767,0.0,True,True,1,False,1.061424003880745,1.865617871443715,-0.5898134682489397,,,,
MRVL,2026-03-05,75.68,42620200.0,12983155.0,3.282730584361043,-0.04552907050069366,-0.5803018620410741,3.738529460489283,4.318831322530357,-0.23485997371347678,-0.7662572519146358,0.15843023255813948,0.4153012684989428,1.8994450317124736,1.0,True,True,-1,False,-0.7662572519146358,-0.5803018620410741,3.738529460489283,,,,
MRVL,2026-03-31,99.05,51286100.0,23750000.0,2.159414736842105,0.07243395409268083,0.8192706480868023,1.639320095699854,2.4585907437866563,0.10806577916992954,0.36617458128222413,0.15547703180212014,0.5807168096920747,1.6932862190812719,1.0,True,True,1,False,0.36617458128222413,0.8192706480868023,1.639320095699854,,,,
MRVL,2026-04-23,165.56,36938700.0,29418320.0,1.2556359438608322,0.24135862637774608,2.7908944126799806,0.3125103467739278,3.1034047594539085,0.9963824912576871,3.588960263651263,-0.0024764435854071065,0.15178787146653772,0.25610050736892975,1.0,True,True,1,False,3.588960263651263,2.7908944126799806,0.3125103467739278,,,,
MRVL,2026-05-26,208.26,42558200.0,23497180.0,1.8112045785919841,0.23281832711774086,2.703897084174476,1.146788618323767,3.850685702498243,1.5493940506793975,3.7355007007039096,0.3962834917891098,0.3286276769422838,0.20527225583405362,1.0,True,True,1,False,3.7355007007039096,2.703897084174476,1.146788618323767,,,,
MRVL,2026-06-18,310.58,250989400.0,59705930.0,4.203759995028969,0.10640874924299104,0.7544395110806675,4.375956472151467,5.130395983232134,2.362711130359463,3.513502756194578,-0.14105866443428428,-0.37233563011140447,-0.2861742546203877,0.0,True,True,1,False,3.513502756194578,0.7544395110806675,4.375956472151467,,,,
MRVL,2026-07-29,163.4,25708900.0,26118705.0,0.9843099035729375,-0.22555571354092607,-2.3672723255210286,-0.10978679174824116,2.47705911726927,-0.00939678690512269,-0.68988173391919,0.2914320685434517,0.5000611995104038,,1.0,True,True,-1,False,-0.68988173391919,-2.3672723255210286,-0.10978679174824116,,,,
MRVL,2026-08-28,216.62,48979900.0,23719070.0,2.0650008621754563,-0.08614579817752277,-1.0539407694652576,1.3680160676066413,2.4219568370718987,-0.28188297696005293,-1.102531375588841,0.031991505862801306,,,,True,True,-1,False,-1.102531375588841,-1.0539407694652576,1.3680160676066413,,,,
MSFT,2025-01-22,446.2,27803800.0,19777550.0,1.4058263030557374,0.07344768686698577,2.8890869011641414,0.8270117647945207,3.716098665958662,0.05087140838436177,,-0.008673240699238027,-0.06739130434782603,-0.17575078440161362,0.0,True,True,1,False,,2.8890869011641414,0.8270117647945207,,,,
MSFT,2025-02-27,392.53,21127400.0,24540270.0,0.8609277730033125,-0.056713046403768064,-1.8449150575758981,-0.4405974861352841,2.285512543711182,-0.07201115865623309,,0.011107431279137936,-0.004967773163834566,0.14686775533080287,0.0,True,True,-1,False,,-1.8449150575758981,-0.4405974861352841,,,,
MSFT,2025-03-25,395.16,15775000.0,24614960.0,0.6408704300149177,0.030350438047559658,1.18855743925094,-0.9815764247399223,2.1701338639908623,-0.10053945781075724,-1.1786538894910648,-0.03282214799068739,-0.05256098795424646,0.20811823059014056,0.0,True,True,1,False,-1.1786538894910648,1.18855743925094,-0.9815764247399223,,,,
MSFT,2025-06-20,477.4,37576200.0,17772950.0,2.1142353970500114,-0.003069726648150861,-0.18230910678130988,2.696401558471841,2.878710665253151,0.20811823059014056,1.8283952976263986,0.03883535819019701,0.06841223292836207,0.06627565982404704,1.0,True,True,-1,False,1.8283952976263986,-0.18230910678130988,2.696401558471841,,,,
MSFT,2025-07-31,533.5,51617300.0,16265960.0,3.1733325300197466,0.04427654243658008,1.1419396284397287,5.389848554735315,6.531788183175044,0.2231469381204576,1.0303378880800518,-0.02373008434864099,-0.04472352389878165,-0.018537956888472373,0.0,True,True,1,False,1.0303378880800518,1.1419396284397287,5.389848554735315,,,,
MSFT,2025-09-05,495.0,31994800.0,20500860.0,1.560656479776946,-0.028726159642100235,-0.9802539863084107,1.310904039819839,2.2911580261282496,0.051133950564851816,-0.1255816577840654,0.030101010101009962,0.045151515151515165,-0.01668686868686864,0.0,True,True,-1,False,-0.1255816577840654,-0.9802539863084107,1.310904039819839,,,,
MSFT,2025-09-19,517.93,52474100.0,20018005.0,2.621345134043078,0.015748185918807556,0.3527058318783263,3.955062395785867,4.3077682276641935,0.05212586588660684,-0.11636574063341404,-0.012492035603266838,-0.00839881837313905,-0.08323518622207626,0.0,True,True,1,False,-0.11636574063341404,0.3527058318783263,3.955062395785867,,,,
MSFT,2025-10-28,542.07,29986700.0,17356800.0,1.727662933259587,0.04715450295560819,1.3139857535702892,1.784420972518636,3.098406726088925,0.012004331267269075,-0.37198158886982047,-0.05117420259376093,-0.12005829505414434,-0.1324367701588357,0.0,True,True,1,False,-0.37198158886982047,1.3139857535702892,1.784420972518636,,,,
MSFT,2025-11-21,472.12,31769200.0,26024060.0,1.2207626327329402,-0.0746011211729194,-2.3843147047823727,0.5209004952339662,2.9052152000163387,-0.07362059492975426,-0.9731108063051189,0.030966703380496563,0.027111751249682348,-0.15862492586630517,0.0,True,True,-1,False,-0.9731108063051189,-2.3843147047823727,0.5209004952339662,,,,
MSFT,2025-12-19,485.92,70836100.0,25002325.0,2.833180514212178,0.015443127912565746,0.4087423501614778,4.560475481647798,4.969217831809276,-0.041634617281028685,-0.6855420035295432,0.0024283832729667942,-0.08604297003621997,-0.19941554165294706,0.0,True,True,1,False,-0.6855420035295432,0.4087423501614778,4.560475481647798,,,,
MSFT,2026-01-14,459.38,28184300.0,22164870.0,1.2715752449709834,-0.04982729021449117,-1.611715648113,0.6395804823024682,2.251296130415468,-0.10553370458351186,-1.1013126290941235,-0.017937219730941756,-0.1252557795289303,-0.16328529757499233,0.0,True,True,-1,False,-1.1013126290941235,-1.611715648113,0.6395804823024682,,,,
MSFT,2026-02-18,399.6,23223400.0,45926290.0,0.5056667978188528,-0.03307764899460397,-0.9157369944229082,-1.1687872748531105,2.084524269276019,-0.1796682542289374,-1.40737662124254,0.0025025025025025016,-0.019544544544544573,0.024599599599599564,0.0,True,True,-1,False,-1.40737662124254,-0.9157369944229082,-1.1687872748531105,,,,
MSFT,2026-03-20,381.87,50853200.0,33330785.0,1.525712640731384,-0.03458475540386807,-0.9786089354601383,1.0725170857015203,2.0511260211616587,-0.21250927988121748,-1.5153462821683505,-0.0657291748500799,0.09479665854872077,0.03131955901222927,1.0,True,True,-1,False,-1.5153462821683505,-0.9786089354601383,1.0725170857015203,,,,
MSFT,2026-04-15,411.22,45063400.0,32622640.0,1.3813535630470128,0.09854940827612002,2.6938298304810506,0.8161983174365425,3.510028147917593,-0.1057713217066063,-0.7342255607277357,0.05276980691600608,-0.01461504790623036,-0.049195078060405684,0.0,True,True,1,False,-0.7342255607277357,2.6938298304810506,0.8161983174365425,,,,
MSFT,2026-04-30,407.78,70909400.0,32280485.0,2.1966646411911097,-0.0191701743836441,-0.573629600803293,2.6298498797261103,3.203479480529403,-0.008341236837625554,-0.1541049989989097,0.03185541223208599,0.1041247731619992,-0.035386728137721146,1.0,True,True,-1,False,-0.1541049989989097,-0.573629600803293,2.6298498797261103,,,,
MSFT,2026-05-29,450.24,79654400.0,34510490.0,2.3081213857004057,0.07432771003841676,2.1892373131688108,2.8696343689677666,5.058871682136577,0.11115498519249756,0.6246809187035075,-0.07456023454157779,-0.18139214641080315,0.09210643212508884,0.0,True,True,1,False,0.6246809187035075,2.1892373131688108,2.8696343689677666,,,,
MSFT,2026-06-25,352.83,66179000.0,41253225.0,1.6042139735741872,-0.06882900952732851,-1.6841686091808807,1.2575304673835408,2.9416990765644213,-0.01707711165589476,-0.0979493337611405,0.10673695547430784,0.08182410792733052,0.42167616132415064,1.0,True,True,-1,False,-0.0979493337611405,-1.6841686091808807,1.2575304673835408,,,,
MSFT,2026-07-21,397.75,24126600.0,45264155.0,0.5330177929975717,0.03330475670901212,0.9524041912888818,-1.048167319596109,2.0005715108849906,-0.043295249549007764,-0.14354918616026716,-0.0110622250157133,0.21088623507228155,,1.0,True,True,1,False,-0.14354918616026716,0.9524041912888818,-1.048167319596109,,,,
MSFT,2026-07-30,451.1,110160700.0,32205565.0,3.420548591524477,0.1821898422349182,4.719183101237724,4.802993385215381,9.522176486453105,0.09061457376335769,1.210840702798938,0.10809133229882506,0.11961870982043887,,1.0,True,True,1,False,1.210840702798938,4.719183101237724,4.802993385215381,,,,
MSTR,2025-01-28,335.93,11461400.0,20352855.0,0.5631347543133384,-0.13664867643279366,-1.3445487461308923,-0.9505794787246663,2.2951282248555587,0.30084417596034685,,0.036852915786026896,-0.21629506147113986,0.04289584139552871,0.0,True,True,-1,False,,-1.3445487461308923,-0.9505794787246663,,,,
MSTR,2025-02-24,282.76,17974900.0,13903265.0,1.2928545920688415,-0.16276315399875652,-1.479523550014483,0.6304351666949063,2.1099587167093894,-0.3297620176353465,,-0.11260432875937187,0.18729664733342788,0.47446597821474046,1.0,True,True,-1,False,,-1.479523550014483,0.6304351666949063,,,,
MSTR,2025-03-17,294.27,12998700.0,21107695.0,0.6158275453572737,0.2298658419358881,1.3651843849880765,-0.8855197340115976,2.250704118999674,-0.27963280293757653,,0.1408570360553234,0.05838175824922698,0.31549257484622983,1.0,True,True,1,False,,1.3651843849880765,-0.8855197340115976,,,,
MSTR,2025-04-08,237.95,22952700.0,18388690.0,1.24819658170321,-0.22243644206261026,-1.7907786600531044,0.45407700455108024,2.2448556646041844,-0.27434356988197994,-1.0023222149634912,0.30582055053582713,0.6494221475099813,0.66282832527842,1.0,True,True,-1,False,-1.0023222149634912,-1.7907786600531044,0.45407700455108024,,,,
MSTR,2025-06-27,383.88,18694400.0,9924040.0,1.8837489570779642,0.03835542331620245,0.06030297168439572,2.1207038167529566,2.1810067884373523,0.25442781517547886,0.11104015563673483,0.030712722725851904,0.05189121600500157,-0.1461394185683027,1.0,True,True,1,False,0.11104015563673483,0.06030297168439572,2.1207038167529566,,,,
MSTR,2025-07-14,451.02,17952500.0,11977295.0,1.4988776681212244,0.13988930169080294,0.8704081379472346,1.1618965338475054,2.0323046717947397,0.4515319258496393,0.5827110003804865,-0.05485344330628361,-0.11256707019644363,-0.27187264422863733,0.0,True,True,1,False,0.5827110003804865,0.8704081379472346,1.1618965338475054,,,,
MSTR,2025-08-01,366.63,21808900.0,11316570.0,1.9271652099531926,-0.09672571386336193,-1.0264301657278654,2.220590512628908,3.2470206783567734,-0.049196058091286354,-0.7241437169061868,0.07773504623189598,-0.08788151542426959,-0.19365572920928453,0.0,True,True,-1,False,-0.7241437169061868,-1.0264301657278654,2.220590512628908,,,,
MSTR,2025-08-14,372.94,16461700.0,10831300.0,1.5198267982605966,-0.07231163403895424,-0.8287852359788417,1.2577026412618018,2.0864878772406437,-0.09791495331624023,-0.8272973395622083,-0.09481417922454016,-0.11127795355821313,-0.3512897517026867,0.0,True,True,-1,False,-0.8272973395622083,-0.8287852359788417,1.2577026412618018,,,,
MSTR,2025-09-18,349.12,19697300.0,10190210.0,1.9329631087092416,0.07085454880068709,0.4267587742614695,2.321679153332707,2.7484379275941766,-0.07400137923717565,-0.667781651155465,-0.13869156736938593,-0.18698441796516962,-0.4945863886342805,0.0,True,True,1,False,-0.667781651155465,0.4267587742614695,2.321679153332707,,,,
MSTR,2025-11-04,246.99,15735100.0,11737510.0,1.3405824574377359,-0.13227234401349064,-1.2262419507343771,0.8637232491885868,2.089965199922964,-0.38291068082448465,-1.3450474529717238,-0.0633224017166687,-0.2372565690918661,-0.43467346856148026,0.0,True,True,-1,False,-1.3450474529717238,-1.2262419507343771,0.8637232491885868,,,,
MSTR,2026-01-07,161.83,28406900.0,18268665.0,1.5549521544130345,0.03997172418225059,0.5471974857568507,1.4680629267922247,2.0152604125490754,-0.46904425998228283,-1.289661399363876,0.10813816968423651,-0.3388741271704876,-0.21096212074399068,0.0,True,True,1,False,-1.289661399363876,0.5471974857568507,1.4680629267922247,,,,
MSTR,2026-03-04,146.44,37382600.0,25157345.0,1.4859517170830228,0.07954294139329154,1.0091449481408832,1.2069028154009982,2.2160477635418814,-0.21273049836030322,-0.2899402616507213,-0.05538104343075656,-0.1615678776290631,0.08638350177547127,0.0,True,True,1,False,-0.2899402616507213,1.0091449481408832,1.2069028154009982,,,,
MSTR,2026-03-30,121.44,15800400.0,21153620.0,0.746935985424717,-0.12127351664254693,-1.338813926966165,-0.7085016373494587,2.047315564315624,-0.20078973346495554,-0.25397670993368526,0.018774703557312256,0.364542160737813,-0.29734848484848486,1.0,True,True,-1,False,-0.25397670993368526,-1.338813926966165,-0.7085016373494587,,,,
MSTR,2026-04-15,143.54,13941700.0,18237510.0,0.7644519454684329,0.11878409976617288,1.664966099483291,-0.6403898106923147,2.3053559101756056,-0.17368027171723,-0.14965283603969493,0.24954716455343484,0.2402814546467884,-0.3583670057126933,1.0,True,True,1,False,-0.14965283603969493,1.664966099483291,-0.6403898106923147,,,,
MSTR,2026-05-05,186.9,15512800.0,19036920.0,0.8148797179375655,0.12787399674129496,1.7361305096911348,-0.5248574150791887,2.2609879247703235,0.3851626769436003,1.676642380457447,-0.013269127875869535,-0.3228999464954522,-0.5009095773140717,0.0,True,True,1,False,1.676642380457447,1.7361305096911348,-0.5248574150791887,,,,
MSTR,2026-05-19,164.63,10002000.0,17109280.0,0.5845950267924775,-0.10730940245092724,-1.140072624957196,-1.1085666210449372,2.248639246002133,0.33077358338048657,1.4324775798026996,-0.06335418817955418,-0.291988094514973,-0.43485391483933666,0.0,True,True,-1,False,1.4324775798026996,-1.140072624957196,-1.1085666210449372,,,,
MSTR,2026-06-02,136.08,31130800.0,14909350.0,2.088005177958798,-0.14912774338773205,-1.6329695864147193,2.7320122820010897,4.364981868415809,0.01909683217254554,0.4794909746687432,-0.14006466784244576,-0.3137125220458554,0.00970017636684295,0.0,True,True,-1,False,0.4794909746687432,-1.6329695864147193,2.7320122820010897,,,,
MSTR,2026-06-18,112.53,35530700.0,18940340.0,1.8759272536818241,-0.06342072409488142,-0.5207428753028804,2.046373427874219,2.5671163031771,-0.174091743119266,-0.09882369504293081,-0.2685506087265618,-0.1307206967031015,0.15169288189816044,0.0,True,True,-1,False,-0.09882369504293081,-0.5207428753028804,2.046373427874219,,,,
MSTR,2026-08-07,100.01,29002700.0,14904000.0,1.945967525496511,0.07214837049742706,1.0342658103543065,2.1907259680349176,3.2249917783892244,-0.4577052380435961,-0.984948221886023,-0.06969303069693034,0.42785721427857215,,1.0,True,True,1,False,-0.984948221886023,1.0342658103543065,2.1907259680349176,,,,
MSTR,2026-08-19,104.25,49175200.0,15906600.0,3.091496611469453,0.0993356532742804,1.3324372314698185,4.905139694799223,6.237576926269041,-0.3479892426042904,-0.46592955375975864,0.1816786570743405,0.2685851318944845,,1.0,True,True,1,False,-0.46592955375975864,1.3324372314698185,4.905139694799223,,,,
MSTR,2026-09-18,153.92,54674100.0,27352035.0,1.99890428628071,0.1752309689241811,1.859861211871256,2.0193556096083793,3.8792168214796354,0.6351853819186231,3.4703506736352594,,,,,True,True,1,False,3.4703506736352594,1.859861211871256,2.0193556096083793,,,,
MU,2025-01-21,109.38,23533600.0,30427410.0,0.7734342160571669,0.1506416999789606,1.9691534782116427,-0.4385684513027131,2.4077219295143557,0.014468558708959467,,-0.19317974035472663,-0.045895044797952034,-0.36615469007131096,0.0,True,True,1,False,,1.9691534782116427,-0.4385684513027131,,,,
MU,2025-02-18,106.79,29641900.0,21330515.0,1.389647647982245,0.1132075471698113,1.4201391376703272,0.6216811301341346,2.0418202678044617,0.09516972618192998,,-0.1270718232044199,-0.04747635546399487,-0.10740706058619731,0.0,True,True,1,False,,1.4201391376703272,0.6216811301341346,,,,
MU,2025-03-17,103.11,17095100.0,20457610.0,0.8356352477146646,0.18408360128617374,2.3532181170247313,-0.33610753090693163,2.6893256479316627,-0.04757066321817849,,-0.05983900688585009,-0.3112210260886432,0.1253030743865775,0.0,True,True,1,False,,2.3532181170247313,-0.33610753090693163,,,,
MU,2025-04-25,79.78,19746200.0,30025120.0,0.6576559893848883,0.15959302325581404,1.9142623079486865,-0.6970343793359541,2.6112966872846406,-0.10369621390854966,-0.02850617550461786,0.01178240160441213,0.17034344447229888,0.3766608172474304,1.0,True,True,1,False,-0.02850617550461786,1.9142623079486865,-0.6970343793359541,,,,
MU,2025-05-12,92.29,27765300.0,20055635.0,1.384413906615273,0.147600099477742,1.6995888093283391,0.6657475426990529,2.3653363520273922,-0.03522893581434239,0.6042872839863166,0.06891320836493664,0.23675371112796606,0.21215733015494642,1.0,True,True,1,False,0.6042872839863166,1.6995888093283391,0.6657475426990529,,,,
MU,2025-06-05,106.29,28833700.0,18454075.0,1.5624570724894096,0.09803719008264467,1.0694475704363529,1.0309670282101957,2.1004145986465486,0.19359910162829874,2.410585879960293,0.09304732336061727,0.1282340765829335,0.1146862357700631,1.0,True,True,1,False,2.410585879960293,1.0694475704363529,1.0309670282101957,,,,
MU,2025-06-25,127.25,39407000.0,20550105.0,1.9176057737904502,0.05742064151570547,0.5436665441320505,1.7268698243554295,2.27053636848748,0.4388285843509725,3.4040268390788584,-0.04330058939096271,-0.12196463654223966,0.2788212180746561,0.0,True,True,1,False,3.4040268390788584,0.5436665441320505,1.7268698243554295,,,,
MU,2025-08-08,118.89,28962200.0,21298205.0,1.359842296569124,0.13358123569794045,1.534045399005135,0.6697095987255992,2.2037549977307345,0.22655524605385313,0.6014005338271238,0.01665404996214992,0.10572798385061821,0.9740937000588779,1.0,True,True,1,False,0.6014005338271238,1.534045399005135,0.6697095987255992,,,,
MU,2025-09-05,131.37,28416000.0,17774245.0,1.5987176951819895,0.07680327868852466,0.8344585573584379,1.192278757622265,2.026737314980703,0.15095496758366922,0.2772511770122761,0.19684859556976475,0.4297784882393241,0.8304026794549746,1.0,True,True,1,False,0.2772511770122761,0.8344585573584379,1.192278757622265,,,,
MU,2025-11-20,201.37,47420700.0,25509150.0,1.858968252568196,-0.15015826123654774,-1.9771545354527575,1.6054473750003608,3.5826019104531186,0.7101486199575371,1.3409422654160708,0.1743556637036301,0.3205542037046234,1.0725530118686994,1.0,True,True,-1,False,1.3409422654160708,-1.9771545354527575,1.6054473750003608,,,,
MU,2025-12-17,225.52,41957100.0,24454155.0,1.7157452383858693,-0.14481817147624276,-1.8555253399164633,1.3699393909074435,3.225464730823907,0.355207018808966,0.286621803716003,0.2711954593827599,0.6085047889322455,1.0472241929762327,1.0,True,True,-1,False,0.286621803716003,-1.8555253399164633,1.3699393909074435,,,,
MU,2026-01-21,389.11,56712800.0,31706275.0,1.788693247630004,0.15077041374619227,1.3671141258274584,1.7011737437481274,3.0682878695755855,0.882395626723429,1.4832857765727154,0.11865539307650774,0.07257587828634571,0.1695150471589011,1.0,True,True,1,False,1.4832857765727154,1.3671141258274584,1.7011737437481274,,,,
MU,2026-02-04,379.4,58074900.0,37660810.0,1.5420512729280118,-0.1283771365557802,-1.8712304806898021,1.1407407230708013,3.0119712037606035,0.5919103763689,0.6221404803421454,0.08154981549815488,0.04652082235108068,0.429124934106484,0.0,True,True,-1,False,0.6221404803421454,-1.8712304806898021,1.1407407230708013,,,,
MU,2026-03-18,461.73,58973700.0,32836380.0,1.7959866465182825,0.10279681864864232,0.7779639001742034,1.7156774881637185,2.493641388337922,0.8576946288473144,1.100851035558822,-0.17248175340567007,-0.00974595542849721,1.1259394018149136,0.0,True,True,1,False,1.100851035558822,0.7779639001742034,1.7156774881637185,,,,
MU,2026-05-05,640.2,64268500.0,39517605.0,1.6263257856846334,0.26950762458109434,2.6022124540527076,1.4374258312624375,4.039638285315145,0.6220324811877678,0.3987468465064614,0.19740706029365818,0.6863011558887846,0.28558263042799115,1.0,True,True,1,False,0.3987468465064614,2.6022124540527076,1.4374258312624375,,,,
MU,2026-06-25,1213.56,82143900.0,55807850.0,1.4719058340358928,0.16331636614614786,1.0532279339132085,1.0441547286996589,2.0973826626128673,2.771162212554381,5.593282153231045,-0.19611720887306772,-0.2411170440686904,-0.13975411186921116,0.0,True,True,1,False,5.593282153231045,1.0532279339132085,1.0441547286996589,,,,
MU,2026-07-16,853.2,46718000.0,52457195.0,0.8905927966602103,-0.13960711548545834,-1.6879487656155177,-0.39346390788268976,2.0814126734982072,0.9026805227242318,0.4362324150646135,0.16058368495077358,0.11325597749648386,,1.0,True,True,-1,False,0.4362324150646135,-1.6879487656155177,-0.39346390788268976,,,,
MU,2026-07-28,820.53,61039300.0,44965055.0,1.3574830498928556,-0.15480727632310842,-1.834446307548033,0.8150231853449146,2.6494694928929476,0.5866076262665327,-0.2896950003073521,0.08791878420045585,0.13703338086358818,,1.0,True,True,-1,False,-0.2896950003073521,-1.834446307548033,0.8150231853449146,,,,
MU,2026-08-24,910.43,30012600.0,39228530.0,0.7650707278605647,-0.10014331603657034,-1.311630057245987,-0.7180831204007502,2.029713177646737,-0.01417402979902982,-1.6058212901163085,0.05305185461814754,0.20400250431114975,,1.0,True,True,-1,False,-1.6058212901163085,-1.311630057245987,-0.7180831204007502,,,,
NBIS,2025-02-25,34.21,14779000.0,17822335.0,0.8292403885349479,-0.2883295194508009,-2.060360598814162,-0.4324034536728697,2.492764052487032,0.45636441038739894,,-0.13446360713241745,-0.20578778135048226,0.1376790412160187,0.0,True,True,-1,False,,-2.060360598814162,-0.4324034536728697,,,,
NBIS,2025-05-07,27.45,17862900.0,6393195.0,2.7940489848972225,0.20765508139023314,1.1425855823547806,1.7657214649274164,2.908307047282197,-0.329997559189651,-0.8867293293133026,0.3158469945355191,0.6867030965391621,0.9734061930783244,1.0,True,True,1,False,-0.8867293293133026,1.1425855823547806,1.7657214649274164,,,,
NBIS,2025-06-05,46.3,58899400.0,13251640.0,4.444687600930903,0.21713985278654047,1.1045557200308767,3.481248467311276,4.585804187342152,0.8192534381139489,1.2326909868059244,0.08596112311015136,0.033261339092872655,0.4194384449244062,0.0,True,True,1,False,1.2326909868059244,1.1045557200308767,3.481248467311276,,,,
NBIS,2025-08-07,65.31,44065000.0,11491560.0,3.834553359160984,0.1998897666727908,1.019210227143641,3.051181722814046,4.070391949957687,0.9589082183563287,0.7783131126716446,0.048231511254019255,0.0024498545398865534,1.0030623181748584,0.0,True,True,1,False,0.7783131126716446,1.019210227143641,3.051181722814046,,,,
NBIS,2025-09-09,95.72,88378300.0,11137980.0,7.934858924149621,0.4564820450395617,2.666723037585797,7.797005598208193,10.46372863579399,0.9037390612569609,0.665494031526273,-0.06571249477643115,0.22962808190555783,0.03343083994985374,1.0,True,True,1,False,0.665494031526273,2.666723037585797,7.797005598208193,,,,
NBIS,2025-10-22,98.62,26631500.0,18118720.0,1.4698334098655976,-0.2162441389175872,-1.6733497608316885,0.357705371586674,2.0310551324183623,0.9567460317460319,0.5480527893690179,0.26850537416345555,-0.03599675522206458,0.006793753802474267,0.0,True,True,-1,False,0.5480527893690179,-1.6733497608316885,0.357705371586674,,,,
NBIS,2025-11-11,102.22,45261100.0,16582040.0,2.7295254383658465,-0.07526687172064417,-0.7712993907350866,1.7411883833091897,2.5124877740442764,0.4091535704438929,-0.3604097984911951,-0.11426335355116413,-0.08442574838583439,-0.09137155155546861,0.0,True,True,-1,False,-0.3604097984911951,-0.7712993907350866,1.7411883833091897,,,,
NBIS,2025-12-24,91.13,3338000.0,12393615.0,0.26933223276663026,0.20781974817760096,1.1750676087276766,-0.9670907394480498,2.1421583481757263,-0.1882960719693596,-1.2458797293194066,-0.012948535059804644,0.0036212004828266586,0.2609459014594535,0.0,True,True,1,False,-1.2458797293194066,1.1750676087276766,-0.9670907394480498,,,,
NBIS,2026-02-05,73.87,17441100.0,12854425.0,1.3568168159991598,-0.2216837003476978,-1.7340671712958835,0.4208393440831961,2.1549065153790794,-0.33617900790797983,-1.2840066028751014,0.2147015026397725,0.20928658454040883,1.3882496277243805,1.0,True,True,-1,False,-1.2840066028751014,-1.7340671712958835,0.4208393440831961,,,,
NBIS,2026-03-11,112.0,34845300.0,12718690.0,2.7396925312276657,0.14542851298834125,0.8136854669236667,2.3548378422294802,3.168523309153147,0.1879507848960542,-0.37120113431265067,0.0585714285714285,0.21723214285714287,1.034017857142857,1.0,True,True,1,False,-0.37120113431265067,0.8136854669236667,2.3548378422294802,,,,
NBIS,2026-04-07,117.4,13136900.0,19025765.0,0.6904794629808578,0.27249078690656847,1.6728430759395816,-0.4757919506551462,2.148635026594728,0.20657759506680384,-0.3994453527147807,0.3793867120954002,0.4984667802385008,0.8366269165247018,1.0,True,True,1,False,-0.3994453527147807,1.6728430759395816,-0.4757919506551462,,,,
NBIS,2026-05-05,175.92,11763200.0,16781950.0,0.70094357330346,0.29820677440779275,1.7018389752042256,-0.5075321197039658,2.2093710949081915,1.043205574912892,0.9308739804260426,0.018133242382901482,0.4306502955889042,0.08236698499317874,1.0,True,True,1,False,0.9308739804260426,1.7018389752042256,-0.5075321197039658,,,,
NBIS,2026-06-17,280.91,24392300.0,16820050.0,1.450191884090713,0.32698757617270546,1.9993733180044928,0.6168205185074621,2.616193836511955,1.4608848007008324,1.445499987025055,-0.0864333772382615,-0.3673774518529066,-0.24463351251290455,0.0,True,True,1,False,1.445499987025055,1.9993733180044928,0.6168205185074621,,,,
NBIS,2026-07-01,229.18,30684800.0,16908835.0,1.8147199378313172,-0.11738427173996768,-1.0972426414374452,1.1302956665921187,2.2275383080295637,1.036431491025413,0.6618434675454828,-0.05663670477354055,-0.17780783663495936,,0.0,True,True,-1,False,0.6618434675454828,-1.0972426414374452,1.1302956665921187,,,,
NBIS,2026-07-16,171.77,28410900.0,17891420.0,1.5879622746545552,-0.20550416281221084,-1.6571393856137155,0.79951777641673,2.456657162030446,0.07922844935913553,-0.9213441017987722,0.2864295278570179,0.4847761541596318,,1.0,True,True,-1,False,-0.9213441017987722,-1.6571393856137155,0.79951777641673,,,,
NBIS,2026-07-28,169.69,28902400.0,18805870.0,1.5368818352992974,-0.21773003872395347,-1.7111061524208426,0.7105956215008057,2.421701773921648,0.22759169500108523,-0.622875640428722,0.33030820908715897,0.3080912251753196,,1.0,True,True,-1,False,-0.622875640428722,-1.7111061524208426,0.7105956215008057,,,,
NBIS,2026-09-09,240.35,11439000.0,22389710.0,0.5109043395381182,0.2045203969128997,1.0631888020251004,-1.0205621751792175,2.0837509772043177,0.03438629712515051,-0.7832654578938429,-0.12889536093197418,,,,True,True,1,False,-0.7832654578938429,1.0631888020251004,-1.0205621751792175,,,,
NBIS,2026-09-17,217.99,30767600.0,16388785.0,1.8773569852798728,-0.0443645609574328,-0.4745712928350035,1.8220221797175589,2.2965934725525625,-0.20802906448683012,-1.1470096334052498,,,,,True,True,-1,False,-1.1470096334052498,-0.4745712928350035,1.8220221797175589,,,,
NFLX,2025-01-21,86.97,98514000.0,30008650.0,3.2828534439236687,0.03498750446269194,0.588729092551545,7.85637985162952,8.445108944181065,0.1380528657419524,,0.11739680349545822,0.19960906059560757,0.1056686213636886,1.0,True,True,1,False,,0.588729092551545,7.85637985162952,,,,
NFLX,2025-02-24,98.85,44262000.0,36707900.0,1.2057894894559482,-0.0662195352352164,-1.8668524407772313,0.4026264637925149,2.269478904569746,0.10102472711071497,,-0.014972180070814245,-0.01669195751138075,0.2058674759736976,0.0,True,True,-1,False,,-1.8668524407772313,0.4026264637925149,,,,
NFLX,2025-03-06,90.64,78526000.0,36906550.0,2.1276981999130236,-0.05887239123663168,-1.58430032548088,2.1862409471926805,3.7705412726735608,-0.012528597886480086,,-0.017872903795233985,0.011804942630185167,0.3448808473080318,0.0,True,True,-1,False,,-1.58430032548088,2.1862409471926805,,,,
NFLX,2025-04-01,92.84,35200000.0,54965650.0,0.6403999588834117,-0.06908653364083028,-1.6567275011297733,-0.7667472935142025,2.4234747946439756,0.04702830720649609,-1.1001842697668707,-0.062473071951744896,0.218978888410168,0.42514002585092636,1.0,True,True,-1,False,-1.1001842697668707,-1.6567275011297733,-0.7667472935142025,,,,
NFLX,2025-04-15,97.63,77120000.0,49797400.0,1.548675232040227,0.12166819852941169,2.1742332309836594,1.0453528559122502,3.2195860868959096,0.13774618342850475,-0.15372185557852538,0.07507938133770353,0.17894089931373558,0.29253303287923793,1.0,True,True,1,False,-0.15372185557852538,2.1742332309836594,1.0453528559122502,,,,
NFLX,2025-06-20,123.14,53482000.0,26005400.0,2.056572865635599,0.01349794238683133,-0.05505792425227291,2.302210437498912,2.357268361751185,0.2347337812092649,0.596831869150681,0.07446808510638303,0.001542959233392871,-0.025093389637810604,0.0,True,True,-1,False,0.596831869150681,-0.05505792425227291,2.302210437498912,,,,
NFLX,2025-07-17,127.42,64699000.0,30977550.0,2.088577050154063,0.018870941947864983,0.06731724125359495,2.3767747185142727,2.4440919597678676,0.2898066605931773,0.7561432169736189,-0.07330089467901435,-0.034217548265578435,-0.04245801287082085,0.0,True,True,1,False,0.7561432169736189,0.06731724125359495,2.3767747185142727,,,,
NFLX,2025-08-12,122.53,22788000.0,39378000.0,0.5786987658083194,0.06742747626099832,1.1153246223684319,-0.8947128943920772,2.010037516760509,0.0401528013582344,-1.1087933157848755,-0.009059005957724686,0.018281237248020776,-0.10348486085040409,0.0,True,True,1,False,-1.1087933157848755,1.1153246223684319,-0.8947128943920772,,,,
NFLX,2025-09-11,120.35,56823000.0,25749750.0,2.206739871260886,-0.04294234592445334,-1.1903654129028587,2.6392315859032522,3.829596998806111,-0.017871715358250495,-1.3754039256542192,0.003572912339011358,0.022933111757374336,-0.16709597008724553,0.0,True,True,-1,False,-1.3754039256542192,-1.1903654129028587,2.6392315859032522,,,,
NFLX,2025-10-02,116.25,46855000.0,30666100.0,1.5279086678775586,-0.037824863433206346,-1.0632736533716565,1.1439966712010965,2.207270324572753,-0.09764806333928444,-1.7605261717041207,0.05901075268817202,-0.06322580645161291,-0.1901075268817204,0.0,True,True,-1,False,-1.7605261717041207,-1.0632736533716565,1.1439966712010965,,,,
NFLX,2025-10-21,124.14,65082000.0,30434450.0,2.1384319414347885,0.021392134276781327,0.20903666157971723,2.5218674836274912,2.7309041452072087,0.0568704239741189,-0.5559205945377373,-0.1118898018366361,-0.08095698405026586,-0.29112292572901566,0.0,True,True,1,False,-0.5559205945377373,0.20903666157971723,2.5218674836274912,,,,
NFLX,2025-11-20,105.67,36918500.0,43347220.0,0.85169244994258,-0.08447409461098598,-1.9265034134230838,-0.3604492923370604,2.2869527057601444,-0.13633020024519815,-1.7205892841266295,0.01807513958550211,-0.10674742121699632,-0.27131636225986566,0.0,True,True,-1,False,-1.7205892841266295,-1.9265034134230838,-0.3604492923370604,,,,
NFLX,2025-12-05,100.24,133363600.0,37454450.0,3.5606877153449057,-0.06822829522216034,-1.5248755916629688,4.989225274056111,6.51410086571908,-0.16709597008724553,-1.7857300480248903,-0.05037909018355946,-0.09567039106145236,-0.010674381484437334,0.0,True,True,-1,False,-1.7857300480248903,-1.5248755916629688,4.989225274056111,,,,
NFLX,2026-01-20,87.26,109729700.0,37984580.0,2.8887959271894017,-0.024046527234090065,-0.53335934392144,3.3977820814298125,3.9311414253512527,-0.2183805087782157,-1.5446892909598426,-0.019252807701123142,-0.10623424249369706,0.23527389410955757,0.0,True,True,-1,False,-1.5446892909598426,-0.53335934392144,3.3977820814298125,,,,
NFLX,2026-02-25,82.7,69319300.0,42351275.0,1.6367700854342637,0.06039235799461484,1.428954348251519,1.1871847603186423,2.6161391085701613,-0.22084039947239498,-1.2037751604550904,0.19298669891172904,0.1158403869407496,0.07980652962515111,1.0,True,True,1,False,-1.2037751604550904,1.428954348251519,1.1871847603186423,,,,
NFLX,2026-04-16,107.79,64928300.0,36962645.0,1.7565923650756055,0.0562469377756003,0.9893164034817414,1.3623382862898572,2.351654689771599,0.23527389410955757,1.2337714492159482,-0.13888115780684673,-0.19343167269691075,-0.3178402449206791,0.0,True,True,1,False,1.2337714492159482,0.9893164034817414,1.3623382862898572,,,,
NFLX,2026-06-16,78.72,65054000.0,33799035.0,1.9247295078099123,-0.0330426237562953,-0.5018752535535812,1.6014535635219302,2.1033288170755116,-0.1426704421694619,-0.6701141933555566,-0.08739837398373973,-0.05551321138211385,-0.01676829268292679,0.0,True,True,-1,False,-0.6701141933555566,-0.5018752535535812,1.6014535635219302,,,,
NFLX,2026-07-02,77.65,55456500.0,48605425.0,1.1409528874606076,0.0952045133991537,1.9956410039626729,0.16684802912544855,2.1624890330881215,-0.214227889091277,-1.0440148172597363,-0.05511912427559562,-0.07649710238248564,,0.0,True,True,1,False,-1.0440148172597363,1.9956410039626729,0.16684802912544855,,,,
NFLX,2026-07-17,68.95,142029200.0,50407860.0,2.8176002710688373,-0.0602426059697424,-0.9515405402157918,3.163337119475483,4.114877659691275,-0.25523871246489516,-1.314486142207415,0.016533720087019477,0.13357505438723694,,1.0,True,True,-1,False,-1.314486142207415,-0.9515405402157918,3.163337119475483,,,,
NFLX,2026-09-18,71.79,114413500.0,26510485.0,4.315782981714594,-0.07248062015503876,-1.171861563914926,5.959977623584249,7.131839187499176,-0.0006959910913140188,0.7589605801570203,,,,,True,True,-1,False,0.7589605801570203,-1.171861563914926,5.959977623584249,,,,
NOK,2025-01-24,4.51,27089700.0,13017765.0,2.080979338619187,0.015765765765765716,0.3494604132415967,1.9613951912384189,2.3108556044800155,-0.0545073375262054,,0.019955654101995624,0.08647450110864763,0.17073170731707332,1.0,True,True,1,False,,0.3494604132415967,1.9613951912384189,,,,
NOK,2025-02-28,4.8,40079900.0,20813845.0,1.925636517423859,-0.028340080971660075,-1.0058561180051937,1.576530820260142,2.5823869382653357,0.1428571428571428,,0.08958333333333357,0.0854166666666667,0.12708333333333344,1.0,True,True,-1,False,,-1.0058561180051937,1.576530820260142,,,,
NOK,2025-04-03,4.98,26862700.0,20390080.0,1.3174396569312137,-0.04230769230769227,-1.4719311771472727,0.5291323792437778,2.0010635563910504,0.09210526315789491,0.003526562081315521,-0.032128514056224966,0.016064257028112205,0.050200803212851364,0.0,True,True,-1,False,0.003526562081315521,-1.4719311771472727,0.5291323792437778,,,,
NOK,2025-04-24,4.86,71796700.0,21845555.0,3.2865587530277898,-0.04330708661417315,-1.2608767672541696,4.012950698491276,5.2738274657454465,0.08968609865470856,-0.02663297341105264,0.026748971193415683,0.10288065843621408,-0.08230452674897126,1.0,True,True,-1,False,-0.02663297341105264,-1.2608767672541696,4.012950698491276,,,,
NOK,2025-05-21,5.34,29625900.0,19434300.0,1.5244130223367962,0.04911591355599221,1.1086147269316498,0.9207118795858761,2.0293266065175257,0.0701402805611222,-0.18416025030631608,0.001872659176029856,-0.0393258426966292,-0.20411985018726586,0.0,True,True,1,False,-0.18416025030631608,1.1086147269316498,0.9207118795858761,,,,
NOK,2025-06-17,5.15,20993000.0,13970310.0,1.5026867692986055,-0.03738317757009335,-1.1595699993912827,0.9458917632229323,2.105461762614215,-0.030131826741996104,-1.3707257008455682,0.003883495145631022,-0.07184466019417479,-0.12427184466019425,0.0,True,True,-1,False,-1.3707257008455682,-1.1595699993912827,0.9458917632229323,,,,
NOK,2025-07-11,4.98,25149000.0,16351365.0,1.5380367327131406,-0.040462427745664775,-1.2427612524460114,1.0068029703492825,2.2495642227952937,0.0,-0.9040458355889063,-0.04618473895582342,-0.17670682730923704,-0.006024096385542244,0.0,True,True,-1,False,-0.9040458355889063,-1.2427612524460114,1.0068029703492825,,,,
NOK,2025-09-04,4.6,47252100.0,16560835.0,2.853243812887454,0.06481481481481466,1.6715978799083737,3.282157995022266,4.95375587493064,-0.15285451197053412,-1.4262410278572417,0.004347826086956719,0.0608695652173914,0.32173913043478275,1.0,True,True,1,False,-1.4262410278572417,1.6715978799083737,3.282157995022266,,,,
NOK,2025-09-19,4.74,36366300.0,24641905.0,1.4757909341830513,0.0509977827050998,1.2626322652512905,0.7740029889548903,2.036635254206181,-0.0831721470019342,-0.7789479977229916,-0.016877637130801704,0.21097046413502119,0.3080168776371308,1.0,True,True,1,False,-0.7789479977229916,1.2626322652512905,0.7740029889548903,,,,
NOK,2025-10-08,5.17,50789500.0,33572095.0,1.5128486917483106,0.07261410788381739,1.773401287339897,0.8364447058495342,2.609845993189431,0.08842105263157896,0.6649307151937136,0.09284332688588015,0.3249516441005802,0.25725338491295946,1.0,True,True,1,False,0.6649307151937136,1.773401287339897,0.8364447058495342,,,,
NOK,2025-11-19,6.03,82288500.0,77854740.0,1.056949133732898,-0.14102564102564097,-2.7823508655297187,-0.048427055345090335,2.830777920874809,0.4055944055944056,1.5633713175415385,0.008291873963515828,0.05804311774461013,0.23217247097844096,1.0,True,True,-1,False,1.5633713175415385,-2.7823508655297187,-0.048427055345090335,,,,
NOK,2026-01-07,6.79,52745400.0,19583120.0,2.6934114686525947,0.043010752688172005,0.6071772110689462,2.3103809932505133,2.9175582043194597,0.27631578947368407,0.7445804416360661,-0.06332842415316642,0.010309278350515427,0.30927835051546393,0.0,True,True,1,False,0.7445804416360661,0.6071772110689462,2.3103809932505133,,,,
NOK,2026-01-28,6.82,64275500.0,30691975.0,2.09421192347511,0.05900621118012417,0.8835706603909727,1.454543016388845,2.338113676779818,-0.04347826086956519,-0.7094937036733482,-0.0029325513196482023,0.0997067448680351,0.533724340175953,1.0,True,True,1,False,-0.7094937036733482,0.8835706603909727,1.454543016388845,,,,
NOK,2026-02-20,7.77,70938400.0,40749695.0,1.7408326614469138,0.11477761836441891,1.8496561748261569,0.9592762909418632,2.80893246576802,0.30808080808080796,0.8612358819851587,-0.006435006435006385,0.027027027027027195,0.7683397683397684,0.0,True,True,1,False,0.8612358819851587,1.8496561748261569,0.9592762909418632,,,,
NOK,2026-03-02,8.26,125013200.0,38128655.0,3.2787204269334964,0.09114927344782031,1.4038151655196056,3.1684295387343484,4.572244704253954,0.3344103392568658,0.96518192136246,-0.044794188861985496,-0.036319612590798966,0.8983050847457628,0.0,True,True,1,False,0.96518192136246,1.4038151655196056,3.1684295387343484,,,,
NOK,2026-04-06,8.89,83637500.0,57942685.0,1.4434522666666207,0.11403508771929816,1.7607178041758524,0.5079235178243549,2.2686413220002075,0.30927835051546393,0.7965978995547225,0.16647919010123724,0.4780652418447693,0.45219347581552305,1.0,True,True,1,False,0.7965978995547225,1.7607178041758524,0.5079235178243549,,,,
NOK,2026-04-29,12.46,159946000.0,95763445.0,1.6702197795829088,0.26369168356997985,4.090661439728244,0.8169682991558675,4.907629738884111,0.870870870870871,2.816932276041123,0.058587479935794384,0.22632423756019238,-0.2552166934189407,1.0,True,True,1,False,2.816932276041123,4.090661439728244,0.8169682991558675,,,,
NOK,2026-05-14,14.46,137481600.0,117457965.0,1.1704749013828053,0.17085020242914983,2.180702374456579,0.06765725010836675,2.2483596245649458,0.9461641991924632,2.559428409518873,-0.019363762102351356,0.023513139695712226,-0.3471645919778701,0.0,True,True,1,False,2.559428409518873,2.180702374456579,0.06765725010836675,,,,
NOK,2026-06-08,14.59,102809500.0,125318950.0,0.8203827114734045,-0.10215384615384615,-1.7733019616696706,-0.46052071034131065,2.233822672010981,0.7923832923832923,1.5665626678965037,0.015764222069911016,-0.18094585332419466,-0.3255654557916381,0.0,True,True,-1,False,1.5665626678965037,-1.7733019616696706,-0.46052071034131065,,,,
NOK,2026-06-23,13.7,84538000.0,132382640.0,0.638588262025897,-0.07557354925775983,-1.3145212983618433,-0.724416211306885,2.0389375096687283,0.6545893719806763,1.0649678997187648,-0.03065693430656935,-0.24963503649635033,-0.22627737226277367,0.0,True,True,-1,False,1.0649678997187648,-1.3145212983618433,-0.724416211306885,,,,
NOK,2026-07-16,10.38,144325400.0,89233495.0,1.617390420491767,-0.1953488372093023,-2.814816616175425,0.7442751342916888,3.559091750467114,-0.02075471698113196,-0.9179869006286555,-0.06262042389210021,0.01734104046242768,,0.0,True,True,-1,False,-0.9179869006286555,-2.814816616175425,0.7442751342916888,,,,
NOK,2026-08-14,10.76,68497100.0,92791990.0,0.7381790173914796,0.1495726495726497,1.5805125534670255,-0.5626206169484954,2.143133170415521,-0.21287490855888813,-1.4205716524986787,-0.05111524163568759,-0.10315985130111516,,0.0,True,True,1,False,-1.4205716524986787,1.5805125534670255,-0.5626206169484954,,,,
NOK,2026-09-16,10.14,130438400.0,71686725.0,1.8195614320503553,-0.05762081784386608,-0.9202336356887022,1.144865604309044,2.065099239997746,-0.29729729729729726,-1.549506375417314,0.04832347140039439,,,,True,True,-1,False,-1.549506375417314,-0.9202336356887022,1.144865604309044,,,,
NOW,2025-01-21,219.37,7197000.0,5674700.0,1.2682608772269899,0.07984248092542456,1.7664262078844886,0.6322118230849925,2.3986380309694812,0.1948907892586742,,0.06705565938824809,-0.1000136755253681,-0.2736928477002324,0.0,True,True,1,False,,1.7664262078844886,0.6322118230849925,,,,
NOW,2025-03-07,170.13,12640500.0,8230400.0,1.5358305793157077,-0.08507663350362993,-1.8192106136740116,0.8262330447185899,2.6454436583926015,-0.24342953706586035,,-0.007406101216716587,-0.15164873919943567,0.18838535237759357,0.0,True,True,-1,False,,-1.8192106136740116,0.8262330447185899,,,,
NOW,2025-04-04,144.33,14502000.0,10635600.0,1.3635337921696942,-0.09539329363835791,-1.8583844385213015,0.5408388280510871,2.3992232665723887,-0.31542000664042114,-1.6074349286362857,0.08868565093882053,0.35529688907365053,0.3992240005542851,1.0,True,True,-1,False,-1.6074349286362857,-1.8583844385213015,0.5408388280510871,,,,
NOW,2025-04-24,187.71,30415500.0,10342000.0,2.9409688648230516,0.17812088118998304,3.516639205236704,3.6443992905761795,7.161038495812884,-0.19809466848940538,-0.7160819285873665,0.020670182728677267,0.08225454158009704,0.025358265409408,1.0,True,True,1,False,-0.7160819285873665,3.516639205236704,3.6443992905761795,,,,
NOW,2025-05-30,202.22,13319500.0,6660275.0,1.9998423488519619,-0.0045778981048486544,-0.1676610780186668,1.8830475184323232,2.05070859645099,0.10406202227560613,0.8414988321807126,0.018890317476016216,0.016813371575511882,-0.14484225101374737,0.0,True,True,-1,False,0.8414988321807126,-0.1676610780186668,1.8830475184323232,,,,
NOW,2025-06-20,194.28,10038500.0,5604075.0,1.7912858054183787,-0.03568769543852679,-0.6851082859344629,1.5312306627877998,2.216338948722263,0.12769909449732997,0.7802542441619033,0.05250154416306363,-0.011838583487749688,-0.04056001647107266,0.0,True,True,-1,False,0.7802542441619033,-0.6851082859344629,1.5312306627877998,,,,
NOW,2025-07-10,193.62,10016500.0,5996125.0,1.6704955283620673,-0.04124783362218365,-0.8094748061206368,1.3153521823961478,2.1248269885167845,0.23222809138929557,1.1155296682621902,-0.00924491271562855,-0.09709740729263516,-0.057587026133663954,0.0,True,True,-1,False,1.1155296682621902,-0.8094748061206368,1.3153521823961478,,,,
NOW,2025-07-24,199.24,20350500.0,6728475.0,3.024533791089363,0.03862795183235157,0.6190509915370026,4.105377517360098,4.7244285088971,0.06272669084702387,0.20274370816899173,-0.053302549688817535,-0.11970487853844625,-0.09295322224452929,0.0,True,True,1,False,0.20274370816899173,0.6190509915370026,4.105377517360098,,,,
NOW,2025-08-07,174.82,13993500.0,8128850.0,1.7214612153010573,-0.07316297317357656,-1.3263417928978753,1.3738910605750294,2.7002328534729045,-0.13932650649862155,-0.8367325002439597,-0.02659878732410481,0.04541814437707359,0.05171033062578667,0.0,True,True,-1,False,-0.8367325002439597,-1.3263417928978753,1.3738910605750294,,,,
NOW,2025-08-28,185.72,15218000.0,9343725.0,1.6286866319374766,0.05889731455613223,1.0320643792777144,1.192629155653837,2.2246935349315518,-0.08141260263131866,-0.46441849698669446,-0.015937971139349583,0.007968985569674736,-0.12400387680379066,0.0,True,True,1,False,-0.46441849698669446,1.0320643792777144,1.192629155653837,,,,
NOW,2025-09-19,192.23,14036000.0,7361500.0,1.906676628404537,0.034662791323537334,0.5878118097532986,1.8200941247515647,2.4079059345048632,-0.043774561010794466,-0.23861080752490615,-0.026166571294803154,-0.05987618998075217,-0.20387036362690525,0.0,True,True,1,False,-0.23861080752490615,0.5878118097532986,1.8200941247515647,,,,
NOW,2025-10-29,182.34,13434000.0,5706100.0,2.3543225670773382,-0.02559717843210596,-0.5059848949909895,3.0004681820183596,3.506453077009349,0.007292011932383158,0.08911997110284296,-0.0351541077108698,-0.11955687177799723,-0.27717450915871444,0.0,True,True,-1,False,0.08911997110284296,-0.5059848949909895,3.0004681820183596,,,,
NOW,2025-12-15,153.04,29629000.0,7041125.0,4.207992330771006,-0.10345635618043347,-1.8977010020023688,6.809760379331209,8.707461381333578,-0.20387036362690525,-1.1738232395109744,0.0237846314688972,-0.12042603240982741,-0.2575797177208572,0.0,True,True,-1,False,-1.1738232395109744,-1.8977010020023688,6.809760379331209,,,,
NOW,2026-01-14,134.61,15646900.0,10899355.0,1.4355803623241925,-0.10795228628230613,-1.9002197071954081,0.757898924820747,2.658118632016155,-0.2551460823373173,-1.3647477151784109,-0.04494465492905442,-0.23267216402941837,-0.3383849639699874,0.0,True,True,-1,False,-1.3647477151784109,-1.9002197071954081,0.757898924820747,,,,
NOW,2026-02-19,107.37,13224700.0,25358890.0,0.5215015325986272,0.06750845098429115,1.3712986429033842,-1.0504363397053447,2.421734982608729,-0.3293147604472484,-1.4382033417446178,0.017975225854521604,0.054950172301387656,-0.11455713886560503,1.0,True,True,1,False,-1.4382033417446178,1.3712986429033842,-1.0504363397053447,,,,
NOW,2026-03-02,109.42,14780500.0,24428280.0,0.6050569258253139,0.08551587301587316,1.6624764668975198,-0.877888562139203,2.540365029036723,-0.336365841824357,-1.3931711270731846,0.11433010418570655,-0.0406689819045879,-0.06671540851763846,0.0,True,True,1,False,-1.3931711270731846,1.6624764668975198,-0.877888562139203,,,,
NOW,2026-03-26,103.64,11595300.0,17438270.0,0.6649340788965878,-0.08501809834907736,-1.3144646272356924,-0.7270280904746985,2.041492717710391,-0.32953810324750943,-1.2971546276867745,-0.01582400617522195,-0.12996912389038984,-0.07429563874951761,0.0,True,True,-1,False,-1.2971546276867745,-1.3144646272356924,-0.7270280904746985,,,,
NOW,2026-04-09,89.81,42131500.0,14689350.0,2.868166392658627,-0.13677431757016534,-2.2099011601907854,3.528085894068954,5.737987054259739,-0.37037296690970267,-1.4944872802877849,0.07382251419663732,0.04208885424785658,0.23293619864157677,0.0,True,True,-1,False,-1.4944872802877849,-2.2099011601907854,3.528085894068954,,,,
NOW,2026-05-18,103.42,51220700.0,28358895.0,1.806159936767635,0.13039676467373496,2.603139064879526,1.28595719380135,3.889096258680876,-0.008151913302004377,0.5169309879716436,-0.03384258363952819,-0.020208857087604004,0.2304196480371301,0.0,True,True,1,False,0.5169309879716436,2.603139064879526,1.28595719380135,,,,
NOW,2026-07-01,105.8,26458600.0,27212160.0,0.9723079682024507,0.1279317697228144,1.9360111776057998,-0.2037169922267522,2.139728169832552,0.033001366920523356,1.0572378748178906,0.02873345935727789,0.04035916824196595,,0.0,True,True,1,False,1.0572378748178906,1.9360111776057998,-0.2037169922267522,,,,
NOW,2026-07-22,95.46,43600900.0,20055320.0,2.174031628515526,-0.08851331996562595,-1.0569857984650575,1.9111672927356953,2.9681530912007528,0.05866696240434721,1.4086982415316753,0.21265451498009647,0.3324952859836583,,1.0,True,True,-1,False,1.4086982415316753,-1.0569857984650575,1.9111672927356953,,,,
NOW,2026-08-10,127.44,17216100.0,25575335.0,0.6731524728806094,0.11603467904369902,1.5466240596581884,-0.7025511951342494,2.249175254792438,0.46398621481906943,3.6777175294026097,-0.0764281230382925,0.053123038292529845,,1.0,True,True,1,False,3.6777175294026097,1.5466240596581884,-0.7025511951342494,,,,
NOW,2026-08-24,128.05,8949300.0,21522015.0,0.41582073054033275,0.08793542905692453,1.1612623694592374,-1.1198257824111284,2.2810881518703656,0.17768785063919812,1.5946493220104794,0.15572042171026945,0.06989457243264341,,1.0,True,True,1,False,1.5946493220104794,1.1612623694592374,-1.1198257824111284,,,,
NVDA,2025-01-22,147.07,237651400.0,204055610.0,1.1646403644575123,0.11619611414693387,2.006957403369316,0.7403336093033159,2.747291012672632,0.05381198051017466,,-0.158903923301829,-0.0473244033453456,-0.3099204460461005,0.0,True,True,1,False,,2.006957403369316,0.7403336093033159,,,,
NVDA,2025-02-10,133.57,216989100.0,302300400.0,0.7177929635554567,0.14495114006514664,2.22300395155581,-0.6845383198555057,2.907542271411316,-0.080476387167837,,0.043647525641985485,-0.18574530208879236,-0.12360560005989363,0.0,True,True,1,False,,2.22300395155581,-0.6845383198555057,,,,
NVDA,2025-02-20,140.11,143903600.0,299020385.0,0.4812501328295728,0.06840018301052342,0.9259564466690008,-1.1143947621006365,2.0403512087696374,-0.03961889094523252,,-0.14245949611019915,-0.15402183998287067,-0.033616444222396735,0.0,True,True,1,False,,0.9259564466690008,-1.1143947621006365,,,,
NVDA,2025-03-17,119.53,255501500.0,300530055.0,0.8501695446067782,0.11731164703682939,1.7312102085835106,-0.4173427064375321,2.1485529150210425,-0.09446969696969698,,0.015728269053794097,-0.07378900694386348,0.19493014306031964,0.0,True,True,1,False,,1.7312102085835106,-0.4173427064375321,,,,
NVDA,2025-04-04,94.31,532273800.0,277243520.0,1.9198782355670567,-0.1400565332360718,-2.0269856106233837,2.072015508903026,4.0990011195264096,-0.3270301127443984,-2.326064486711467,0.17622733538331037,0.20687095748064888,0.6673735552963631,1.0,True,True,-1,False,-2.326064486711467,-2.0269856106233837,2.072015508903026,,,,
NVDA,2025-05-13,129.93,330430100.0,226325140.0,1.4599796558172902,0.14435441254183545,1.956114032779367,1.033080062116643,2.9891940948960096,-0.06424198775657175,0.2797756994678643,0.034249211113676514,0.09928422996998387,0.4061417686446547,1.0,True,True,1,False,0.2797756994678643,1.956114032779367,1.033080062116643,,,,
NVDA,2025-05-29,139.19,369241900.0,214471780.0,1.7216339604212731,0.056069802731411045,0.6763594149382581,1.6551137291869515,2.3314731441252095,0.20001724286576428,2.4191154079960735,0.005747539334722385,0.13334291256555786,0.29183130972052584,1.0,True,True,1,False,2.4191154079960735,0.6763594149382581,1.6551137291869515,,,,
NVDA,2025-08-28,180.17,281787800.0,165276545.0,1.7049473051363702,0.02966053263230073,0.2885840838248577,1.858293409567298,2.1468774933921555,0.2758107916725676,0.6399529010227164,-0.07298662374424147,-0.010989620913581577,-0.007159904534606132,0.0,True,True,1,False,0.6399529010227164,0.2885840838248577,1.858293409567298,,,,
NVDA,2025-10-10,183.16,268774400.0,174432250.0,1.5408526806252858,-0.023771452936787174,-0.5299650026161452,1.4751729713119295,2.0051379739280746,0.05872832369942205,-0.20135352935050155,0.00032758244158115346,0.027243939724830746,0.03248525879012898,0.0,True,True,-1,False,-0.20135352935050155,-0.5299650026161452,1.4751729713119295,,,,
NVDA,2025-10-28,201.03,297986200.0,165125800.0,1.8046010980718943,0.10968204901744327,1.635236610013261,2.206813446784619,3.8420500567978797,0.11683333333333334,0.03764473329911667,-0.011640053723324884,-0.11545540466597026,-0.07242700094513255,0.0,True,True,1,False,0.03764473329911667,1.635236610013261,2.206813446784619,,,,
NVDA,2025-11-07,188.15,264942300.0,186770215.0,1.4185468491322344,-0.07081831201540822,-1.246502906041219,1.1042792758125837,2.350782181853803,0.033677617844192875,-0.3000739249305319,0.010736114802019525,-0.013818761626361864,-0.0864735583311188,0.0,True,True,-1,False,-0.3000739249305319,-1.246502906041219,1.1042792758125837,,,,
NVDA,2025-11-20,180.64,343504800.0,197445470.0,1.7397451559663537,-0.03328695279888705,-0.6314450482727072,1.9530714468437516,2.5845164951164588,-0.005286343612334821,-0.4597017656672978,-0.020150575730735087,0.0019375553587246408,0.04019043401240041,0.0,True,True,-1,False,-0.4597017656672978,-0.6314450482727072,1.9530714468437516,,,,
NVDA,2025-12-19,180.99,324925900.0,201530075.0,1.6122948398644719,0.034110387384298946,0.4193333978303507,1.6299321369313557,2.0492655347617066,0.01857166976194513,-0.3470067827445748,0.03994695839549145,0.012873639427592565,-0.013426156141223333,0.0,True,True,1,False,-0.3470067827445748,0.4193333978303507,1.6299321369313557,,,,
NVDA,2026-02-04,174.19,207014100.0,166513605.0,1.2432263417754963,-0.09048663324979123,-1.7459977132435145,0.8875328965228941,2.6335306097664084,-0.07385155253083797,-0.7327088520758167,0.09105000287042886,0.05252884780986289,0.13927320741718807,1.0,True,True,-1,False,-0.7327088520758167,-1.7459977132435145,0.8875328965228941,,,,
NVDA,2026-02-25,195.56,250637100.0,173294085.0,1.4463107612703572,0.040323438663687705,0.5545148525502789,1.5418641421212373,2.0963789946715163,0.0848773993121048,-0.06842217384643116,-0.06402127224381271,-0.08631622008590711,0.12246880752710165,0.0,True,True,1,False,-0.06842217384643116,0.5545148525502789,1.5418641421212373,,,,
NVDA,2026-04-06,177.64,107564300.0,178736020.0,0.601805388751523,0.06041069723018122,0.9491609162454178,-1.346849754501905,2.2960106707473225,-0.06065253027338602,-0.8215000991652414,0.06569466336410734,0.11731591983787437,0.11224949335735213,1.0,True,True,1,False,-0.8215000991652414,0.9491609162454178,-1.346849754501905,,,,
NVDA,2026-04-15,198.87,185338400.0,165485130.0,1.1199701145353664,0.09221221441124783,1.6157636502572286,0.5649077919578886,2.180671442215117,0.06787306019438333,-0.26304975446861345,0.018253130185548416,0.13556594760396234,0.02343239302056621,1.0,True,True,1,False,-0.26304975446861345,1.6157636502572286,0.5649077919578886,,,,
NVDA,2026-06-08,208.64,138372800.0,177827330.0,0.778130110821548,-0.07006596541272969,-1.7820872132561865,-0.8573504042841471,2.6394376175403336,0.13923774161843405,-0.0448074240456307,0.0182611196319018,-0.021664110429447714,0.07558473926380382,0.0,True,True,-1,False,-0.0448074240456307,-1.7820872132561865,-0.8573504042841471,,,,
NVDA,2026-07-14,211.8,124379600.0,144972065.0,0.8579556344182584,0.07550906413446401,1.5323082298988924,-0.5428758542263129,2.075184084125205,0.06780942777917831,-0.33459946195194523,-0.021293673276676195,0.026912181303116123,,0.0,True,True,1,False,-0.33459946195194523,1.5323082298988924,-0.5428758542263129,,,,
NVDA,2026-07-29,190.01,147680800.0,130120995.0,1.1349498211260989,-0.10398000565877585,-2.370227969428609,0.5554921886939383,2.925720158122547,-0.042529604434366375,-1.0918087658642328,0.15372875111836226,0.1034156097047525,,1.0,True,True,-1,False,-1.0918087658642328,-2.370227969428609,0.5554921886939383,,,,
NVDA,2026-08-24,208.48,135187300.0,116581280.0,1.1595969781769424,-0.07346340162659437,-1.6188315827163287,0.6914372631233843,2.3102688458397127,-0.026931155192532086,-1.046467578135034,0.05899846508058326,0.09780314658480438,,1.0,True,True,-1,False,-1.046467578135034,-1.6188315827163287,0.6914372631233843,,,,
NVDA,2026-09-11,218.29,89060100.0,128209390.0,0.69464568858802,-0.044473626614138784,-1.0487117174209284,-1.1081183609987173,2.1568300784196457,0.052456487151053555,-0.043420800949493285,0.018232626322781664,,,,True,True,-1,False,-0.043420800949493285,-1.0487117174209284,-1.1081183609987173,,,,
ORCL,2025-01-21,172.57,30232000.0,7637225.0,3.9585058709151557,0.12116683991683996,2.861089938920438,5.605277452997693,8.46636739191813,-0.015629456391535013,,-0.0496610071275424,0.05186301211102751,-0.24807324563945066,1.0,True,True,1,False,,2.861089938920438,5.605277452997693,,,,
ORCL,2025-03-10,148.79,21486100.0,9168305.0,2.3435193309995688,-0.08165658560671529,-1.458883975175246,1.5700619533712212,3.0289459285464675,-0.21874507744814908,,0.03508300288997912,-0.1453726728946838,0.12978022716580417,0.0,True,True,-1,False,,-1.458883975175246,1.5700619533712212,,,,
ORCL,2025-04-07,127.16,19482700.0,12818125.0,1.5199336876493248,-0.09047993705743518,-1.5452034945349753,0.5404611710621802,2.0856646655971556,-0.22054676964570308,-2.157036932427684,0.05882352941176472,0.16152878263604897,0.8663101604278074,1.0,True,True,-1,False,-2.157036932427684,-1.5452034945349753,0.5404611710621802,,,,
ORCL,2025-04-25,138.49,5476400.0,11723060.0,0.4671476559874299,0.076737676877624,1.5226987391181013,-0.877676163725957,2.4003749028440584,-0.14522898407604,-0.5836409834217395,0.08838183262329391,0.1262184995306519,0.7466965123835656,1.0,True,True,1,False,-0.5836409834217395,1.5226987391181013,-0.877676163725957,,,,
ORCL,2025-05-13,162.27,11955200.0,7950410.0,1.5037211917372815,0.09864590385917404,1.7420396645424425,0.6349479923621977,2.37698765690464,-0.0682705558107487,0.46180621419879814,-0.012078634374807495,0.08695384236149617,0.5409502680717322,1.0,True,True,1,False,0.46180621419879814,1.7420396645424425,0.6349479923621977,,,,
ORCL,2025-05-30,165.53,17547900.0,7805110.0,2.2482578720863637,0.05225351217341556,0.9093070056255927,1.773824463205153,2.6831314688307457,0.024572914087645392,1.6247596651885399,0.051289796411526645,0.3207877726091948,0.41490968404518824,1.0,True,True,1,False,1.6247596651885399,0.9093070056255927,1.773824463205153,,,,
ORCL,2025-06-11,176.38,18002900.0,8585035.0,2.0970095054941535,0.04925639500297452,0.820270538278242,1.5635509663758949,2.383821504654137,0.14525030842153108,2.3981331330876285,0.195543712439052,0.30717768454473293,0.3520807347771855,1.0,True,True,1,False,2.3981331330876285,0.820270538278242,1.5635509663758949,,,,
ORCL,2025-08-19,234.62,16819300.0,9885325.0,1.7014412778537884,-0.07578980540455371,-1.4294713012233664,0.8330931713194449,2.2625644725428113,0.49145000317843746,1.0779528136334688,-0.001747506606427418,0.2846730883982611,-0.03252067172449069,1.0,True,True,-1,False,1.0779528136334688,-1.4294713012233664,0.8330931713194449,,,,
ORCL,2025-09-09,241.51,41178700.0,10976545.0,3.7515174401416838,0.0719485130936528,1.0601929291559982,3.64440825322983,4.704601182385828,0.20839587711397956,0.19984654212581562,0.2697196803444992,0.17692849157384805,-0.13986998467972345,1.0,True,True,1,False,0.19984654212581562,1.0601929291559982,3.64440825322983,,,,
ORCL,2025-09-29,282.76,25778500.0,36943565.0,0.6977805200986965,-0.13832088983696478,-2.02669924331935,-0.4658310509395935,2.4925302942589433,0.19147143097926844,0.09216414579362356,0.031227896449285586,-0.004809732635450592,-0.3091667845522704,0.0,True,True,-1,False,0.09216414579362356,-2.02669924331935,-0.4658310509395935,,,,
ORCL,2025-11-21,198.76,44834100.0,20175220.0,2.2222359904873406,-0.10809961857751849,-1.4396138029688268,1.161324184093905,2.600937987062732,-0.17293608521970705,-1.038898389477853,0.010968001609982014,-0.001911853491648241,-0.25498088146508346,0.0,True,True,-1,False,-1.038898389477853,-1.4396138029688268,1.161324184093905,,,,
ORCL,2025-12-11,198.85,100612700.0,25630000.0,3.925583300819352,-0.07222507348481322,-0.9702189145164694,2.9997899280101152,3.9700088425265845,-0.3402674098404168,-1.5112169116131131,-0.09464420417400043,0.029318581845612313,-0.17968317827508162,0.0,True,True,-1,False,-1.5112169116131131,-0.9702189145164694,2.9997899280101152,,,,
ORCL,2026-01-21,173.88,38190000.0,21063245.0,1.8131109427820833,-0.14044193978941122,-1.7661885978289487,0.7573462841926981,2.5235348820216466,-0.37915521119720075,-1.4012662223892767,-0.006211180124223503,-0.09972394755003455,0.006786289394985046,0.0,True,True,-1,False,-1.4012662223892767,-1.7661885978289487,0.7573462841926981,,,,
ORCL,2026-02-02,160.06,47421000.0,23500595.0,2.0178638030228595,-0.12267046700285023,-1.5526744511814305,1.0563027560686788,2.6089772072501094,-0.355038884635532,-1.2631571398926973,-0.0216793702361614,-0.06903661127077354,0.02355366737473452,0.0,True,True,-1,False,-1.2631571398926973,-1.5526744511814305,1.0563027560686788,,,,
ORCL,2026-03-11,163.12,83247500.0,26396490.0,3.153733697169586,0.07055194592111302,0.7952746041620281,2.338056805986044,3.133331410148072,-0.17968317827508162,-0.6657289811677732,-0.06265326140264837,-0.15485532123589985,0.3099558607160373,0.0,True,True,1,False,-0.6657289811677732,0.7952746041620281,2.338056805986044,,,,
ORCL,2026-04-13,155.62,49997700.0,22028535.0,2.2696788506362315,0.06925931015528386,0.7673220674148112,1.3306469787857456,2.0979690462005567,-0.1962192035535355,-0.6774163609146803,0.1411129674848992,0.2455982521526796,-0.07325536563423729,1.0,True,True,1,False,-0.6774163609146803,0.7673220674148112,1.3306469787857456,,,,
ORCL,2026-04-29,163.83,20587500.0,31720085.0,0.6490367223164755,-0.1262399999999999,-1.5269945166280947,-0.5169219529542921,2.0439164695823866,0.02355366737473452,-0.11072504024669663,0.1843374229384116,0.24336202160776388,-0.26814380760544465,1.0,True,True,-1,False,-0.11072504024669663,-1.5269945166280947,-0.5169219529542921,,,,
ORCL,2026-05-29,225.78,41082200.0,20187260.0,2.0350557727992804,0.18975602044580286,2.014929962389284,1.0349487146498602,3.049878677039144,0.4817877534947823,1.059380532958388,-0.05359199220480115,-0.34555762246434585,-0.35884489325892466,0.0,True,True,1,False,1.059380532958388,2.014929962389284,1.0349487146498602,,,,
ORCL,2026-06-24,157.53,38305000.0,28344790.0,1.3513947360343823,-0.16354271757022254,-1.723989372276041,0.3432022487185824,2.0671916209946235,0.12795360160389513,0.08097787472950281,-0.09541039801942486,-0.2379864152859772,-0.06297213229226173,0.0,True,True,-1,False,0.08097787472950281,-1.723989372276041,0.3432022487185824,,,,
ORCL,2026-08-03,141.85,49696900.0,38625990.0,1.286618155288706,0.18306922435362782,1.9496210658393167,0.22392574110283495,2.1735468069421517,-0.2689274854403958,-0.8875660448267345,0.06485724356714861,0.05125132181882286,,1.0,True,True,1,False,-0.8875660448267345,1.9496210658393167,0.22392574110283495,,,,
ORCL,2026-09-10,152.94,56824700.0,23328615.0,2.435836846722362,0.04933104631217833,0.5476706297819277,2.61480834019886,3.162478969980788,-0.20608388704318936,-0.49173874951281843,-0.015365502811560017,,,,True,True,1,False,-0.49173874951281843,0.5476706297819277,2.61480834019886,,,,
PLTR,2025-02-04,103.83,230806800.0,71422410.0,3.2315739555694076,0.2941543063691885,2.3980433460286856,3.18180943103507,5.579852777063756,1.0307060434187365,,0.08465761340653,-0.13194645092940382,0.11913705094866622,0.0,True,True,1,False,,2.3980433460286856,3.18180943103507,,,,
PLTR,2025-02-20,106.27,243093900.0,93184735.0,2.60873092572512,-0.09472697844790867,-1.4148899633873977,2.1743323216693997,3.589222285056797,0.7107211848036059,,-0.20231485837959917,-0.17766067563752697,0.2187823468523573,0.0,True,True,-1,False,,-1.4148899633873977,2.1743323216693997,,,,
PLTR,2025-04-04,74.01,147323200.0,100536340.0,1.4653726204872786,-0.1379149679673849,-1.4425624778470834,0.6135075431176421,2.0560700209647256,0.05743677668238334,-1.4206206159484638,0.19645993784623683,0.6723415754627751,0.7851641670044589,1.0,True,True,-1,False,-1.4206206159484638,-1.4425624778470834,0.6135075431176421,,,,
PLTR,2025-04-29,116.08,79709000.0,114475400.0,0.6962980692795133,0.23502500265985748,1.5374244179391567,-0.6804506913315268,2.2178751092706834,0.4072008728330707,-0.33797600221512164,-0.06219848380427295,0.06616126809097178,0.36802205375603037,1.0,True,True,1,False,-0.33797600221512164,1.5374244179391567,-0.6804506913315268,,,,
PLTR,2025-06-27,130.74,202598600.0,84832265.0,2.3882257534913163,-0.04777858703568827,-0.7954725515700547,2.5216814600456705,3.317154011615725,0.5439300897496457,0.18476025831332,0.06409668043445005,0.20758757839987751,0.39628269848554387,1.0,True,True,-1,False,0.18476025831332,-0.7954725515700547,2.5216814600456705,,,,
PLTR,2025-08-05,173.27,130917500.0,56267445.0,2.326700634798683,0.10899897593445984,0.6292864840722914,2.5238115997035337,3.1530980837758253,0.4542173730591692,-0.11268219717171431,0.07906735153229061,-0.10601950712760433,0.147400011542679,0.0,True,True,1,False,-0.11268219717171431,0.6292864840722914,2.5238115997035337,,,,
PLTR,2025-08-19,157.75,137922700.0,61317100.0,2.249335014213001,-0.1562817564315131,-1.8377936114231685,2.3761077318025765,4.213901343225745,0.2899664731376237,-0.6637273867044969,0.019778129952456425,0.06706814580031706,0.16748019017432636,1.0,True,True,-1,False,-0.6637273867044969,-1.8377936114231685,2.3761077318025765,,,,
PLTR,2025-10-03,173.07,105533400.0,55826640.0,1.8903770672926044,-0.025342118601115016,-0.5994061243628428,1.6707088458492467,2.2701149702120897,0.21452631578947368,-0.8207819498175335,0.013693881088576942,0.15831744380886348,0.04489512913849891,1.0,True,True,-1,False,-0.8207819498175335,-0.5994061243628428,1.6707088458492467,,,,
PLTR,2025-11-03,207.18,81016800.0,44850465.0,1.806375920517212,0.09514747859181738,0.5723299746461536,1.5358251191323289,2.1081550937784828,0.1081514762516047,-1.1064464894501553,-0.06549860025098941,-0.1761270392895068,-0.2924510087846317,0.0,True,True,1,False,-1.1064464894501553,0.5723299746461536,1.5358251191323289,,,,
PLTR,2025-11-28,168.45,17199500.0,63744615.0,0.26981887019005446,0.08161037626813905,0.600753523296142,-1.6291615215853814,2.2299150448815235,0.07883950301011922,-1.0858803526841856,0.07901454437518551,0.09338082517067381,-0.1929949539922825,1.0,True,True,1,False,-1.0858803526841856,0.600753523296142,-1.6291615215853814,,,,
PLTR,2025-12-19,193.38,76929400.0,40228170.0,1.9123266109296049,0.05344010459225368,0.3154948722713449,2.0777404762390104,2.3932353485103555,0.07961143367574808,-1.0059679888950874,-0.047574723342641345,-0.14505119453924908,-0.19495294239321537,0.0,True,True,1,False,-1.0059679888950874,0.3154948722713449,2.0777404762390104,,,,
PLTR,2026-01-16,170.96,59483600.0,36366775.0,1.6356578222842142,-0.036790805115781144,-0.6408243352334099,1.5319308061061225,2.1727551413395325,-0.05812351936532412,-1.410323393125062,-0.02041413196069264,-0.22192325690219927,-0.16851895180159104,0.0,True,True,-1,False,-1.410323393125062,-0.6408243352334099,1.5319308061061225,,,,
PLTR,2026-01-29,151.86,59846800.0,36489480.0,1.6401110676282589,-0.084629294755877,-1.10144717968773,1.5217490330035097,2.62319621269124,-0.24248017159674762,-2.0322221151953728,-0.14388252337679452,-0.09660213354405378,-0.0576847096009484,0.0,True,True,-1,False,-2.0322221151953728,-1.10144717968773,1.5217490330035097,,,,
PLTR,2026-03-06,157.16,74980900.0,57946705.0,1.2939631338831086,0.14556454552081055,1.6899060177243954,0.7466773541022177,2.436583371826613,-0.13405697283596896,-1.370834554833776,-0.03951387121404948,-0.05872995673199277,-0.03175108170017826,0.0,True,True,1,False,-1.370834554833776,1.6899060177243954,0.7466773541022177,,,,
PLTR,2026-03-30,137.55,41289800.0,48397455.0,0.8531399016745819,-0.1448022879880626,-2.06369614929055,-0.3073628304413331,2.371058979731883,-0.22616033755274256,-1.5614458203462522,0.09102144674663748,0.026390403489640057,-0.22013813158851336,0.0,True,True,-1,False,-1.5614458203462522,-2.06369614929055,-0.3073628304413331,,,,
PLTR,2026-04-08,140.76,64827700.0,39987145.0,1.6212135174941846,-0.037735849056603876,-0.6968652911802081,1.5559206815014102,2.252785972681618,-0.20694123612597903,-1.4314714364425916,0.00987496447854519,-0.049516908212560384,-0.05839727195225919,0.0,True,True,-1,False,-1.4314714364425916,-0.6968652911802081,1.5559206815014102,,,,
PLTR,2026-04-29,137.97,33348100.0,48727840.0,0.6843746819066883,-0.09599004062377148,-1.4955558433464107,-0.6781725813751099,2.1737284247215207,-0.06625609095831075,-0.7640417956066718,-0.030296441255345363,0.038921504674929386,-0.04667681380010147,0.0,True,True,-1,False,-0.7640417956066718,-1.4955558433464107,-0.6781725813751099,,,,
PLTR,2026-05-29,156.54,92196600.0,42075865.0,2.191199158947772,0.13921839749654308,2.0535492313595296,2.7512390206525716,4.804788252012101,0.02186826816371812,-0.37386491151653606,-0.13421489715088786,-0.26089178484732334,0.10342404497253099,0.0,True,True,1,False,-0.37386491151653606,2.0535492313595296,2.7512390206525716,,,,
PLTR,2026-06-23,116.7,44661900.0,41733300.0,1.0701741774554132,-0.13369460322173565,-1.9609880110616387,0.18876445625384897,2.1497524673154875,-0.20913526701002982,-1.1701082057670407,-0.00025706940874037354,0.06743787489288766,0.5101970865467009,1.0,True,True,-1,False,-1.1701082057670407,-1.9609880110616387,0.18876445625384897,,,,
PLTR,2026-07-24,122.92,21177000.0,41058890.0,0.5157713713156883,-0.07146094576219963,-0.9680848351283627,-1.108548758899342,2.0766335940277045,-0.1293384332058366,-0.7656518704843767,0.001138952164009055,0.4638789456557111,,1.0,True,True,-1,False,-0.7656518704843767,-0.9680848351283627,-1.108548758899342,,,,
PLTR,2026-08-03,125.65,77282900.0,34063245.0,2.2688061574873446,-0.04470463012240555,-0.5838453473979069,2.9311072484183045,3.5149525958162116,-0.06084161746019867,-0.3624142157584066,0.3945881416633503,0.483326701153999,,1.0,True,True,-1,False,-0.3624142157584066,-0.5838453473979069,2.9311072484183045,,,,
PLTR,2026-09-11,167.23,15410400.0,29679905.0,0.5192199907647952,-0.08382183750616345,-1.0579255520253978,-0.9746854923359473,2.032611044361345,0.25500938086303937,1.4749091793704507,0.06224959636428862,,,,True,True,-1,False,1.4749091793704507,-1.0579255520253978,-0.9746854923359473,,,,
QCOM,2025-01-21,167.27,7380500.0,7375480.0,1.0006806336672325,0.06453255266339974,2.17007820013724,-0.029969532169200678,2.2000477323064405,-0.034126342533779885,,0.025587373707180117,0.047527948825252464,-0.18849763854845458,0.0,True,True,1,False,,2.17007820013724,-0.029969532169200678,,,,
QCOM,2025-02-05,175.86,15197800.0,7592210.0,2.001762332706814,0.024168656455652027,0.6973732581132898,2.1567601887130428,2.8541334468263324,0.01659055436730439,,-0.03167292164221547,-0.11270328670533392,-0.20499260775616968,0.0,True,True,1,False,,0.6973732581132898,2.1567601887130428,,,,
QCOM,2025-02-21,165.43,12531900.0,7918125.0,1.5826852948141132,-0.039035724658727844,-1.2886589151063144,1.2216295398622938,2.510288454968608,0.06413225266949696,,-0.04993048419271007,-0.05204618267545191,-0.07090612343589442,0.0,True,True,-1,False,,-1.2886589151063144,1.2216295398622938,,,,
QCOM,2025-03-20,157.95,5089300.0,8229630.0,0.6184117633478055,0.039555087534552946,1.2347820113616645,-0.9374854704132862,2.1722674817749508,0.050199468085106336,1.2140378551754547,0.0001266223488445295,-0.13478949034504584,-0.006837606837606702,0.0,True,True,1,False,1.2140378551754547,1.2347820113616645,-0.9374854704132862,,,,
QCOM,2025-04-03,139.42,16465000.0,6946880.0,2.370128748445345,-0.11742735962524542,-3.3731406917211215,3.2716582398045495,6.644798931525671,-0.12780731936190182,-2.2818242762967547,-0.03600631186343406,0.0027973031128964987,0.14330799024530205,0.0,True,True,-1,False,-2.2818242762967547,-3.3731406917211215,3.2716582398045495,,,,
QCOM,2025-04-24,147.21,8810600.0,10621225.0,0.8295276674771507,0.0844997789892441,2.044788437554281,-0.4632476650821054,2.508036102636386,-0.1418828329932964,-1.3526376388522499,-0.08151620134501736,0.001086882684600221,0.07322872087494048,0.0,True,True,1,False,-1.3526376388522499,2.044788437554281,-0.4632476650821054,,,,
QCOM,2025-06-09,155.41,10589400.0,7839340.0,1.3508024910260303,0.05987860601514017,1.3573418235124863,0.7264826311872022,2.0838244546996885,0.022837962353560615,1.0280226296137345,0.009394504858117214,0.025352293932179304,0.027668747184866005,0.0,True,True,1,False,1.0280226296137345,1.3573418235124863,0.7264826311872022,,,,
QCOM,2025-07-30,159.06,14382500.0,6910430.0,2.0812742477675052,-0.0051288466349761475,-0.10611788900930187,2.380783841099793,2.486901730109095,0.13768686073957515,1.6490867473441257,-0.08311329058217021,0.004463724380736833,0.06896768515025786,0.0,True,True,-1,False,1.6490867473441257,-0.10611788900930187,2.380783841099793,,,,
QCOM,2025-08-13,156.59,7103300.0,8781620.0,0.8088826435213549,0.0737109160724081,1.6694274276893677,-0.4574989444908554,2.126926372180223,0.026819672131147554,0.5037692175402981,-0.007344019413755731,0.03141963088319799,0.10607318474998384,0.0,True,True,1,False,0.5037692175402981,1.6694274276893677,-0.4574989444908554,,,,
QCOM,2025-09-19,166.85,19444400.0,7202845.0,2.6995444161300153,0.031020206389420935,0.6903466546176845,3.6682360467102595,4.358582701327944,0.0700314243570832,0.871737988667891,0.014084507042253502,-0.020377584656877445,0.07437818399760254,0.0,True,True,1,False,0.871737988667891,0.6903466546176845,3.6682360467102595,,,,
QCOM,2025-10-10,153.59,15818600.0,7416270.0,2.13295902117911,-0.09215037238444257,-2.1049486725871707,2.42797183777904,4.5329205103662105,0.006421597536203416,0.13602243144692905,0.06419688781821731,0.11263754150660832,0.17318835861709747,1.0,True,True,-1,False,0.13602243144692905,-2.1049486725871707,2.42797183777904,,,,
QCOM,2025-10-27,187.68,81799300.0,7473290.0,10.945554100001472,0.12356321839080464,2.7412535992307565,21.586254156645463,24.32750775587622,0.26648221877319656,2.957210070720354,-0.037084398976982125,-0.12052429667519182,-0.1697570332480819,0.0,True,True,1,False,2.957210070720354,2.7412535992307565,21.586254156645463,,,,
QCOM,2025-11-20,159.59,12075400.0,14231485.0,0.8484989444179578,-0.08544412607449858,-1.911672390909014,-0.24330053463581072,2.1549729255448247,-0.0011266195155537062,-0.09561311549244514,0.05326148254903185,0.09812644902562817,-0.11479416003508991,1.0,True,True,-1,False,-0.09561311549244514,-1.911672390909014,-0.24330053463581072,,,,
QCOM,2025-12-19,175.25,25223500.0,8362820.0,3.0161476631088555,-0.017050872174547038,-0.4398217399348481,2.6043058303837943,3.0441275703186426,0.032826496935407734,0.2116108652342408,-0.010385164051355145,-0.10773181169757484,-0.25089871611982884,0.0,True,True,-1,False,0.2116108652342408,-0.4398217399348481,2.6043058303837943,,,,
QCOM,2026-01-13,165.29,9993300.0,8050245.0,1.24136594600537,-0.09405316525075358,-2.100145199238078,0.2688482088906426,2.3689934081287207,0.00737445148707927,-0.14370017528385545,-0.053965757154092686,-0.14671183979672087,-0.22524048641781103,0.0,True,True,-1,False,-0.14370017528385545,-2.100145199238078,0.2688482088906426,,,,
QCOM,2026-02-05,136.3,30229600.0,10017745.0,3.0176052594670755,-0.10458546840099847,-2.143572412501561,2.5691397214156213,4.712712133917183,-0.20241090760138092,-2.1753238061865816,0.01592076302274381,-0.004475421863536444,0.23536316947909008,0.0,True,True,-1,False,-2.1753238061865816,-2.143572412501561,2.5691397214156213,,,,
QCOM,2026-03-20,129.9,78568000.0,9641270.0,8.14913387966523,0.0006162378678171709,0.06517917664974363,9.150972134055488,9.216151310705232,-0.25439099988520253,-2.015453154600757,-0.021478060046189462,0.05866050808314083,0.6479599692070823,1.0,True,True,1,False,-2.015453154600757,0.06517917664974363,9.150972134055488,,,,
QCOM,2026-04-14,132.84,7608300.0,13237270.0,0.5747635275249353,0.07068590311920708,1.6234927385948157,-0.5117499535166491,2.135242692111465,-0.17690067538261345,-1.1474823923605928,0.020475760313158675,0.583182776272207,0.42396868413128574,1.0,True,True,1,False,-1.1474823923605928,1.6234927385948157,-0.5117499535166491,,,,
QCOM,2026-04-24,148.85,29449600.0,9690305.0,3.0390787493272917,0.09287812041116017,2.151501057652366,2.2841292249118412,4.435630282564207,-0.025212835625409213,-0.02513259732825054,0.18918374202217003,0.6000000000000001,0.17991266375545845,1.0,True,True,1,False,-0.02513259732825054,2.151501057652366,2.2841292249118412,,,,
QCOM,2026-07-30,151.6,24336800.0,13557850.0,1.7950338733648772,-0.11402022091052555,-1.5225445382163396,0.7666341720383191,2.289178710254659,-0.09965554103812801,-0.7308014103939123,0.05798153034300779,0.08693931398416899,,1.0,True,True,-1,False,-0.7308014103939123,-1.5225445382163396,0.7666341720383191,,,,
QCOM,2026-08-07,167.86,9723300.0,12968760.0,0.7497478556161113,0.13718582751846076,1.720940878628003,-0.33257171139950437,2.0535125900275073,-0.2018448956302601,-1.0772005715216322,-0.012331704992255554,0.005242463958060162,,0.0,True,True,1,False,-1.0772005715216322,1.720940878628003,-0.33257171139950437,,,,
QCOM,2026-09-08,174.09,26129200.0,9096190.0,2.8725433395740416,0.021175504458001093,0.22081363685917085,1.9394987032305269,2.1603123400896975,-0.14224477729601892,-0.7195286413502796,0.07875236946407038,,,,True,True,1,False,-0.7195286413502796,0.22081363685917085,1.9394987032305269,,,,
QCOM,2026-09-18,177.72,54480300.0,11734695.0,4.642668599396917,-0.023355498159037258,-0.3660867669993702,3.789773783454006,4.155860550453376,-0.09974165442480121,-0.5434341784616765,,,,,True,True,-1,False,-0.5434341784616765,-0.3660867669993702,3.789773783454006,,,,
RIVN,2025-02-20,13.61,53113600.0,25684475.0,2.067926247275835,0.0905448717948718,0.8939802349192582,1.5943857726907162,2.4883660076099745,0.35422885572139284,,-0.14768552534900803,-0.20058780308596613,0.16164584864070553,0.0,True,True,1,False,,0.8939802349192582,1.5943857726907162,,,,
RIVN,2025-03-27,13.02,62257100.0,26946905.0,2.3103618022181025,0.1966911764705881,2.193773840413043,2.071244406862391,4.265018247275433,-0.04615384615384621,-0.8450503413359293,-0.11443932411674351,-0.030721966205837226,0.060675883256528396,0.0,True,True,1,False,-0.8450503413359293,2.193773840413043,2.071244406862391,,,,
RIVN,2025-04-08,10.8,41876000.0,32974520.0,1.2699502524979893,-0.1867469879518071,-2.181246504957962,0.33629192644980815,2.51753843140777,-0.22021660649819486,-1.4344957529987603,0.10277777777777763,0.1777777777777778,0.18055555555555558,1.0,True,True,-1,False,-1.4344957529987603,-2.181246504957962,0.33629192644980815,,,,
RIVN,2025-04-28,13.19,33541000.0,31507935.0,1.0645254917531093,0.18295964125560538,2.046728198550258,0.0487044244075929,2.095432622957851,0.0543565147881695,-0.09614826429952104,0.02729340409401071,0.1652767247915088,0.047763457164518686,1.0,True,True,1,False,-0.09614826429952104,2.046728198550258,0.0487044244075929,,,,
RIVN,2025-07-02,12.87,42320400.0,22943635.0,1.8445377116572854,-0.0646802325581396,-0.8565552308373949,1.5134090367709065,2.3699642676083013,0.14808206958073122,0.1656045958881642,0.034965034965035,0.0,0.21134421134421144,0.0,True,True,-1,False,0.1656045958881642,-0.8565552308373949,1.5134090367709065,,,,
RIVN,2025-07-16,12.39,41553000.0,24083105.0,1.7254004415128366,-0.06136363636363629,-0.8105172514619278,1.3033066285590307,2.1138238800209583,0.06810344827586223,-0.23660981340340712,0.1315577078288941,-0.008878127522195411,0.05649717514124286,0.0,True,True,-1,False,-0.23660981340340712,-0.8105172514619278,1.3033066285590307,,,,
RIVN,2025-08-05,12.15,67997400.0,35974520.0,1.8901544760013476,-0.06967840735068909,-0.9040348258162538,1.5730597753355409,2.4770946011517947,-0.11184210526315785,-1.1487934314741595,-0.014814814814814836,0.188477366255144,0.1283950617283951,1.0,True,True,-1,False,-1.1487934314741595,-0.9040348258162538,1.5730597753355409,,,,
RIVN,2025-08-28,13.64,31625800.0,44666330.0,0.7080456352693405,0.1254125412541256,1.4516767342800563,-0.6654344990246956,2.117111233304752,-0.05080027835768952,-0.6408245155587944,0.0417888563049853,0.14296187683284445,0.08944281524926678,1.0,True,True,1,False,-0.6408245155587944,1.4516767342800563,-0.6654344990246956,,,,
RIVN,2025-09-22,15.24,74244700.0,52864050.0,1.404445932538275,0.12058823529411766,1.4025622136506848,0.6712293424009634,2.073791556051648,0.0956146657081236,0.1109231275174002,0.0006561679790026975,-0.1417322834645669,0.174540682414698,0.0,True,True,1,False,0.1109231275174002,1.4025622136506848,0.6712293424009634,,,,
RIVN,2025-10-01,14.61,27345900.0,54307165.0,0.5035412914667889,-0.0747308423052565,-1.0446438960352957,-1.0862773546987814,2.130921250734077,0.11271896420411265,0.18589707681959558,-0.10130047912388762,-0.06160164271047219,0.4305270362765228,0.0,True,True,-1,False,0.18589707681959558,-1.0446438960352957,-1.0862773546987814,,,,
RIVN,2025-11-04,12.5,55207800.0,32804005.0,1.6829591386783413,-0.07407407407407407,-1.01152557734568,1.2691248796241963,2.2806504569698762,0.047778709136630404,-0.12625281480235534,0.4416,0.4024000000000001,0.1552,1.0,True,True,-1,False,-0.12625281480235534,-1.01152557734568,1.2691248796241963,,,,
RIVN,2025-11-28,16.86,18543000.0,64025725.0,0.28961796215505564,0.15006821282401095,1.585683161991408,-1.3818428311541262,2.967525993145534,0.23065693430656942,0.8097057187014411,0.06465005931198098,0.22597864768683285,-0.07413997627520763,1.0,True,True,1,False,0.8097057187014411,1.585683161991408,-1.3818428311541262,,,,
RIVN,2025-12-11,16.43,97129800.0,42775695.0,2.2706773086913024,-0.09025470653377621,-1.1691604859478233,2.3245628662402975,3.4937233521881206,0.1644223954642099,0.41538994136069757,0.23432744978697517,0.1655508216676811,0.013390139987827121,1.0,True,True,-1,False,0.41538994136069757,-1.1691604859478233,2.3245628662402975,,,,
RIVN,2026-01-14,17.5,53011100.0,38960455.0,1.3606386270386217,-0.12761714855433692,-1.6019693603063725,0.6222413350660538,2.2242106953724265,0.34305448963929397,1.2383024869772807,-0.0674285714285714,-0.19999999999999996,-0.09142857142857141,0.0,True,True,-1,False,1.2383024869772807,-1.6019693603063725,0.6222413350660538,,,,
RIVN,2026-02-13,17.73,127927300.0,26052395.0,4.910385398348213,0.1979729729729729,2.1591631435631102,7.311959854887537,9.471122998450646,0.19233355749831893,0.5380297137250712,-0.1562323745064862,-0.1353637901861252,-0.2131979695431473,0.0,True,True,1,False,0.5380297137250712,2.1591631435631102,7.311959854887537,,,,
RIVN,2026-03-19,16.12,78928100.0,26010405.0,3.0344817775809334,0.0535947712418301,0.49666034588868263,3.4979212938505135,3.994581639739196,-0.2819599109131402,-1.925687443495726,-0.056451612903225756,0.06885856079404462,0.03473945409429269,1.0,True,True,1,False,-1.925687443495726,0.49666034588868263,3.4979212938505135,,,,
RIVN,2026-05-01,15.02,53434700.0,23783175.0,2.2467437589808763,-0.09079903147699753,-1.1879689346802906,2.114887252219321,3.3028561868996116,0.04523312456506612,-0.19131208485171844,-0.053262316910785534,0.12849533954727033,0.08721704394141128,1.0,True,True,-1,False,-0.19131208485171844,-1.1879689346802906,2.114887252219321,,,,
RIVN,2026-05-27,14.7,23273900.0,30415375.0,0.7652018099398742,0.13953488372093004,1.6994647568660575,-0.43868295535059354,2.138147712216651,-0.020652898067954784,-0.4474289398942807,0.24285714285714288,0.010884353741496655,0.15442176870748292,0.0,True,True,1,False,-0.4474289398942807,1.6994647568660575,-0.43868295535059354,,,,
RIVN,2026-07-01,17.18,26987000.0,31815970.0,0.8482218206768488,0.17349726775956276,1.8700623010758524,-0.33548514960937076,2.205547450685223,0.1236102027468935,0.39866032001684587,0.05471478463329471,-0.02037252619324803,,0.0,True,True,1,False,0.39866032001684587,1.8700623010758524,-0.33548514960937076,,,,
RIVN,2026-08-17,14.87,43729600.0,22205055.0,1.9693533747158023,-0.09273947528981097,-1.113298344433798,1.5918156259875769,2.705113970421375,0.08302986161689718,0.12102850866240798,0.11634162743779441,0.04505716207128452,,0.0,True,True,-1,False,0.12102850866240798,-1.113298344433798,1.5918156259875769,,,,
RIVN,2026-08-25,16.74,12883700.0,22683665.0,0.5679725917306573,0.13261163734776726,1.3337779079874628,-0.713386700615206,2.0471646086026687,0.02699386503067469,-0.23851900749343924,-0.0722819593787335,-0.10274790919952204,,0.0,True,True,1,False,-0.23851900749343924,1.3337779079874628,-0.713386700615206,,,,
RIVN,2026-09-18,14.99,37237000.0,20782285.0,1.7917664010478156,-0.06487835308796008,-0.7677111720969257,1.3154662781360091,2.083177450232935,0.02390710382513661,-0.24780918322425885,,,,,True,True,-1,False,-0.24780918322425885,-0.7677111720969257,1.3154662781360091,,,,
RKLB,2025-01-21,31.27,62027700.0,16568580.0,3.7436943902253543,0.30782099539941443,1.6918874501587489,2.4595538387104767,4.151441288869226,1.8019713261648747,,-0.07323313079629035,-0.17077070674768147,-0.3610489286856412,0.0,True,True,1,False,,1.6918874501587489,2.4595538387104767,,,,
RKLB,2025-02-25,20.28,29089000.0,18399585.0,1.5809595705555315,-0.2689257390050468,-2.3903850344794644,0.5058026569133671,2.8961876913928313,-0.15710723192019937,,-0.0631163708086786,-0.0004930966469428588,0.24112426035502965,0.0,True,True,-1,False,,-2.3903850344794644,0.5058026569133671,,,,
RKLB,2025-04-15,21.07,30434200.0,16380880.0,1.8579099535556087,0.22642607683352733,1.3886416710309901,0.9454160775607973,2.3340577485917873,-0.12208333333333332,-0.8423121045934701,-0.037019458946369266,0.14523018509729457,1.0507831039392501,1.0,True,True,1,False,-0.8423121045934701,1.3886416710309901,0.9454160775607973,,,,
RKLB,2025-05-09,20.51,30349700.0,12796845.0,2.371654888372876,-0.10787298825576319,-1.124279882636343,1.6843959641923094,2.8086758468286526,-0.2574221578566256,-0.8309895988478812,0.2467089224768404,0.4451487079473426,1.1501706484641638,1.0,True,True,-1,False,-0.8309895988478812,-1.124279882636343,1.6843959641923094,,,,
RKLB,2025-06-09,29.64,60217100.0,20656035.0,2.9152303430934348,0.11428571428571432,0.5768424527789789,2.3790253164997806,2.9558677692787594,0.6869664200341492,0.3002892738522398,-0.10425101214574894,0.3205128205128205,0.4504048582995952,1.0,True,True,1,False,0.3002892738522398,0.5768424527789789,2.3790253164997806,,,,
RKLB,2025-06-23,32.78,44056800.0,21785920.0,2.022260248821257,0.2900432900432901,1.9964570602153238,1.2270960933696586,3.2235531535849824,0.6862139917695473,0.3094688142925514,0.09121415497254426,0.43014032946918856,0.4667480170835874,1.0,True,True,1,False,0.3094688142925514,1.9964570602153238,1.2270960933696586,,,,
RKLB,2025-07-17,51.33,46760200.0,27312685.0,1.7120323395521166,0.31278772378516617,2.095296981550373,0.8332113628494708,2.9285083443998436,1.7522788203753352,1.6128652453212449,-0.062341710500681824,-0.16598480420806538,0.2518994739918179,0.0,True,True,1,False,1.6128652453212449,2.095296981550373,0.8332113628494708,,,,
RKLB,2025-08-26,48.13,47698000.0,18748990.0,2.544030371769359,0.17619745845552304,1.0794874411992432,2.0497806230884192,3.1292680642876625,0.7965658827920867,0.2909153358928316,-0.09557448576771244,0.0116351547891127,-0.09370455017660517,0.0,True,True,1,False,0.2909153358928316,1.0794874411992432,2.0497806230884192,,,,
RKLB,2025-10-03,56.16,37741900.0,23315935.0,1.61871698475742,0.21400778210116722,1.44719422387544,0.8011937803721544,2.2483880042475946,0.43631713554987206,-0.21210569990825315,0.14423076923076938,0.12143874643874653,0.254451566951567,1.0,True,True,1,False,-0.21210569990825315,1.44719422387544,0.8011937803721544,,,,
RKLB,2025-11-05,56.42,13254300.0,20740790.0,0.6390450894107698,-0.14721886336154766,-1.5054947233320986,-0.5961062963935224,2.1016010197256207,0.29910200322357827,-0.4041149674911926,-0.11432116270825954,-0.12495568947181857,0.44044665012406936,0.0,True,True,-1,False,-0.4041149674911926,-1.5054947233320986,-0.5961062963935224,,,,
RKLB,2025-11-20,39.48,25029300.0,18032300.0,1.3880259312455983,-0.12751381215469615,-1.280026687259263,0.8105733849080585,2.0906000721673212,-0.14637837837837842,-1.0647636867679378,0.06737588652482285,0.7862208713272543,0.9397163120567378,1.0,True,True,-1,False,-1.0647636867679378,-1.280026687259263,0.8105733849080585,,,,
RKLB,2025-12-04,49.37,28366600.0,18367275.0,1.5444098267162658,0.17743858812306224,1.4200392920837266,1.1617812675205554,2.581820559604282,0.06930907515702822,-0.6942441914660235,0.28681385456755115,0.5827425562082238,0.45655256228478835,1.0,True,True,1,False,-0.6942441914660235,1.4200392920837266,1.1617812675205554,,,,
RKLB,2026-01-06,86.03,43669700.0,28620210.0,1.525834366694025,0.22689674843126073,1.5819228009427935,0.9780699230618316,2.559992724004625,0.295242396868413,-0.2517962746930636,0.006393118679530296,-0.15018016970824133,-0.2127164942461931,0.0,True,True,1,False,-0.2517962746930636,1.5819228009427935,0.9780699230618316,,,,
RKLB,2026-01-26,80.48,21659900.0,27214605.0,0.7958924996339282,-0.16427829698857732,-1.5850711831028763,-0.5016920716371934,2.08676325474007,0.2624313725490197,-0.2230596491929897,-0.07865308151093442,-0.13059145129224659,0.11878727634194841,0.0,True,True,-1,False,-0.2230596491929897,-1.5850711831028763,-0.5016920716371934,,,,
RKLB,2026-02-05,66.32,22675400.0,24371325.0,0.9304130981799307,-0.22595704948646145,-2.0594244360833764,-0.20229660539545363,2.2617210414788302,0.2842757552285049,-0.11614012690126085,-0.0046743063932447315,0.05714716525934871,0.21094692400482518,1.0,True,True,-1,False,-0.11614012690126085,-2.0594244360833764,-0.20229660539545363,,,,
RKLB,2026-03-17,78.59,29734900.0,17116600.0,1.7371966395195308,0.14014217321920786,0.9071186412646072,1.5648706066588363,2.4719892479234433,0.4564492216456635,0.1862201522512403,-0.15930779997455158,-0.06349408321669436,0.46049115663570417,0.0,True,True,1,False,0.1862201522512403,0.9071186412646072,1.5648706066588363,,,,
RKLB,2026-04-16,82.93,41014200.0,25189750.0,1.6282098869579889,0.24258315852562196,1.789858027024104,1.3178107891142588,3.1076688161383625,-0.069874383131449,-1.1144870945860352,0.020137465332207727,0.598335945978536,-0.04968045339442906,1.0,True,True,1,False,-1.1144870945860352,1.789858027024104,1.3178107891142588,,,,
RKLB,2026-04-28,78.59,14379700.0,24603620.0,0.5844546452920343,-0.09291320406278847,-1.0594198689542884,-0.9934562941986068,2.052876163152895,-0.01848382665167969,-1.0444941265390404,0.002163125079526651,0.9115663570428805,-0.1867922127497138,1.0,True,True,-1,False,-1.0444941265390404,-1.0594198689542884,-0.9934562941986068,,,,
RKLB,2026-05-08,105.47,79927300.0,21702220.0,3.682908937426678,0.33828194391574673,2.5234733033166137,5.871386963818126,8.394860267134739,0.5149382361390404,0.2743768133720474,0.1829904238171991,0.07755759931734141,-0.2906039632122879,1.0,True,True,1,False,0.2743768133720474,2.5234733033166137,5.871386963818126,,,,
RKLB,2026-06-02,123.32,19498000.0,31232925.0,0.6242771050101775,-0.13882681564245813,-1.3135346923330644,-0.9024956831877058,2.21603037552077,0.7589502210811581,0.7785035809092108,-0.1223645799545896,-0.1885338955562763,-0.45240025948751217,0.0,True,True,-1,False,0.7785035809092108,-1.3135346923330644,-0.9024956831877058,,,,
RKLB,2026-08-05,74.82,16755300.0,18448365.0,0.9082268266049593,0.27679180887372,1.821201523998622,-0.2541106152179378,2.07531213921656,-0.2906039632122879,-1.8622163257768438,0.08487035551991462,-0.156642608928094,,0.0,True,True,1,False,-1.8622163257768438,1.821201523998622,-0.2541106152179378,,,,
RKLB,2026-09-18,64.57,32298600.0,17001285.0,1.8997740464911916,0.025734710087370827,0.07662474692331447,2.2114435943778274,2.288068341301142,-0.2439995316707646,-1.177485441135009,,,,,True,True,1,False,-1.177485441135009,0.07662474692331447,2.2114435943778274,,,,
SMH,2025-01-21,262.39,4923000.0,5460205.0,0.9016144998218931,0.07255559189012417,2.23606724290378,-0.2697450187524667,2.5058122616562466,0.04251261472446255,,-0.08361599146308929,-0.019246160295742998,-0.2593086626776935,0.0,True,True,1,False,,2.23606724290378,-0.2697450187524667,,,,
SMH,2025-02-10,249.62,4231300.0,7058760.0,0.5994395616227213,0.04539743697127063,1.172624513762085,-0.8695000795487,2.0421245933107848,-0.015422237999447752,,0.026440189087412858,-0.14181555965066905,-0.11858024196779104,0.0,True,True,1,False,,1.172624513762085,-0.8695000795487,,,,
SMH,2025-02-25,238.25,7658600.0,6796990.0,1.1267634644158664,-0.07013504019982841,-1.9078256956584612,0.22832775896971413,2.1361534546281753,-0.022203069851432278,,-0.054648478488982244,-0.036096537250786986,0.01351521511017828,0.0,True,True,-1,False,,-1.9078256956584612,0.22832775896971413,,,,
SMH,2025-03-17,228.96,5192200.0,7527805.0,0.68973625113828,0.06726331981541045,1.7671886665547014,-0.728969120479731,2.4961577870344325,-0.09591312931885487,,0.007293850454227702,-0.11945317959468904,0.1437805730258559,0.0,True,True,1,False,,1.7671886665547014,-0.728969120479731,,,,
SMH,2025-03-31,211.47,9477200.0,7325895.0,1.2936576350056888,-0.08307678966309673,-1.964308449122102,0.5363892491275171,2.5006976982496187,-0.12677045050997227,-1.8008977895356384,-0.12564429942781474,-0.005579987705111922,0.310824230387289,0.0,True,True,-1,False,-1.8008977895356384,-1.964308449122102,0.5363892491275171,,,,
SMH,2025-04-24,208.97,9696200.0,12263580.0,0.7906500385694879,0.07522510933882165,1.6974468930522026,-0.5259941182034729,2.2234410112556757,-0.13092118943647324,-0.6865099914938757,0.01593530171794999,0.15236636837823614,0.3656027180935062,1.0,True,True,1,False,-0.6865099914938757,1.6974468930522026,-0.5259941182034729,,,,
SMH,2025-05-12,237.41,9246900.0,7422580.0,1.2457797692985457,0.09098846560360263,1.8441236643617172,0.3618603745361955,2.205984038897913,-0.057597650047634175,0.1755968985644167,0.036224253401288875,0.10387094056695156,0.22623309885851484,1.0,True,True,1,False,0.1755968985644167,1.8441236643617172,0.3618603745361955,,,,
SMH,2025-06-09,256.96,10841400.0,6874240.0,1.5771052509077368,0.056144677353061834,1.0395835303108445,0.9858158464077598,2.025399376718604,0.1703939877021179,2.318034171737861,0.02498443337484435,0.11075653798256546,0.12803549190535501,1.0,True,True,1,False,2.318034171737861,1.0395835303108445,0.9858158464077598,,,,
SMH,2025-08-01,283.95,14032200.0,7268145.0,1.9306439263388389,-0.012313471772931295,-0.35727649433353953,1.7739495846081086,2.131226078941648,0.31708335266014176,1.379956197234473,0.03373833421377004,0.022327874625814426,0.26761753829899626,0.0,True,True,-1,False,1.379956197234473,-0.35727649433353953,1.7739495846081086,,,,
SMH,2025-08-29,290.29,13420900.0,7065265.0,1.8995607383445632,-0.011408527448576344,-0.3477340154256078,1.77967884615976,2.1274128615853676,0.15308838133068536,0.45664031385627074,0.021461297323366102,0.11150918047469771,0.16821109924558186,1.0,True,True,-1,False,0.45664031385627074,-0.3477340154256078,1.77967884615976,,,,
SMH,2025-09-18,316.97,16335600.0,7544795.0,2.1651482909741087,0.042904616194518574,0.7986370913777465,2.3430547183058366,3.141691809683583,0.16730500110480961,0.5126301976016274,0.012903429346625694,0.08306779821434196,0.11720352083793406,1.0,True,True,1,False,0.5126301976016274,0.7986370913777465,2.3430547183058366,,,,
SMH,2025-10-10,325.34,18804500.0,8360335.0,2.24925197375464,-0.033681834382796816,-0.8844679525852052,2.5521776516124293,3.4366456041976345,0.11528572897740896,0.20775302579636507,0.05375914427983042,0.07001905698653732,0.1834388639577058,1.0,True,True,-1,False,0.20775302579636507,-0.8844679525852052,2.5521776516124293,,,,
SMH,2025-11-07,348.12,14723200.0,7857590.0,1.8737551844776834,-0.04104457054707722,-1.0624527834684907,1.7792092200388128,2.8416620035073032,0.15302066772654999,0.35683941540595476,-0.009019878202918497,0.05868665977249221,0.0946512696771229,1.0,True,True,-1,False,0.35683941540595476,-1.0624527834684907,1.7792092200388128,,,,
SMH,2025-11-18,333.29,12933100.0,7720450.0,1.6751743745507062,-0.05059108389118361,-1.2640346019556146,1.345651311109655,2.6096859130652694,0.13394801306477944,0.2377319971210074,0.020162621140748183,0.01785232080170429,0.2226889495634432,0.0,True,True,-1,False,0.2377319971210074,-1.2640346019556146,1.345651311109655,,,,
SMH,2025-12-17,339.24,10780400.0,7698285.0,1.4003638472724769,-0.09318364073777063,-2.149794071186038,0.7526637077299857,2.9024577789160237,0.05452284737332924,-0.24668953362329973,0.0734877962504421,0.1802558660535314,0.16990920881971472,1.0,True,True,-1,False,-0.24668953362329973,-2.149794071186038,0.7526637077299857,,,,
SMH,2026-01-06,387.62,10201200.0,5887800.0,1.7325996127585856,0.06427610444523779,1.145989817239534,1.4144602643192006,2.5604500815587343,0.12285275629327086,0.12211038804236186,0.01008719880295117,-0.014447138950518634,0.012125277333470796,0.0,True,True,1,False,0.12211038804236186,1.145989817239534,1.4144602643192006,,,,
SMH,2026-02-03,397.68,12188600.0,7008885.0,1.7390212565907417,-0.023499079189686856,-0.7711033760851002,1.6273563435477918,2.398459719632892,0.10620305980528522,-0.03586222697054967,0.017803258901629482,0.0035707101186883694,0.2741903037618185,0.0,True,True,-1,False,-0.03586222697054967,-0.7711033760851002,1.6273563435477918,,,,
SMH,2026-03-03,391.06,13768900.0,8590275.0,1.6028474059328717,-0.06703883958392987,-1.7707949280253923,1.2676856672078956,3.038480595233288,0.07324971869253782,-0.3156029870533016,0.016033345266710963,-0.01958778704035191,0.5338566971820182,0.0,True,True,-1,False,-0.3156029870533016,-1.7707949280253923,1.2676856672078956,,,,
SMH,2026-03-30,362.53,12198200.0,10777945.0,1.131774192575672,-0.0736661896974653,-1.926555237848639,0.20841434335983403,2.1349695812084732,0.006664260128286914,-0.8534066927219296,0.1030811243207459,0.3549499351777785,0.7567649573828374,1.0,True,True,-1,False,-0.8534066927219296,-1.926555237848639,0.20841434335983403,,,,
SMH,2026-05-06,549.76,15262900.0,8060885.0,1.8934521457631512,0.10044437327354983,2.047459562263696,2.309973990266434,4.35743355253013,0.3519242591909506,1.5680990446565604,0.0412907450523865,0.14146172875436558,-0.007821594877764793,1.0,True,True,1,False,1.5680990446565604,2.047459562263696,2.309973990266434,,,,
SMH,2026-06-05,569.69,22038000.0,10183690.0,2.1640485914241303,-0.04882039637353264,-1.6735502599072096,3.0064643416547563,4.680014601561966,0.4205670398723289,1.7056817467171892,0.08824097316084178,0.020642805736453163,-0.042953185065562005,0.0,True,True,-1,False,1.7056817467171892,-1.6735502599072096,3.0064643416547563,,,,
SMH,2026-07-17,556.53,22083900.0,11623295.0,1.899968984698401,-0.08919365661260492,-2.3073580288377884,2.250965939549137,4.558323968386926,0.19771445788318331,-0.22567108191873103,0.008373313208632105,0.05622338418414108,,1.0,True,True,-1,False,-0.22567108191873103,-2.3073580288377884,2.250965939549137,,,,
SMH,2026-08-20,562.65,6240600.0,11366250.0,0.5490465193005609,-0.04493142313959808,-1.2271518599472104,-1.0903870958404294,2.31753895578764,-0.0655827548410669,-1.7590684184573857,0.018395094641429077,0.018395094641429077,,0.0,True,True,-1,False,-1.7590684184573857,-1.2271518599472104,-1.0903870958404294,,,,
SMH,2026-09-14,541.5,10627900.0,6706340.0,1.5847541281831818,-0.0449903881765753,-1.2037832129557047,1.3523788785926367,2.5561620915483414,-0.13216981585653165,-1.901810217882766,0.10070175438596496,,,,True,True,-1,False,-1.901810217882766,-1.2037832129557047,1.3523788785926367,,,,
SNDK,2025-07-14,42.48,5486900.0,2596305.0,2.1133495486855356,-0.060592658115877995,-0.6132841357990764,1.5702729836419802,2.1835571194410566,0.27836292506771,,-0.020480225988700473,0.020951035781544336,1.8472222222222223,0.0,True,True,-1,False,,-0.6132841357990764,1.5702729836419802,,,,
SNDK,2025-08-12,46.83,3204500.0,1869920.0,1.7137096774193548,0.11686143572621033,1.013162211589913,1.1247768767212893,2.137939088311202,0.1551554020720276,0.41555574770020937,-0.0480461242793081,0.5784753363228701,3.6231048473200937,1.0,True,True,1,False,0.41555574770020937,1.013162211589913,1.1247768767212893,,,,
SNDK,2025-08-29,52.47,4228000.0,2551555.0,1.6570287530545098,0.13155057149018767,1.1376278103520048,0.9531264124945916,2.0907542228465963,0.31767955801104963,1.0154182512399146,0.343624928530589,1.1631408423861256,3.325519344387269,1.0,True,True,1,False,1.0154182512399146,1.1376278103520048,0.9531264124945916,,,,
SNDK,2025-10-02,124.14,9453400.0,8377605.0,1.1284131920757783,0.316576519249125,2.1639148194965085,0.052576840655648,2.2164916601521565,1.687012987012987,3.0877486485803614,0.04462703399387791,0.5774125986789109,0.9675366521669084,1.0,True,True,1,False,3.0877486485803614,2.1639148194965085,0.052576840655648,,,,
SNDK,2025-10-24,186.16,10653100.0,8177745.0,1.3026940800917612,0.32819634703196354,2.2051187829472503,0.323433655022252,2.5285524379695024,3.3373718546132336,3.531188831817976,0.07074559518693602,0.07579501504082509,1.7043403523850453,1.0,True,True,1,False,3.531188831817976,2.2051187829472503,0.323433655022252,,,,
SNDK,2025-11-07,239.48,20552100.0,8496560.0,2.4188730497989774,0.20142477298951467,1.140544678170265,1.9002804759404537,3.0408251541107187,4.130248500428449,3.0002001617519145,0.06129948221145809,-0.05850175379989975,1.4060464339402041,0.0,True,True,1,False,3.0002001617519145,1.140544678170265,1.9002804759404537,,,,
SNDK,2025-12-10,232.86,6090400.0,15483660.0,0.39334369264114555,0.19796275336968838,1.0972888023273273,-0.994277556531391,2.091566358858718,1.5435281267067178,0.2672552615758478,-0.1117839044919694,0.620759254487675,1.6577772051876662,1.0,True,True,1,False,0.2672552615758478,1.0972888023273273,-0.994277556531391,,,,
SNDK,2026-01-06,349.63,24249700.0,7691355.0,3.152851480655879,0.43144319344933457,2.854949159020528,3.0177561868705145,5.872705345891042,1.6960980876002467,0.39166279989578484,0.11492148843062666,0.6719103051797612,1.0066641878557334,1.0,True,True,1,False,0.39166279989578484,2.854949159020528,3.0177561868705145,,,,
SNDK,2026-01-21,501.29,21365000.0,11870565.0,1.7998300839092327,0.28598548010569247,1.5879681886634374,1.0032646706359927,2.59123285929943,2.000838072433403,0.6004539432809572,0.05254443535677944,0.23898342276925533,0.8372399210038102,1.0,True,True,1,False,0.6004539432809572,1.5879681886634374,1.0032646706359927,,,,
SNDK,2026-01-30,576.25,40932100.0,15948935.0,2.566447226727051,0.2161534727644936,1.0797683530110445,2.101709264669553,3.1814776176805974,1.7836819477319938,0.431706285135326,0.03765726681128001,0.07432537960954444,0.7394360086767897,1.0,True,True,1,False,0.431706285135326,1.0797683530110445,2.101709264669553,,,,
SNDK,2026-03-06,527.33,16108900.0,20352325.0,0.7915017080358141,-0.17002958952404934,-1.6261627938526384,-0.46049608588698554,2.086658879739624,1.338803388477403,0.05185102889244301,0.25466026966036437,0.37414901484838703,2.2548119773197044,1.0,True,True,-1,False,0.05185102889244301,-1.6261627938526384,-0.46049608588698554,,,,
SNDK,2026-03-26,603.17,19023800.0,18802160.0,1.0117880073353274,-0.21878278439042087,-1.953463610617124,-0.15523975596453132,2.108703366581655,1.4694779938587512,0.12309706159360943,0.1631712452542402,0.6411625246613726,2.2554669496161943,1.0,True,True,-1,False,0.12309706159360943,-1.953463610617124,-0.15523975596453132,,,,
SNDK,2026-05-05,1406.32,20668200.0,15661020.0,1.3197224701839343,0.40302289619394416,2.3560674530758083,0.3208426355726255,2.676910088648434,1.351902332970984,0.05064560608562281,0.0324961601911371,0.30233517264918364,-0.13616388873087204,1.0,True,True,1,False,0.05064560608562281,2.3560674530758083,0.3208426355726255,,,,
SNDK,2026-07-02,1745.0,17259300.0,11759130.0,1.4677361335404915,-0.25267665952890794,-2.3923161844913334,0.7049954014085196,3.097311585899853,1.454980303882949,-0.1071259013187143,0.09794842406876803,-0.3038223495702006,,0.0,True,True,-1,False,-0.1071259013187143,-2.3923161844913334,0.7049954014085196,,,,
SNDK,2026-07-16,1411.08,17449900.0,12493735.0,1.3966920220414472,-0.2406485602199896,-2.2236178563909865,0.5598552064226874,2.783473062813674,0.5455083130709075,-1.0466291634736895,0.14120390055843757,0.08293647418998207,,1.0,True,True,-1,False,-1.0466291634736895,-2.2236178563909865,0.5598552064226874,,,,
SNDK,2026-07-28,1096.1,26627200.0,13827115.0,1.9257234788312674,-0.3103686925883983,-2.618159834304454,1.5504211098171259,4.1685809441215795,-0.00037391359859928475,-1.609626250803841,0.30245415564273337,0.35094425691086584,,1.0,True,True,-1,False,-1.609626250803841,-2.618159834304454,1.5504211098171259,,,,
SNDK,2026-08-11,1271.05,9412800.0,16899460.0,0.5569882114576442,-0.10967204157969201,-1.2151107690193454,-1.0944070549866773,2.309517824006023,-0.08076110853968999,-1.6546709036988967,0.2790842217064631,0.38796270799732513,,1.0,True,True,-1,False,-1.6546709036988967,-1.2151107690193454,-1.0944070549866773,,,,
SNDK,2026-09-15,1530.9,6873900.0,11939875.0,0.5757095446979135,-0.11915488581637401,-1.228600588144064,-1.1135518389168586,2.3421524270609226,-0.2992790937178167,-1.734289551853939,0.23263439806649666,,,,True,True,-1,False,-1.734289551853939,-1.228600588144064,-1.1135518389168586,,,,
SOXL,2025-01-21,33.69,60897500.0,74792135.0,0.8142233137214228,0.2096947935368041,2.333448474058872,-0.6952841438089711,3.028732617867843,-0.028826751225136893,,-0.2469575541703769,-0.0658949243098842,-0.7227663995250816,0.0,True,True,1,False,,2.333448474058872,-0.6952841438089711,,,,
SOXL,2025-02-14,28.55,43089600.0,77794640.0,0.5538890597089979,0.08431447018609961,0.8699770848374959,-1.3111223702699362,2.1810994551074323,0.0708927231807952,,-0.06269702276707523,-0.27180385288966735,-0.3485113835376532,0.0,True,True,1,False,,0.8699770848374959,-1.3111223702699362,,,,
SOXL,2025-03-31,15.95,111345600.0,114866485.0,0.9693480217489027,-0.2404761904761905,-1.9092924500984352,-0.17885064781434418,2.0881430979127793,-0.41596484804101064,-1.6192167972589147,-0.4263322884012539,-0.2564263322884013,0.5799373040752351,0.0,True,True,-1,False,-1.6192167972589147,-1.9092924500984352,-0.17885064781434418,,,,
SOXL,2025-04-24,12.0,339636700.0,332681330.0,1.0209070043094994,0.2847965738758029,2.322947617810758,-0.21421768124194432,2.5371652990527025,-0.5270003941663381,-1.1110219647583754,0.008333333333333304,0.37583333333333346,1.1933333333333334,1.0,True,True,1,False,-1.1110219647583754,2.322947617810758,-0.21421768124194432,,,,
SOXL,2025-05-12,17.13,263806000.0,247847130.0,1.0643899729643833,0.3126436781609194,2.2488971889122613,-0.08735695569917887,2.33625414461144,-0.39831401475237094,-0.38422880360515793,0.05429071803852881,0.27787507297139524,0.45942790426152946,1.0,True,True,1,False,-0.38422880360515793,2.2488971889122613,-0.08735695569917887,,,,
SOXL,2025-10-06,41.71,99880300.0,67612675.0,1.4772422478477594,0.22604350382128158,1.5249911726004508,0.7917312516568399,2.3167224242572906,0.528398680835471,0.6522466379299806,-0.06161591944377842,0.16470870294893314,0.0076720210980580905,1.0,True,True,1,False,0.6522466379299806,1.5249911726004508,0.7917312516568399,,,,
SOXL,2025-11-07,41.74,143013500.0,86631840.0,1.6508191445547042,-0.12641272498953537,-1.0139469304455733,1.0843753339170816,2.098322264362655,0.4187627464309993,0.3988660864189963,-0.0689985625299474,0.14973646382367023,0.2757546717776713,1.0,True,True,-1,False,0.3988660864189963,-1.0139469304455733,1.0843753339170816,,,,
SOXL,2025-11-18,34.35,153515800.0,86373510.0,1.7773481707528154,-0.1784262138244439,-1.3769171451016269,1.294366751460962,2.671283896562589,0.2582417582417582,0.12568282057303676,0.05298398835516749,0.04832605531295475,0.873362445414847,0.0,True,True,-1,False,0.12568282057303676,-1.3769171451016269,1.294366751460962,,,,
SOXL,2025-12-17,36.01,126113900.0,107155700.0,1.176921992950445,-0.27472306143001013,-1.9849432192423855,0.22349728428616816,2.2084405035285535,0.04985422740524781,-0.2540025951500639,0.22771452374340462,0.6870313801721746,0.5259650097195225,1.0,True,True,-1,False,-0.2540025951500639,-1.9849432192423855,0.22349728428616816,,,,
SOXL,2026-02-04,53.19,139149400.0,73132135.0,1.9027121251143564,-0.24111856184905134,-1.85673139163019,1.5125514727124634,3.3692828643426536,0.23668914205998615,-0.045373184760915494,0.2793758225230307,0.030268847527730847,1.4515886444820456,0.0,True,True,-1,False,-0.045373184760915494,-1.85673139163019,1.5125514727124634,,,,
SOXL,2026-03-03,53.42,131198300.0,82292615.0,1.5942900830165623,-0.22048737779074856,-1.75058300735553,0.9835949301292352,2.7341779374847652,0.1468441391155002,-0.29179361494705425,0.02190190939722947,-0.1031448895544741,3.2049794084612504,0.0,True,True,-1,False,-0.29179361494705425,-1.75058300735553,0.9835949301292352,,,,
SOXL,2026-03-30,40.62,139746200.0,96804970.0,1.4435849729616155,-0.23401848010560067,-1.8434350036222573,0.7446939954796266,2.588128999101884,-0.03354746609564607,-0.7061774229323333,0.39217134416543575,1.6971935007385528,5.218857705563763,1.0,True,True,-1,False,-0.7061774229323333,-1.8434350036222573,0.7446939954796266,,,,
SOXL,2026-05-05,144.16,52130100.0,71193905.0,0.7322270073540705,0.31580868930266526,1.8681922462055083,-0.6902939341344184,2.558486180339927,1.3345748987854251,1.830327036506276,0.19672586015538296,0.9460321864594896,-0.2042175360710322,1.0,True,True,1,False,1.830327036506276,1.8681922462055083,-0.6902939341344184,,,,
SOXL,2026-07-16,142.48,76391300.0,55381410.0,1.3793671919873474,-0.25965185762535725,-1.9096358900568777,1.1891479549049973,3.0987838449618748,0.48509485094850935,-0.4249409949976329,0.10541830432341381,0.020213363279056873,,0.0,True,True,-1,False,-0.4249409949976329,-1.9096358900568777,1.1891479549049973,,,,
SOXL,2026-07-27,128.15,90434900.0,60001940.0,1.507199600546249,-0.06329946641327389,-0.6756471911409933,1.532242773051644,2.207889964192637,0.08629312537085698,-0.7946692156075064,-0.08927038626609451,-0.13257900897385877,,0.0,True,True,-1,False,-0.7946692156075064,-0.6756471911409933,1.532242773051644,,,,
SOXL,2026-08-20,122.21,50500900.0,75328280.0,0.670410900129407,-0.15925976884975246,-1.191700989584576,-0.9160165787071314,2.1077175682917075,-0.4587448514106027,-1.2324366266320033,0.0068734146141886665,0.011946649210375693,,0.0,True,True,-1,False,-1.2324366266320033,-1.191700989584576,-0.9160165787071314,,,,
SOXL,2026-09-14,101.13,101135900.0,54481365.0,1.8563393189579593,-0.13770463847203274,-1.037195171284566,2.432862190894842,3.470057362179408,-0.5675617891045925,-1.2287820243721983,0.4034411153960251,,,,True,True,-1,False,-1.2287820243721983,-1.037195171284566,2.432862190894842,,,,
STRC,2025-11-20,92.79,1835700.0,1347130.0,1.3626747233006467,-0.059115798012573495,-3.3086340279681172,0.21188812336527146,3.5205221513333886,-0.038644840447575546,,0.04170708050436467,0.0641232891475374,0.07403815066278674,1.0,True,True,-1,False,,-3.3086340279681172,0.21188812336527146,,,,
STRC,2026-01-12,100.07,1765300.0,593445.0,2.974664880485976,0.0014009806864803132,-0.0566837898203099,2.7215843837871843,2.7782681736074943,0.017178288269973585,,-0.009493354651743613,-0.003997201958628849,-0.0006995103427599458,0.0,True,True,-1,False,,-0.0566837898203099,2.7215843837871843,,,,
STRC,2026-02-05,93.67,3369100.0,1338965.0,2.5161972120257063,-0.04603320093695895,-2.812314453559487,1.9125388477813852,4.724853301340872,-0.05555555555555558,-3.7191774936777633,0.06789793957510404,0.06779118180847643,0.06704387744208384,1.0,True,True,-1,False,-3.7191774936777633,-2.812314453559487,1.9125388477813852,,,,
STRC,2026-03-09,100.06,3156800.0,1188380.0,2.6563893704034065,0.0005999999999999339,-0.07155138836062029,2.201448071021854,2.2729994593824743,0.009789080633767266,-0.1976920072795741,-0.002298620827503539,-0.000599640215870445,-0.0540675594643214,0.0,True,True,-1,False,-0.1976920072795741,-0.07155138836062029,2.201448071021854,,,,
STRC,2026-04-13,100.0,11728000.0,2343305.0,5.004896929763731,0.0,-0.098238327675962,4.9308257695424205,5.029064097218383,-0.0004997501249375258,-0.6980936312578048,-0.006800000000000028,0.0,-0.14290000000000003,0.0,True,True,-1,False,-0.6980936312578048,-0.098238327675962,4.9308257695424205,,,,
STRC,2026-05-14,100.0,15608600.0,2728165.0,5.721281520729135,0.0004001600640257674,-0.06504813513150297,5.225992209584197,5.2910403447157,0.005025125628140614,-0.3607234381294826,-0.006800000000000028,-0.052000000000000046,-0.046800000000000064,0.0,True,True,-1,False,-0.3607234381294826,-0.06504813513150297,5.225992209584197,,,,
STRC,2026-06-02,96.71,5770400.0,3665340.0,1.5743150703618218,-0.027747059414898967,-1.9487462293322484,0.44952403547829684,2.398270264810545,-0.033093381323735294,-2.3231953234056073,-0.0054803019336158165,-0.09564677903009,0.013338848102574685,0.0,True,True,-1,False,-2.3231953234056073,-1.9487462293322484,0.44952403547829684,,,,
STRC,2026-06-16,91.79,2382100.0,3237685.0,0.735741741398561,-0.045643584944894955,-2.9248327777010545,-0.4635854171680023,3.3884181948690566,-0.0779507785032646,-3.800188356465435,-0.11929404074517924,-0.0693975378581545,0.07462686567164178,0.0,True,True,-1,False,-3.800188356465435,-2.9248327777010545,-0.4635854171680023,,,,
STRC,2026-07-30,89.5,1078000.0,1351595.0,0.7975761970116788,0.05368495408523666,1.8579040179808428,-0.3456981039862626,2.2036021219671054,-0.10455227613806906,-1.5479103449739435,0.05094972067039105,0.0949720670391061,,1.0,True,True,1,False,-1.5479103449739435,1.8579040179808428,-0.3456981039862626,,,,
TSLA,2025-02-11,328.5,118543400.0,72122740.0,1.643634171413898,-0.16243848958466123,-1.7585908697909949,1.377310748587198,3.1359016183781927,3.0442327011437342e-05,,0.09759512937595138,-0.244779299847793,-0.13296803652968037,0.0,True,True,-1,False,,-1.7585908697909949,1.377310748587198,,,,
TSLA,2025-02-25,302.8,134228800.0,74332630.0,1.8057856959991863,-0.14489847787410692,-1.5607766058763528,1.7821348071630825,3.3429114130394355,-0.10570306270120189,,-0.10158520475561428,-0.048414795244385855,0.10508586525759567,0.0,True,True,-1,False,,-1.5607766058763528,1.7821348071630825,,,,
TSLA,2025-03-24,278.39,169079900.0,117667025.0,1.4369352841205938,0.169656737111886,1.529489919910503,0.848323006783472,2.377812926693975,-0.35348351137947054,-1.2877799272481079,-0.06907575703150248,-0.14519199683896689,0.1568303459175977,0.0,True,True,1,False,-1.2877799272481079,1.529489919910503,0.848323006783472,,,,
TSLA,2025-04-15,254.11,79594300.0,150533250.0,0.5287489640992937,0.1453619399621382,1.2695804199655976,-1.3599309462706122,2.6295113662362097,-0.40419695193434935,-1.0829054878688933,-0.013261973161229457,0.3682263586635708,0.24709771358860322,1.0,True,True,1,False,-1.0829054878688933,1.2695804199655976,-1.3599309462706122,,,,
TSLA,2025-04-28,285.88,151731800.0,141310220.0,1.0737496551912522,0.2566153846153847,2.278634184437105,0.012889622219709655,2.2915238066568144,-0.2857999400419706,-0.7484167054613211,-0.019658598013152395,0.269378760319015,0.06793060025185405,1.0,True,True,1,False,-0.7484167054613211,2.278634184437105,0.012889622219709655,,,,
TSLA,2025-05-13,334.07,136992600.0,109797035.0,1.247689429864841,0.21325585618303955,1.8332903397562221,0.4936666009741693,2.3269569407303914,-0.061179181654676174,-0.23793821814148083,0.029185500044900836,-0.022869458496722173,-0.013230760020355059,0.0,True,True,1,False,-0.23793821814148083,1.8332903397562221,0.4936666009741693,,,,
TSLA,2025-06-05,284.7,287499800.0,104502345.0,2.75113252243287,-0.2057026476578412,-1.986282560316775,4.456115001090142,6.442397561406917,0.23471246422066083,0.37036913646845154,0.12086406743940992,0.032455216016859856,0.15686687741482275,0.0,True,True,-1,False,0.37036913646845154,-1.986282560316775,4.456115001090142,,,,
TSLA,2025-06-30,317.66,76695100.0,123777085.0,0.6196227678168378,-0.08896409315131348,-0.9319801850985198,-1.07482538732087,2.0068055724193896,0.12342622718913576,0.07095898671232137,-0.06248819492539204,0.011143990430019457,0.3939117295221306,0.0,True,True,-1,False,0.07095898671232137,-0.9319801850985198,-1.07482538732087,,,,
TSLA,2025-07-24,305.3,156966000.0,92451415.0,1.6978214990003127,-0.04417519802135195,-0.5245945920962762,1.7343516623065378,2.2589462544028143,0.06793060025185405,-0.10883822507205283,0.00972813625941682,0.048509662626924355,0.4389452997052079,0.0,True,True,-1,False,-0.10883822507205283,-0.5245945920962762,1.7343516623065378,,,,
TSLA,2025-09-12,395.94,168156400.0,75454660.0,2.2285754120421455,0.12854862615437246,1.1770182525707378,3.278143244187058,4.455161496757796,0.25158843053579893,0.4157387081609528,0.07609738849320613,0.0443248977117745,0.11021872000808197,0.0,True,True,1,False,0.4157387081609528,1.1770182525707378,3.278143244187058,,,,
TSLA,2025-11-13,401.99,118948000.0,83315800.0,1.4276763831110066,-0.09849521203830369,-1.2568572111786485,1.3714358967274527,2.628293107906101,0.2410929299166411,0.25863299207553636,-0.01681633871489341,0.1417199432821712,0.06537476056618319,1.0,True,True,-1,False,0.25863299207553636,-1.2568572111786485,1.3714358967274527,,,,
TSLA,2025-11-28,430.17,36252900.0,87388260.0,0.41484863069707534,0.08840422032740425,0.937237773685464,-1.8732186998311426,2.8104564735166067,0.2706997902696957,0.34380458305619227,0.0577213659715925,0.0685077992421601,-0.05018945998093782,1.0,True,True,1,False,0.34380458305619227,0.937237773685464,-1.8732186998311426,,,,
TSLA,2025-12-15,475.31,114542200.0,76597435.0,1.4953790554474833,0.08128213294508391,0.8929731104545776,1.579446142515574,2.4724192529701514,0.11556786443542144,-0.11701289582966709,0.028234205045128524,-0.07597147125034187,-0.1769581957038565,0.0,True,True,1,False,-0.11701289582966709,0.8929731104545776,1.579446142515574,,,,
TSLA,2025-12-31,449.72,49078000.0,76470115.0,0.64179320248178,-0.07381168135760763,-0.9444925916490015,-1.1707324876724887,2.1152250793214904,-0.00778819635962491,-0.448633233664061,-0.030952592724361905,-0.042937827981855414,-0.20999733167304113,0.0,True,True,-1,False,-0.448633233664061,-0.9444925916490015,-1.1707324876724887,,,,
TSLA,2026-01-29,416.56,81686100.0,60950995.0,1.3401930518115415,-0.07299270072992703,-0.953586869158985,1.1120676742124005,2.0656545433713855,-0.08761170492377779,-0.630112416076264,-0.04645189168427122,-0.03372863453043984,-0.09095928557710775,0.0,True,True,-1,False,-0.630112416076264,-0.953586869158985,1.1120676742124005,,,,
TSLA,2026-03-20,367.96,78628600.0,59233560.0,1.3274332996362197,-0.05940695296523524,-0.9898003784114702,1.2609529252073186,2.250753303618789,-0.2471098561577968,-1.3854598547846417,-0.0166594195021198,0.06669203174258076,0.09973910207631276,1.0,True,True,-1,False,-1.3854598547846417,-0.9898003784114702,1.2609529252073186,,,,
TSLA,2026-04-08,343.25,78838600.0,64379470.0,1.2245922496721393,-0.07666442501681237,-1.2534658305279769,0.9236701629616911,2.177135993489668,-0.22866901867373768,-1.4219414876850802,0.1418790968681718,0.16163146394756023,0.22292789512017475,1.0,True,True,-1,False,-1.4219414876850802,-1.2534658305279769,0.9236701629616911,,,,
TSLA,2026-05-11,445.0,78376100.0,63733865.0,1.229740264457522,0.13372907696619207,1.9518285541961202,0.9217464311761193,2.8735749853722394,0.06696717577385103,-0.20482815524982584,-0.0786741573033708,-0.10858426966292134,-0.28195505617977534,0.0,True,True,1,False,-0.20482815524982584,1.9518285541961202,0.9217464311761193,,,,
TSLA,2026-05-28,442.1,32435000.0,53523430.0,0.6059962898491371,0.05953122753199458,0.8965292992410115,-1.3666369480687286,2.2631662473097403,0.1265703437555743,0.11134556442190609,-0.05349468446052941,-0.14112191811807295,-0.21069893689210595,0.0,True,True,1,False,0.11134556442190609,0.8965292992410115,-1.3666369480687286,,,,
TSLA,2026-06-24,375.53,37081400.0,47427170.0,0.7818598495335058,-0.0719863589185985,-1.3543601010917683,-0.7563813418474484,2.110741442939217,0.03786308487411216,-0.2699751450353796,0.13253268713551525,-0.14869650893403985,-0.029984288871727882,0.0,True,True,-1,False,-0.2699751450353796,-1.3543601010917683,-0.7563813418474484,,,,
TSLA,2026-08-21,362.86,59224000.0,35263455.0,1.6794724169823971,0.06015718584743057,0.9152926833512076,2.5951651306857393,3.510457814036947,-0.17599236987918976,-1.1966767489982908,-0.038885520586452116,0.03428319462051488,,0.0,True,True,1,False,-1.1966767489982908,0.9152926833512076,2.5951651306857393,,,,
TSLA,2026-08-31,367.95,61732300.0,33179295.0,1.8605669590025948,0.05444906147012474,0.8394725627785682,3.2106337888484173,4.050106351626986,-0.12068347472816343,-0.8702563017457332,0.0005707297187118598,,,,True,True,1,False,-0.8702563017457332,0.8394725627785682,3.2106337888484173,,,,
TSLA,2026-09-22,378.9,28229900.0,39353375.0,0.7173438110454313,0.06259464916708724,1.1394179014464987,-0.9206460931929388,2.0600639946394375,-0.002133206921071329,-0.1793313304990203,,,,,True,True,1,False,-0.1793313304990203,1.1394179014464987,-0.9206460931929388,,,,
TSM,2025-01-21,218.7,19061300.0,15280855.0,1.2473974787405548,0.08611442193087004,1.6383416734932494,0.6264429363046289,2.2647846097978785,0.10187424425634828,,-0.0745313214449016,-0.0811614083219021,-0.3064929126657522,0.0,True,True,1,False,,1.6383416734932494,0.6264429363046289,,,,
TSM,2025-02-27,181.09,24219200.0,13652740.0,1.7739442778519183,-0.09500249875062461,-2.031964263121147,1.46000952667487,3.491973789796017,-0.0005519068381256709,,-0.0289358882323707,-0.07095919156220665,0.060135844055442034,0.0,True,True,-1,False,,-2.031964263121147,1.46000952667487,,,,
TSM,2025-03-31,166.0,19408300.0,15980590.0,1.2144920807054058,-0.08368293221461687,-1.6936618551697715,0.4075048927212582,2.1011667478910296,-0.15945111144868096,-1.7641841121487762,-0.1194578313253013,-0.009156626506024113,0.34945783132530117,0.0,True,True,-1,False,-1.7641841121487762,-1.6936618551697715,0.4075048927212582,,,,
TSM,2025-04-25,165.1,14654800.0,22537700.0,0.6502349396788493,0.08804534071437975,1.716344462937005,-0.6739452391607363,2.3902897020977414,-0.18400632629862113,-0.9939413258506826,0.08588734100545126,0.16281041792852813,0.45566323440339196,1.0,True,True,1,False,-0.9939413258506826,1.716344462937005,-0.6739452391607363,,,,
TSM,2025-05-13,193.99,19996000.0,16016155.0,1.2484894158429412,0.12601578825168325,2.2753604133124012,0.4047768841213308,2.680137297433732,-0.048602256007846956,0.0365440570220274,-0.002783648641682679,0.10366513737821537,0.2466106500335068,1.0,True,True,1,False,0.0365440570220274,2.2753604133124012,0.4047768841213308,,,,
TSM,2025-07-17,245.6,27395700.0,10906785.0,2.511803432450534,0.06894150417827305,1.1468995225062337,2.935748074152316,4.08264759665855,0.6610307047206816,2.9518499786694226,-0.016286644951140072,-0.018729641693811083,0.14275244299674283,0.0,True,True,1,False,2.9518499786694226,1.1468995225062337,2.935748074152316,,,,
TSM,2025-08-20,228.6,17165200.0,10300005.0,1.666523462852688,-0.053180914512922506,-1.186238247486858,1.3329134890452798,2.519151736532138,0.19074903635795404,0.4575591823129648,0.046762904636920455,0.17515310586176724,0.23447069116360453,1.0,True,True,-1,False,0.4575591823129648,-1.186238247486858,1.3329134890452798,,,,
TSM,2025-09-09,250.92,13443400.0,10229005.0,1.314243174189474,0.09864705109680805,1.8028642289911363,0.6397189694048266,2.4425831983959627,0.16474028686812403,0.3287139374569469,0.04439662043679271,0.17180774748923944,0.1774669217280409,1.0,True,True,1,False,0.3287139374569469,1.8028642289911363,0.6397189694048266,,,,
TSM,2025-09-23,282.71,17830300.0,11766100.0,1.5153959255828184,0.07879874837823397,1.353937991179279,1.03528044639215,2.389218437571429,0.23686398039987755,0.6321423113759085,-0.01209720207986964,0.04173888436914153,-0.02033886314597999,0.0,True,True,1,False,0.6321423113759085,1.353937991179279,1.03528044639215,,,,
TSM,2025-10-06,302.4,15785000.0,12252780.0,1.2882790680971992,0.10675987263477649,1.881450417617581,0.5880764935464379,2.469526911164019,0.3124999999999998,0.9630516288490606,0.0016203703703703276,0.008134920634920828,0.004927248677248697,0.0,True,True,1,False,0.9630516288490606,1.881450417617581,0.5880764935464379,,,,
TSM,2025-11-21,275.06,20872800.0,12425715.0,1.679806755587103,-0.034267256512885313,-0.8677029837593575,1.3661097725184137,2.2338127562777714,0.15440466697444077,0.1541218185369708,0.045880898713008156,0.06624009307060263,0.3471242637969898,1.0,True,True,-1,False,0.1541218185369708,-0.8677029837593575,1.3661097725184137,,,,
TSM,2025-12-17,276.96,16823000.0,12401305.0,1.3565507823571794,-0.1069839427355388,-2.3757313278675856,0.69377443174652,3.0695057596141053,-0.02033886314597999,-0.7293414842550973,0.07885615251299849,0.2362796071634894,0.24920566146736012,1.0,True,True,-1,False,-0.7293414842550973,-2.3757313278675856,0.69377443174652,,,,
TSM,2026-01-15,341.64,42188500.0,10773710.0,3.9158748471974834,0.07430583943901126,1.283825605241611,5.981460502587869,7.26528610782948,0.14759825327510923,0.12711062906196396,-0.019816180775084846,0.07235686687741483,0.11195995785036872,1.0,True,True,1,False,0.12711062906196396,1.283825605241611,5.981460502587869,,,,
TSM,2026-02-11,374.09,18651300.0,15530560.0,1.2009418849030558,0.14843126419844044,2.855030967879781,0.4168826486087535,3.2719136164885345,0.32562012756909997,0.9911185413575232,-0.03662220321313048,-0.099922478547943,0.10048384078697659,0.0,True,True,1,False,0.9911185413575232,2.855030967879781,0.4168826486087535,,,,
TSM,2026-03-03,353.13,18580200.0,12648825.0,1.4689269556658424,-0.08456254050550871,-2.1246968894317746,1.0886886377013498,3.2133855271331244,0.19522761888644435,0.26400784151766615,-0.017104182595644724,-0.04298700195395466,0.20312632741483316,0.0,True,True,-1,False,0.26400784151766615,-2.1246968894317746,1.0886886377013498,,,,
TSM,2026-04-06,341.76,5884800.0,14227925.0,0.41360915242384255,0.04596927220419911,0.64884985658754,-1.4198835502565765,2.0687334068441166,0.07242374796033624,-0.5210476598904109,0.081372893258427,0.175122893258427,0.29983029026217234,1.0,True,True,1,False,-0.5210476598904109,0.64884985658754,-1.4198835502565765,,,,
TSM,2026-04-24,402.46,21603600.0,13549170.0,1.5944592916023639,0.08626180836707142,1.5210580718251143,1.5952097105356777,3.116267782360792,0.17575226409582223,-0.08928622304712709,-0.01190180390597817,0.005118521095264228,0.04658848084281675,0.0,True,True,1,False,-0.08928622304712709,1.5210580718251143,1.5952097105356777,,,,
TSM,2026-05-21,407.15,8937900.0,14259555.0,0.6268007662230693,-0.02530403140859916,-0.9678450721091507,-1.0466080760992298,2.0144531482083803,0.05008640033012646,-1.300914568798501,0.02775389905440262,0.14864300626304816,0.015375168856686772,1.0,True,True,-1,False,-1.300914568798501,-0.9678450721091507,-1.0466080760992298,,,,
TSM,2026-06-01,435.63,18040400.0,12900000.0,1.3984806201550388,0.07690596262236737,1.4261519663209405,1.054401561418014,2.4805535277389543,0.23108008817046288,0.1840218969573018,-0.02026949475472306,0.09627436126988509,-0.0411817367949866,1.0,True,True,1,False,0.1840218969573018,1.4261519663209405,1.054401561418014,,,,
TSM,2026-06-18,462.12,25817100.0,12157885.0,2.123486116211825,0.09748972854869731,1.9072855397458246,2.9709293431486836,4.878214882894508,0.34630735615440633,1.110316636567134,-0.06442049684064743,-0.12944689690989353,-0.10466978274041372,0.0,True,True,1,False,1.110316636567134,1.9072855397458246,2.9709293431486836,,,,
TSM,2026-07-08,436.98,11411200.0,14999555.0,0.7607692361540059,-0.08499277592813614,-2.2494043614445776,-0.6961230773764047,2.9455274388209824,0.17911494873178624,-0.2612944941906928,-0.04004759943246827,-0.05258821914046419,,0.0,True,True,-1,False,-0.2612944941906928,-2.2494043614445776,-0.6961230773764047,,,,
TSM,2026-07-16,409.74,24891300.0,14855780.0,1.6755296591629656,-0.06229403149029655,-1.6768724627346543,1.7391866465114196,3.416059109246074,0.1187745740498034,-0.7963049511235608,0.014252940889344368,0.05064187045443447,,1.0,True,True,-1,False,-0.7963049511235608,-1.6768724627346543,1.7391866465114196,,,,
TSM,2026-07-28,392.31,18276300.0,14957130.0,1.2219122251394485,-0.07606980523303741,-1.930301079364435,0.5615473004068637,2.491848379771299,-0.00946826238448717,-2.2342411260624613,0.06336825469654106,0.06398001580382862,,1.0,True,True,-1,False,-2.2342411260624613,-1.930301079364435,0.5615473004068637,,,,
TSM,2026-08-19,412.09,8424700.0,12419975.0,0.6783185956493472,-0.039753000116509396,-1.1275089677974743,-0.9059184814006229,2.033427449198097,0.018713537031543437,-1.6665714194409345,0.013589264481060015,0.04409230993229629,,0.0,True,True,-1,False,-1.6665714194409345,-1.1275089677974743,-0.9059184814006229,,,,
TSM,2026-09-08,439.0,13079900.0,9236360.0,1.416131463043883,0.05701627660599051,0.9676479566502858,1.131906603148719,2.099554559799005,0.04258199349276848,-1.1756630072300147,-0.05751708428246016,,,,True,True,1,False,-1.1756630072300147,0.9676479566502858,1.131906603148719,,,,
TSM,2026-09-22,452.0,11256000.0,9849355.0,1.1428159508922158,0.09244712990936566,1.8128800535503016,0.39426222051754545,2.207142274067847,0.04544928877067189,-0.9953740745368955,,,,,True,True,1,False,-0.9953740745368955,1.8128800535503016,0.39426222051754545,,,,
URNM,2025-01-21,42.81,850100.0,441945.0,1.9235425222595572,0.053654934777258134,1.1424557104554405,2.4448718077095566,3.5873275181649973,-0.17704728950403692,,-0.06260219574865689,-0.12286848867087141,-0.2697967764540995,0.0,True,True,1,False,,1.1424557104554405,2.4448718077095566,,,,
URNM,2025-02-20,37.54,311100.0,775045.0,0.4013960479714081,-0.059147869674185505,-0.9707569895926897,-1.15294086328326,2.12369785287595,-0.218405163439517,,-0.07565263718700044,-0.03542887586574317,-0.025306339904102138,0.0,True,True,-1,False,,-0.9707569895926897,-1.15294086328326,,,,
URNM,2025-04-04,29.25,980600.0,588955.0,1.6649828934298885,-0.09889094269870613,-1.6345795815415656,1.1033554126126388,2.7379349941542044,-0.3027413587604292,-1.8862277444390403,0.07316239316239326,0.21333333333333337,0.6246153846153848,1.0,True,True,-1,False,-1.8862277444390403,-1.6345795815415656,1.1033554126126388,,,,
URNM,2025-05-23,41.1,2510200.0,463620.0,5.4143479573788875,0.12325772068871266,2.2047849020652506,7.939110879015404,10.143895781080655,0.18443804034582123,4.061546697189642,-0.0396593673965937,0.13868613138686126,0.07396593673965945,1.0,True,True,1,False,4.061546697189642,2.2047849020652506,7.939110879015404,,,,
URNM,2025-07-21,49.01,1480800.0,594030.0,2.4928033937679914,0.04387646432374859,0.687446352853198,2.0089238709762034,2.696370223829401,0.5006123698714025,1.985952268954185,-0.01591511936339529,-0.018159559273617676,0.35339726586410936,0.0,True,True,1,False,1.985952268954185,0.687446352853198,2.0089238709762034,,,,
URNM,2025-07-31,45.17,774900.0,584540.0,1.3256577821877031,-0.10872138910812945,-1.8787106089199863,0.4096332907517682,2.2883438996717547,0.2727528881375034,0.9922649427453253,0.04649103387203901,0.11777728580916547,0.3015275625415097,1.0,True,True,-1,False,0.9922649427453253,-1.8787106089199863,0.4096332907517682,,,,
URNM,2025-08-26,50.56,1123700.0,615605.0,1.82535879338212,0.1193269869382334,2.0162229428528753,1.0829170046041106,3.099139947456986,0.2573986570504849,0.8635115388211085,0.026305379746835333,0.16396360759493667,0.08623417721518978,1.0,True,True,1,False,0.8635115388211085,2.0162229428528753,1.0829170046041106,,,,
URNM,2025-09-15,57.21,1016600.0,509655.0,1.9946826774975228,0.06814787154592983,1.079374585341093,1.3506276419553693,2.4300022272964625,0.2180114967000213,0.6793268090814806,0.04859290333857724,0.10942142981996161,0.02080055934277225,1.0,True,True,1,False,0.6793268090814806,1.079374585341093,1.3506276419553693,,,,
URNM,2025-10-15,66.18,1581900.0,927590.0,1.7053870783428022,0.08296514482081507,1.2834729332293255,0.919670692247395,2.2031436254767205,0.3350817026427275,1.0356060888584913,-0.12224236929585985,-0.1390148080991237,-0.010577213659715978,0.0,True,True,1,False,1.0356060888584913,1.2834729332293255,0.919670692247395,,,,
URNM,2025-11-17,52.83,521000.0,854750.0,0.6095349517402749,-0.09568640876412193,-1.6240749000011225,-0.6171429396434807,2.2412178396446034,0.09469539991711562,0.04805228937825811,0.004732159757713461,0.028771531326897692,0.30531894756766986,0.0,True,True,-1,False,0.04805228937825811,-1.6240749000011225,-0.6171429396434807,,,,
URNM,2025-11-28,55.59,240600.0,768110.0,0.31323638541354754,0.08299240210403291,1.2643844797411867,-1.0253442675976492,2.289728747338836,0.08786692759295511,0.024952365642129028,0.05432631768303642,0.005756431012772012,0.3007735204173412,0.0,True,True,1,False,0.024952365642129028,1.2643844797411867,-1.0253442675976492,,,,
URNM,2025-12-16,54.35,900000.0,534610.0,1.6834701932249678,-0.06934931506849307,-1.209494213172391,0.9122872635100993,2.1217814766824903,-0.09401566927821303,-0.7082888296697952,0.039742410303587716,0.25096596136154536,0.1808647654093838,1.0,True,True,-1,False,-0.7082888296697952,-1.209494213172391,0.9122872635100993,,,,
URNM,2026-01-02,60.45,1058700.0,474340.0,2.2319433317873254,0.06839872746553555,0.9604530667822581,1.6717373373191207,2.6321904041013786,-0.014991037966432974,-0.3933151109841071,0.048469809760132376,0.18610421836228297,0.04466501240694787,1.0,True,True,1,False,-0.3933151109841071,0.9604530667822581,1.6717373373191207,,,,
URNM,2026-03-03,69.37,1527500.0,974435.0,1.5675750563146849,-0.06597549481621101,-1.26350057155485,0.7497219279945039,2.0132224995493537,0.20162826953057356,0.25832210058827026,-0.009946662822545749,-0.08966411993657208,-0.1156119359953871,0.0,True,True,-1,False,0.25832210058827026,-1.26350057155485,0.7497219279945039,,,,
URNM,2026-04-29,64.41,335800.0,697895.0,0.4811612061986402,-0.09739349775784756,-1.7799838422173528,-0.8229630442230786,2.6029468864404315,-0.10167364016736413,-1.6779394100651426,0.07421207886974068,-0.04750815090824401,-0.22341251358484704,0.0,True,True,-1,False,-1.6779394100651426,-1.7799838422173528,-0.8229630442230786,,,,
URNM,2026-05-15,60.15,1101400.0,664735.0,1.656900870271612,-0.07447299584551459,-1.3560199078793034,0.8784773976074449,2.234497305486748,-0.17171578077664562,-2.09549027105905,-0.03208645054031589,-0.03740648379052369,-0.07913549459684122,0.0,True,True,-1,False,-2.09549027105905,-1.3560199078793034,0.8784773976074449,,,,
URNM,2026-06-05,55.28,1277200.0,884925.0,1.4432861541938582,-0.09791122715404699,-1.672279171431633,0.5608380468898896,2.2331172183215227,-0.181037037037037,-1.8835566632934988,-0.01266280752532567,-0.08339363241678721,-0.011034732272069414,0.0,True,True,-1,False,-1.8835566632934988,-1.672279171431633,0.5608380468898896,,,,
URNM,2026-08-05,52.51,541400.0,419015.0,1.292077849241674,0.1141523445788244,1.6489879882086782,0.447422319478831,2.0964103076875094,-0.19202954300661634,-1.3955480504918212,0.05484669586745383,0.04646733955437066,,0.0,True,True,1,False,-1.3955480504918212,1.6489879882086782,0.447422319478831,,,,
URNM,2026-08-21,58.19,1031000.0,385985.0,2.6710882547249244,0.06653225806451601,0.8949382027554584,2.850280967483757,3.7452191702392152,-0.03786375661375663,-0.49587110427682324,-0.02629317752191096,-0.10637566592197967,,0.0,True,True,1,False,-0.49587110427682324,0.8949382027554584,2.850280967483757,,,,
URNM,2026-09-15,50.4,513600.0,796305.0,0.6449789967411984,-0.12164517253398399,-1.7980194659972277,-0.631412522468248,2.429431988465476,-0.12302070645554208,-0.8828294247983687,0.00436507936507935,,,,True,True,-1,False,-0.8828294247983687,-1.7980194659972277,-0.631412522468248,,,,
USAR,2025-01-22,11.55,6700.0,5210.0,1.2859884836852207,-0.1216730038022813,-1.8885960290110002,0.2675564111676779,2.156152440178678,0.07142857142857162,,0.08917748917748902,-0.04155844155844157,0.21991341991341984,0.0,True,True,-1,False,,-1.8885960290110002,0.2675564111676779,,,,
USAR,2025-02-13,11.5,31600.0,4785.0,6.603970741901777,-0.06275468622656888,-0.9797411525088036,3.3054841660545766,4.285225318563381,0.06481481481481466,,-0.04347826086956519,0.6130434782608696,-0.23652173913043484,1.0,True,True,-1,False,,-0.9797411525088036,3.3054841660545766,,,,
USAR,2025-03-07,12.99,38700.0,26895.0,1.4389291689905186,0.1671159029649596,2.3083043800814176,-0.012128856713389174,2.320433236794807,0.13054830287206265,,0.4280215550423403,-0.4187836797536567,-0.3010007698229408,0.0,True,True,1,False,,2.3083043800814176,-0.012128856713389174,,,,
USAR,2025-06-09,13.08,4772900.0,1213340.0,3.9336871775429807,0.38559322033898313,1.869293692505413,0.3411033700425771,2.2103970625479903,0.2133580705009277,1.1692409452245853,0.06804281345565744,-0.25152905198776765,0.07874617737003042,0.0,True,True,1,False,1.1692409452245853,1.869293692505413,0.3411033700425771,,,,
USAR,2025-07-15,15.54,16060200.0,2673070.0,6.00814793477163,0.5792682926829267,2.877549017337626,0.7438146950453707,3.6213637123829967,-0.00766283524904221,-0.13341321378702828,-0.16280566280566278,0.22522522522522515,0.7387387387387387,1.0,True,True,1,False,-0.13341321378702828,2.877549017337626,0.7438146950453707,,,,
USAR,2025-10-03,25.96,41452600.0,7160520.0,5.789048840028378,0.49798038084246987,2.449844263576648,0.8295566069112391,3.2794008704878874,1.3599999999999999,3.3533616823457972,0.2561633281972264,-0.25077041602465333,-0.5327426810477658,0.0,True,True,1,False,3.3533616823457972,2.449844263576648,0.8295566069112391,,,,
USAR,2026-01-23,24.77,26609900.0,12681715.0,2.0982887566863,0.4752829064919595,1.9552169266028014,0.07068137284882706,2.0258982994516286,0.14675925925925926,-0.03489991088905882,-0.09487283003633418,-0.24142107387969325,-0.07751312071053684,0.0,True,True,1,False,-0.03489991088905882,1.9552169266028014,0.07068137284882706,,,,
USAR,2026-04-20,22.58,43419500.0,12935845.0,3.3565259942431283,0.3448481238832639,1.6976234530347756,2.0784436328316542,3.77606708586643,-0.005724350506384979,-0.510743818805833,0.041186891054030283,-0.05801594331266602,-0.2953941541186891,0.0,True,True,1,False,-0.510743818805833,1.6976234530347756,2.0784436328316542,,,,
USAR,2026-05-27,26.7,14634600.0,18578205.0,0.7877294927039507,0.3370055082623937,1.5855639425069625,-0.4381174735378667,2.023681416044829,0.2793483469094393,0.05169220111886641,0.04794007490636698,-0.2262172284644195,-0.27865168539325835,0.0,True,True,1,False,0.05169220111886641,1.5855639425069625,-0.4381174735378667,,,,
USAR,2026-06-10,20.33,13297700.0,17777980.0,0.7479871166465482,-0.2734095782701931,-1.607998944642653,-0.4473850671848244,2.0553840118274773,0.04309902514109809,-0.5357212130087285,0.15838662075750132,-0.09099852434825373,-0.13379242498770283,0.0,True,True,-1,False,-0.5357212130087285,-1.607998944642653,-0.4473850671848244,,,,
USAR,2026-08-07,19.33,19079300.0,10507030.0,1.8158604286844142,0.2929765886287625,1.5345877976920324,0.8527225149259691,2.3873103126180015,-0.24344422700587098,-1.0618927681693973,0.0346611484738748,-0.08898085876875317,,0.0,True,True,1,False,-1.0618927681693973,1.5345877976920324,0.8527225149259691,,,,
WDC,2025-01-21,50.97,9321329.0,7134151.8,1.3065784498726254,0.08724402730375425,1.6495384746287685,0.4112667231399516,2.06080519776872,-0.004880905896134324,,-0.06768687463213652,0.06023150873062577,-0.3011575436531293,1.0,True,True,1,False,,1.6495384746287685,0.4112667231399516,,,,
WDC,2025-02-10,52.18,13865305.0,8873321.45,1.5625834224680322,0.0716779626206614,1.3476959989926338,0.7555679147569855,2.103263913749619,0.024543491066169265,,0.04331161364507463,-0.19892679187428142,-0.15101571483326948,0.0,True,True,1,False,,1.3476959989926338,0.7555679147569855,,,,
WDC,2025-02-24,49.02,18354400.0,9768496.3,1.8789381125117484,-0.051654091700522264,-1.0081309910706342,1.3279628559548986,2.336093847025533,-0.023700458076080455,,-0.04100367197062438,-0.09608323133414931,0.032843737250102034,0.0,True,True,-1,False,,-1.0081309910706342,1.3279628559548986,,,,
WDC,2025-04-03,34.15,21307200.0,6997435.0,3.0450014898316313,-0.18515867334764968,-2.967452298557328,3.68743437612695,6.654886674684278,-0.31176944780330507,-3.121504441592129,0.02108345534407019,0.30863836017569546,0.8693997071742314,1.0,True,True,-1,False,-3.121504441592129,-2.967452298557328,3.68743437612695,,,,
WDC,2025-04-24,40.17,5943900.0,10185545.0,0.5835622934266158,0.12773722627737238,1.8971014369324075,-0.8049045698978536,2.702006006830261,-0.15467171717171724,-0.47896240597784734,0.09410007468259907,0.24072691062982332,0.6694050286283295,1.0,True,True,1,False,-0.47896240597784734,1.8971014369324075,-0.8049045698978536,,,,
WDC,2025-05-16,49.99,4955600.0,7170520.0,0.6911074789555012,0.13356009070294794,1.7421023407122458,-0.605628313140737,2.3477306538529827,-0.07236964186305439,0.28034191819301696,0.003800760152030458,0.14842968593718742,0.5217043408681734,1.0,True,True,1,False,0.28034191819301696,1.7421023407122458,-0.605628313140737,,,,
WDC,2025-07-30,71.43,13984000.0,6123365.0,2.283711652008332,0.03043854587420669,0.2955793659302483,2.3948561878995327,2.690435553829781,0.5983441485791008,1.4538558386701326,0.03289934201315958,0.12935741285174296,0.7600447991040178,1.0,True,True,1,False,1.4538558386701326,0.2955793659302483,2.3948561878995327,,,,
WDC,2025-09-03,86.0,12194800.0,5904965.0,2.065177354988556,0.07891105256555031,0.9746544212530033,1.9269497495474615,2.9016041708004647,0.550946798917944,1.086851327917233,0.10488372093023246,0.5184883720930233,0.834186046511628,1.0,True,True,1,False,1.086851327917233,0.9746544212530033,1.9269497495474615,,,,
WDC,2025-10-01,130.59,18540400.0,10136190.0,1.8291290909108846,0.19053696781839746,2.486112681669438,1.4239695476492449,3.910082229318683,1.039831302717901,2.175228693418106,-0.07205758480741253,0.08262500957194274,0.39015238532812613,1.0,True,True,1,False,2.175228693418106,2.486112681669438,1.4239695476492449,,,,
WDC,2025-10-29,141.38,18267300.0,9416710.0,1.9398813385991498,0.17357018344816133,2.0741664883220348,1.816489001964239,3.8906554902862736,0.8641877637130799,1.4902433839528901,0.13240911019946244,0.11571650869995764,0.7870985995190267,1.0,True,True,1,False,1.4902433839528901,2.0741664883220348,1.816489001964239,,,,
WDC,2025-11-19,153.97,6499100.0,10386250.0,0.6257407630280419,-0.07308410089699602,-1.295242584257002,-0.8098243318796263,2.105066916136628,0.9316271484129972,1.3951904375544415,0.02448528934207972,0.13664999675261402,0.926089497954147,1.0,True,True,-1,False,1.3951904375544415,-1.295242584257002,-0.8098243318796263,,,,
WDC,2025-11-28,163.33,3232100.0,10126825.0,0.3191622250804176,0.16472937317264513,1.7808076211517476,-1.4148120936888426,3.19561971484059,0.8049508232953919,1.0720339144742048,0.034041511051245754,0.10010408375681124,0.728096491765138,1.0,True,True,1,False,1.0720339144742048,1.7808076211517476,-1.4148120936888426,,,,
WDC,2025-12-19,181.08,36269600.0,7096265.0,5.11108308384763,0.026879891119428345,-0.021847764146654777,8.29958105369069,8.321428817837345,0.6890215464975284,0.7643014320790971,-0.0077313894411310535,0.33587364700684774,0.750220896841175,1.0,True,True,-1,False,0.7643014320790971,-0.021847764146654777,8.29958105369069,,,,
WDC,2026-01-06,219.38,17178400.0,7579265.0,2.266499456081823,0.22094835262689227,2.443228694412109,2.2752814749285393,4.718510169340648,0.8327485380116959,1.0603371406037927,-0.02452365758045394,0.22805178229556033,0.3445619473060444,1.0,True,True,1,False,1.0603371406037927,2.443228694412109,2.2752814749285393,,,,
WDC,2026-01-15,222.1,7536200.0,8986475.0,0.8386158087570488,0.1833972719522592,1.9052740081447512,-0.35168006117448686,2.2569540693192383,0.8275322965522915,1.0032596150173911,0.06434038721296709,0.26780729401170644,0.6488968932913104,1.0,True,True,1,False,1.0032596150173911,1.9052740081447512,-0.35168006117448686,,,,
WDC,2026-01-28,279.7,16090500.0,8283660.0,1.9424384873353082,0.15626291856138885,1.51119713563734,1.675236488788624,3.186433624425964,1.0249040758705568,1.3993000341518667,-0.0367894172327492,0.009116910976045833,0.4444047193421523,0.0,True,True,1,False,1.3993000341518667,1.51119713563734,1.675236488788624,,,,
WDC,2026-03-05,259.03,6296300.0,10172865.0,0.6189308518298434,-0.08226749335695316,-1.5092849712283734,-0.7349738229807294,2.244258794209103,0.5337201728935994,0.06427718506046624,0.008300196888391342,0.13874840752036466,1.1086360653206198,1.0,True,True,-1,False,0.06427718506046624,-1.5092849712283734,-0.7349738229807294,,,,
WDC,2026-03-17,313.81,14247500.0,8756090.0,1.6271532156476236,0.17876192622642906,1.7588713713907902,1.1206875613120335,2.8795589327028237,0.8874654156140984,0.9185985111149605,-0.04066154679583189,0.16312418342309032,0.6866575316274177,1.0,True,True,1,False,0.9185985111149605,1.7588713713907902,1.1206875613120335,,,,
WDC,2026-05-01,431.52,15485300.0,7039740.0,2.1996977161088336,0.06811881188118818,0.252976775309419,2.4180685657651244,2.671045341074543,0.6017222820236812,-0.09842603140730494,0.11234705228031161,0.26575824990730457,0.07072673340748992,1.0,True,True,1,False,-0.09842603140730494,0.252976775309419,2.4180685657651244,,,,
WDC,2026-06-10,490.09,5978300.0,6608060.0,0.90469820189284,-0.17508542189156895,-2.8548224651028025,-0.2266401597317553,3.0814626248345576,0.7123440830159673,-0.006167256647008427,0.45305964210655203,0.1887408435185376,-0.046175192311616264,1.0,True,True,-1,False,-0.006167256647008427,-2.8548224651028025,-0.2266401597317553,,,,
WDC,2026-08-06,451.52,16190100.0,7516565.0,2.153922702723917,-0.15293411376256938,-1.9183622134126128,2.3200143707943766,4.238376584206989,-0.12467285733671951,-3.240205896922618,0.07922129695251612,-0.022036676116229614,,0.0,True,True,-1,False,-3.240205896922618,-1.9183622134126128,2.3200143707943766,,,,
WDC,2026-08-21,459.44,4341800.0,8560960.0,0.5071627481030165,-0.09701257861635226,-1.3036102859681034,-1.0603986582264935,2.364008944194597,-0.13411232566905396,-2.7575855409539236,2.176562772060464e-05,-0.024529862441232786,,0.0,True,True,-1,False,-2.7575855409539236,-1.3036102859681034,-1.0603986582264935,,,,
WDC,2026-09-15,411.96,7860800.0,5956190.0,1.3197698528757478,-0.1368950345694533,-1.5914410850825182,0.6864332141473845,2.277874299229903,-0.44794500355118394,-2.9543041188087744,0.1277793960578697,,,,True,True,-1,False,-2.9543041188087744,-1.5914410850825182,0.6864332141473845,,,,
XLE,2025-01-21,46.74,49302000.0,29307960.0,1.6822051074179165,0.03590425531914909,0.9191112838690564,2.0351880134740066,2.954299297343063,0.03544528134692082,,-0.042575952075310286,-0.015618314077877726,-0.14741121095421483,0.0,True,True,1,False,,0.9191112838690564,2.0351880134740066,,,,
XLE,2025-03-03,43.91,49501800.0,30310810.0,1.633140123935982,-0.03430833516604359,-1.1391791988123097,2.0399112529432974,3.179090451755607,-0.07088446889547184,,0.002960601229788251,0.06399453427465285,-0.07014347529036657,1.0,True,True,-1,False,,-1.1391791988123097,2.0399112529432974,,,,
XLE,2025-03-19,46.42,31742600.0,34625850.0,0.9167312860189714,0.057644110275689275,1.7627869203972384,-0.34879510865979213,2.1115820290570304,0.10444920295027371,3.602441260071473,0.010124946143903468,-0.1415338216286084,-0.05105557949159856,0.0,True,True,1,False,3.602441260071473,1.7627869203972384,-0.34879510865979213,,,,
XLE,2025-04-03,43.37,75657800.0,31132900.0,2.430155880113963,-0.0661068044788975,-2.195944826559989,4.508537969593149,6.704482796153139,-0.003675626005054111,0.09140337997020376,-0.1125201752363384,-0.05487664284067317,-0.014756744293290325,0.0,True,True,-1,False,0.09140337997020376,-2.195944826559989,4.508537969593149,,,,
XLE,2025-06-11,43.15,48996600.0,28202080.0,1.737339940883793,0.053209665608982215,1.340586858878917,1.5589981083407964,2.899584967219713,-0.05372807017543868,-0.2234654456753287,0.0206257242178447,0.03267670915411358,0.009965237543453132,0.0,True,True,1,False,-0.2234654456753287,1.340586858878917,1.5589981083407964,,,,
XLE,2025-09-05,43.68,48182200.0,27947100.0,1.7240500803303385,-0.028253615127920018,-0.7881757220271054,1.5276474224652536,2.315823144492359,0.027039736656477853,0.5825404920819718,0.014194139194139144,0.017857142857142794,0.04532967032967017,0.0,True,True,-1,False,0.5825404920819718,-0.7881757220271054,1.5276474224652536,,,,
XLE,2025-10-10,42.61,44892200.0,30252210.0,1.4839312565924936,-0.04161043634727846,-1.1629903119037528,1.0331689962956438,2.1961593081993964,-0.0166166628202169,-0.09420046853030901,0.008918094344050775,0.050692325745130384,0.05914104670265208,1.0,True,True,-1,False,-0.09420046853030901,-1.1629903119037528,1.0331689962956438,,,,
XLE,2025-10-23,44.49,47308800.0,29272790.0,1.616135667286924,0.043386491557223295,1.213751275010474,1.3500878475076625,2.5638391225181367,0.01482664233576636,0.3634043904906514,-0.016857720836142898,-0.0013486176668915384,0.0957518543492919,0.0,True,True,1,False,0.3634043904906514,1.213751275010474,1.3500878475076625,,,,
XLE,2025-11-11,45.76,38752800.0,27307080.0,1.4191484406241899,0.04954128440366956,1.4038698861394683,0.9065075420100501,2.3103774281495184,0.07594639078297671,1.2479322517826945,-0.005026223776223748,0.009178321678321666,0.1722027972027973,0.0,True,True,1,False,1.2479322517826945,1.4038698861394683,0.9065075420100501,,,,
XLE,2025-12-16,43.81,49312400.0,30136130.0,1.636321584755574,-0.04135667396061271,-1.209207675288559,1.390528306113065,2.599735981401624,-0.0004563084645219373,0.056006139419232916,0.015749828806208566,0.08673818762839525,0.3216160693905501,1.0,True,True,-1,False,0.056006139419232916,-1.209207675288559,1.390528306113065,,,,
XLE,2026-01-05,46.89,94961000.0,26651870.0,3.56301452768605,0.060859728506787336,1.7307287922398804,5.871808614140092,7.602537406379973,0.05394470667565732,0.882362878437363,-0.011729579867775564,0.1019407123053957,0.25762422691405407,1.0,True,True,1,False,0.882362878437363,1.7307287922398804,5.871808614140092,,,,
XLE,2026-01-29,50.51,77520700.0,46902650.0,1.6528000017056605,0.03271314659578817,0.8950404663887523,1.292020150418835,2.187060616807587,0.14639128461189266,2.0930628666715387,0.03365670164323897,0.10710750346466047,0.12393585428628007,1.0,True,True,1,False,2.0930628666715387,0.8950404663887523,1.292020150418835,,,,
XLE,2026-03-02,57.04,135633300.0,54486650.0,2.489294166552724,0.034270172257479636,0.8583725235418507,3.0273790348012186,3.8857515583430695,0.26558686487685823,2.8374534946903416,-0.012622720897615736,0.08625525946704071,-0.0008765778401121915,1.0,True,True,1,False,2.8374534946903416,0.8583725235418507,3.0273790348012186,,,,
XLE,2026-03-17,58.51,40137700.0,67267030.0,0.5966920198498432,0.05233812949640271,1.3698105579871882,-0.9244277903294694,2.2942383483166577,0.3066100937918712,2.8264030925515287,0.03982225260639227,-0.047000512732866206,-0.02375662279952151,0.0,True,True,1,False,2.8264030925515287,1.3698105579871882,-0.9244277903294694,,,,
XLE,2026-04-06,59.68,25474200.0,62651135.0,0.406603966552242,-0.04603580562659848,-1.5351407193174056,-1.328184597761486,2.8633253170788917,0.3224019499224462,2.326114016099938,-0.04306300268096519,-0.004859249329758675,-0.11511394101876671,0.0,True,True,-1,False,2.326114016099938,-1.5351407193174056,-1.328184597761486,,,,
XLE,2026-04-30,59.65,35896800.0,48583965.0,0.7388610624925323,0.04685854685854696,1.4535162575592213,-0.6824362844960089,2.13595254205523,0.15444164892587575,0.7362078136568307,-0.06202849958088841,-0.05632858340318525,-0.03487007544006704,0.0,True,True,1,False,0.7362078136568307,1.4535162575592213,-0.6824362844960089,,,,
XLE,2026-06-15,55.55,44319100.0,39079750.0,1.13406815550253,-0.04765986627807306,-1.884151139382283,0.29863563933290344,2.1827867787151862,-0.06418463611859837,-1.4813581901587223,-0.01962196219621959,0.017101710171017137,0.16885688568856905,0.0,True,True,-1,False,-1.4813581901587223,-1.884151139382283,0.29863563933290344,,,,
XLE,2026-07-09,54.82,21770700.0,35077920.0,0.6206382818593577,0.03806097330051128,1.1428971243311061,-1.0177789827351107,2.160676107066217,-0.04009805638241992,-1.1343668094189312,0.04013133892739873,0.06092666909886901,,1.0,True,True,1,False,-1.1343668094189312,1.1428971243311061,-1.0177789827351107,,,,
XLE,2026-08-07,57.5,21092700.0,30020735.0,0.7026043832704296,-0.034424853064651484,-1.4064234127795356,-0.8320452891920797,2.238468701971615,-0.0012159110647906868,-0.7174701866091279,0.07669565217391305,0.11408695652173928,,1.0,True,True,-1,False,-0.7174701866091279,-1.4064234127795356,-0.8320452891920797,,,,
XLE,2026-09-14,64.53,47236500.0,26785225.0,1.7635282137820385,0.007336871682797286,-0.027509412096541407,2.087580361019596,2.1150897731161376,0.18035485641119453,0.9207980952845799,-0.03207810320781035,,,,True,True,-1,False,0.9207980952845799,-0.027509412096541407,2.087580361019596,,,,
ZM,2025-01-28,88.64,4971800.0,2198980.0,2.2609573529545517,0.12859689330277568,2.645070243092267,1.6544583425002655,4.299528585592532,0.17403973509933768,,-0.027752707581227387,-0.1634702166064982,-0.1483528880866427,0.0,True,True,1,False,,2.645070243092267,1.6544583425002655,,,,
ZM,2025-02-21,82.5,4125300.0,2267195.0,1.8195611758141668,-0.03123532174729915,-0.9336449497303514,1.171192329439464,2.104837279169815,0.016009852216748666,,-0.10666666666666669,-0.0791515151515152,0.009818181818181948,0.0,True,True,-1,False,,-0.9336449497303514,1.171192329439464,,,,
ZM,2025-04-04,67.75,4687900.0,2208585.0,2.1225807474016167,-0.094735435595938,-1.9926041975830073,1.5312069413050964,3.523811138888104,-0.15786202610316968,-1.4661993179486295,0.05298892988929893,0.15468634686346872,0.1452398523985241,1.0,True,True,-1,False,-1.4661993179486295,-1.9926041975830073,1.5312069413050964,,,,
ZM,2025-05-21,82.27,4692200.0,1935770.0,2.423944993465133,-0.012009126936471715,-0.3868133902860618,2.1199133949889286,2.5067267852749904,0.10846133117758017,0.8810667438689793,-0.028321380819253617,-0.05202382399416561,-0.10489850492281505,0.0,True,True,-1,False,0.8810667438689793,-0.3868133902860618,2.1199133949889286,,,,
ZM,2025-07-11,73.4,4074400.0,2745000.0,1.4842987249544626,-0.06592008144566042,-1.4947021966088034,0.6805132269219195,2.175215423530723,0.019727702139483272,0.043375278141717405,0.019754768392370448,-0.024931880108991944,0.10395095367847396,0.0,True,True,-1,False,0.043375278141717405,-1.4947021966088034,0.6805132269219195,,,,
ZM,2025-08-21,73.17,7257200.0,2606740.0,2.784013748973814,0.01822989145560805,0.35907044788726633,2.829337756343096,3.1884082042303623,-0.07262357414448672,-0.6724748469917885,0.10468771354380202,0.15019816864835311,0.1510181768484351,1.0,True,True,1,False,-0.6724748469917885,0.35907044788726633,2.829337756343096,,,,
ZM,2025-11-24,78.6,10044600.0,2459750.0,4.08358573025714,-0.039824089909601845,-0.9460182116353094,4.680916086788597,5.626934298423906,-0.03463522476050118,-0.5637269998156688,0.0758269720101783,0.10890585241730277,0.09491094147582713,1.0,True,True,-1,False,-0.5637269998156688,-0.9460182116353094,4.680916086788597,,,,
ZM,2026-01-26,95.46,10339500.0,2423340.0,4.266632003763401,0.17910079051383399,4.126016885349715,5.0976740467287245,9.22369093207844,0.12451407704087636,1.2068996191227632,-0.02723653886444577,-0.0832809553739785,-0.037083595223129984,0.0,True,True,1,False,1.2068996191227632,4.126016885349715,5.0976740467287245,,,,
ZM,2026-02-17,88.65,2808500.0,4311950.0,0.6513294449147138,-0.07065730160394168,-1.5952878007280036,-0.6272016293260534,2.2224894300540567,0.09027179928668061,0.8219500899327722,-0.012859560067681852,-0.1428087986463622,0.15544275239706717,0.0,True,True,-1,False,0.8219500899327722,-1.5952878007280036,-0.6272016293260534,,,,
ZM,2026-04-15,89.03,6063800.0,3763820.0,1.6110759813168536,0.06968641114982566,1.3686318539503721,0.8808788479483235,2.2495107018986955,0.0996788537549409,0.8843488414607807,0.03246096821296196,0.150511063686398,0.032011681455689,1.0,True,True,1,False,0.8843488414607807,1.3686318539503721,0.8808788479483235,,,,
ZM,2026-04-30,97.15,7949200.0,4207320.0,1.889373758116806,0.07932451949783359,1.546464804181217,1.295339223356064,2.841804027537281,0.09489462414065142,0.8001447548514463,0.11538857436953154,0.045702521873391744,-0.05836335563561501,0.0,True,True,1,False,0.8001447548514463,1.546464804181217,1.295339223356064,,,,
ZM,2026-06-02,111.88,4761000.0,5620010.0,0.8471515175239902,0.11779398541312802,2.104180784144738,-0.33937892809216436,2.4435597122369024,0.4436129032258065,3.9081728715596324,-0.13451912763675367,-0.1944047193421523,-0.10377189846263857,0.0,True,True,1,False,3.9081728715596324,2.104180784144738,-0.33937892809216436,,,,
ZM,2026-07-31,96.07,4598800.0,3117615.0,1.4751019609541267,0.0918286168882827,1.4693257733709735,0.7408391952033582,2.2101649685743316,-0.11943171402383135,-1.4693691001904627,0.08774851670656814,0.024565421047153313,,0.0,True,True,1,False,-1.4693691001904627,1.4693257733709735,0.7408391952033582,,,,
ZM,2026-08-25,100.92,7057100.0,2972455.0,2.3741654625553625,-0.03619520580651314,-0.7509845309445196,2.7007363040139754,3.451720834958495,-0.006595137316665056,-0.6128532347491799,-0.05965120887831943,,,,True,True,-1,False,-0.6128532347491799,-0.7509845309445196,2.7007363040139754,,,,
ZM,2026-09-18,88.77,5782900.0,3365810.0,1.7181302569069554,-0.07115203515747615,-1.2472127042107628,1.3487457550708537,2.5959584592816167,0.03861003861003853,-0.16539841357867802,,,,,True,True,-1,False,-0.16539841357867802,-1.2472127042107628,1.3487457550708537,,,,
