asset,ref,theta,H,delay,fee,n_all,mean_all,t_all,win_all,total_all,sr_all,skew_all,kurt_all,n_dev,mean_dev,t_dev,win_dev,total_dev,sr_dev,skew_dev,kurt_dev,n_val,mean_val,t_val,win_val,total_val,sr_val,skew_val,kurt_val,gross_mean_all,hold_min_mean
gold,bn,1,6,1,hip3_standard,1974,-18.881250039491736,-37.567125360920336,0.0911854103343465,-37271.587577956685,-0.8455404523000282,-2.8011263987759984,81.85863769622739,1376,-19.155268215410917,-30.556676579056656,0.09883720930232558,-26357.64906440542,-0.8237527938500586,-3.5568975813728487,93.54033916930872,598,-18.25073330025295,-22.260238995175285,0.07357859531772576,-10913.938513551264,-0.9102888660214107,0.022419377475834296,25.855507890019425,0.11874996050826571,39.10456171864235
gold,bn,1,6,1,hip3_growth,1974,-2.6812500394917347,-5.33475570456828,0.36220871327254306,-5292.787577956684,-0.12007178372085887,-2.8011263987760002,81.85863769622742,1376,-2.955268215410915,-4.714273590281863,0.37136627906976744,-4066.4490644054194,-0.12708829871995586,-3.5568975813728487,93.54033916930872,598,-2.050733300252949,-2.501259134522694,0.3411371237458194,-1226.3385135512635,-0.10228409235335927,0.02241937747583362,25.855507890019425,0.11874996050826571,39.10456171864235
gold,bn,1,6,1,zero,1974,-0.8812500394917343,-1.7533812983069397,0.4412360688956434,-1739.5875779566836,-0.03946415387872894,-2.801126398775999,81.8586376962274,1376,-1.1552682154109157,-1.842895480417998,0.4433139534883721,-1589.64906440542,-0.04968113259438891,-3.5568975813728487,93.54033916930872,598,-0.2507333002529489,-0.30581692778351705,0.43645484949832775,-149.9385135512634,-0.012505784168020218,0.0224193774758342,25.855507890019418,0.11874996050826571,39.10456171864235
gold,bn,1,6,0,hip3_standard,3059,-18.715166864030444,-49.330289884352496,0.08564890487087283,-57249.69543706913,-0.8919159472201439,-1.8214006612497415,60.556585821754624,1802,-18.913771752134227,-38.258819545908096,0.07991120976692564,-34082.616697345875,-0.9012684590114404,-2.871235285876647,87.48938047947676,1257,-18.430452458013733,-31.139140361881424,0.09387430389817025,-23167.078739723263,-0.8782921078049264,-0.31640410135523805,21.815509570283044,0.284833135969555,37.32542199986924
gold,bn,1,6,0,hip3_growth,3059,-2.5151668640304448,-6.629591465123568,0.3543641712978097,-7693.89543706913,-0.11986628023391925,-1.8214006612497406,60.55658582175462,1802,-2.713771752134223,-5.489423532985714,0.36792452830188677,-4890.21669734587,-0.12931513170443118,-2.8712352858766477,87.48938047947674,1257,-2.230452458013732,-3.7684572486115835,0.3349244232299125,-2803.678739723261,-0.1062908680712162,-0.31640410135523894,21.81550957028306,0.284833135969555,37.32542199986924
gold,bn,1,6,0,zero,3059,-0.7151668640304449,-1.885069418542576,0.4377247466492318,-2187.695437069131,-0.03408298390211652,-1.8214006612497406,60.55658582175462,1802,-0.9137717521342226,-1.8483795315498939,0.4522752497225305,-1646.6166973458692,-0.04354253978143016,-2.8712352858766477,87.48938047947674,1257,-0.43045245801373255,-0.7272702360260471,0.41686555290373906,-541.0787397232618,-0.020512952545248417,-0.3164041013552381,21.815509570283044,0.284833135969555,37.32542199986924
gold,bn,1,12,1,hip3_standard,1533,-18.409756080158214,-27.116558881012125,0.11480756686236138,-28222.156070882542,-0.6925697185839208,-3.417511293306327,78.7265697230501,1079,-19.031213266710736,-21.88152507123694,0.11770157553290084,-20534.679114780884,-0.6661420746487917,-4.075142523663802,81.59761499095103,454,-16.932768625774585,-17.118485865576666,0.10792951541850221,-7687.476956101661,-0.8034103497927262,1.1405598499012732,15.075682029691071,0.5902439198417869,54.575606204250924
gold,bn,1,12,1,hip3_growth,1533,-2.209756080158213,-3.2548492548940806,0.395955642530985,-3387.5560708825406,-0.08313038694867537,-3.417511293306327,78.7265697230501,1079,-2.831213266710732,-3.2552451180773767,0.40222428174235403,-3054.87911478088,-0.09909984470400693,-4.075142523663804,81.59761499095104,454,-0.7327686257745822,-0.7408055729271743,0.381057268722467,-332.6769561016603,-0.03476772824111992,1.140559849901273,15.075682029691064,0.5902439198417869,54.575606204250924
gold,bn,1,12,1,zero,1533,-0.409756080158213,-0.6035481853254091,0.4598825831702544,-628.1560708825406,-0.015414905655870332,-3.417511293306327,78.7265697230501,1079,-1.0312132667107325,-1.1856584566152037,0.468952734012975,-1112.6791147808804,-0.036095152487919745,-4.075142523663804,81.59761499095104,454,1.0672313742254178,1.0789366818116577,0.43832599118942733,484.52304389833967,0.05063700748683632,1.140559849901273,15.075682029691064,0.5902439198417869,54.575606204250924
gold,bn,1,12,0,hip3_standard,2263,-18.12211664960523,-33.879122338787845,0.11975254087494476,-41010.349978056634,-0.7121801653463469,-1.542642779649508,39.037097510787575,1335,-18.497276193606666,-27.07528509979255,0.11161048689138577,-24693.863718464898,-0.7410242245025879,-2.691052303156892,59.76652922733564,928,-17.58242053835317,-20.497354780901418,0.1314655172413793,-16316.48625959174,-0.6728586348350862,-0.10621996407726751,13.878444570696457,0.8778833503947691,57.87914515799088
gold,bn,1,12,0,hip3_growth,2263,-1.9221166496052307,-3.5933785429427294,0.3972602739726027,-4349.749978056637,-0.07553716708697157,-1.5426427796495077,39.037097510787575,1335,-2.297276193606665,-3.3626252451355545,0.40299625468164796,-3066.863718464898,-0.09203178305917417,-2.691052303156893,59.76652922733567,928,-1.3824205383531676,-1.6116076946981988,0.3890086206896552,-1282.8862595917394,-0.05290361439002531,-0.10621996407726797,13.878444570696459,0.8778833503947691,57.87914515799088
gold,bn,1,12,0,zero,2263,-0.12211664960523108,-0.22829589895993946,0.4768007070260716,-276.34997805663795,-0.004799056169263204,-1.5426427796495077,39.037097510787575,1335,-0.49727619360666514,-0.727885261284778,0.4794007490636704,-663.8637184648979,-0.01992151178768378,-2.691052303156893,59.76652922733567,928,0.41757946164683235,0.4868086482132699,0.4730603448275862,387.51374040826045,0.015980276770537004,-0.10621996407726789,13.878444570696457,0.8778833503947691,57.87914515799088
gold,bn,1,36,1,hip3_standard,1102,-18.6006454196819,-17.8969090922204,0.1279491833030853,-20497.911252489455,-0.5391222238810017,-2.9387156932604253,49.869735420401035,782,-19.31227190604542,-14.970124379668235,0.13682864450127877,-15102.19663052752,-0.5353305548871908,-3.69142444338787,55.62013644772714,320,-16.861608193631035,-9.955784923605,0.10625,-5395.714621961932,-0.5565452964637082,0.34872319189548806,14.314340754349859,0.3993545803180999,91.68892609420749
gold,bn,1,36,1,hip3_growth,1102,-2.4006454196819,-2.309819464288084,0.4165154264972777,-2645.5112524894535,-0.06958045101161764,-2.9387156932604266,49.86973542040105,782,-3.112271906045424,-2.412512508290776,0.42455242966751916,-2433.7966305275213,-0.08627127116523073,-3.6914244433878713,55.62013644772716,320,-0.661608193631037,-0.3906406081700672,0.396875,-211.7146219619318,-0.021837473866003248,0.34872319189548784,14.314340754349862,0.3993545803180999,91.68892609420749
gold,bn,1,36,1,zero,1102,-0.6006454196819,-0.5779206167400492,0.47005444646098005,-661.9112524894538,-0.017409142915019417,-2.9387156932604257,49.86973542040105,782,-1.312271906045424,-1.0172223003599472,0.4782608695652174,-1026.1966305275216,-0.03637579519612405,-3.6914244433878713,55.62013644772716,320,1.1383918063689626,0.6721532046560363,0.45,364.285378038068,0.03757450642263063,0.34872319189548856,14.314340754349859,0.3993545803180999,91.68892609420749
gold,bn,1,36,0,hip3_standard,1580,-18.19850850821067,-21.988877233265203,0.13164556962025317,-28753.643442972854,-0.5531902424039054,-2.0811231595193593,43.44626891000957,973,-18.79467616730537,-18.24183991655593,0.11510791366906475,-18287.219910788124,-0.5848065390541618,-3.871730409352012,67.85064328929754,607,-17.242872375922126,-12.463863048147607,0.15815485996705106,-10466.42353218473,-0.5058925954131671,0.32023428643664337,11.854931129546967,0.8014914917893323,101.4253136225844
gold,bn,1,36,0,hip3_growth,1580,-1.9985085082106675,-2.4147560343669694,0.41012658227848103,-3157.6434429728547,-0.06074978098367403,-2.0811231595193598,43.446268910009586,973,-2.594676167305369,-2.5183550308583724,0.4172661870503597,-2524.619910788124,-0.08073475572873999,-3.871730409352014,67.85064328929757,607,-1.0428723759221268,-0.753831391128334,0.3986820428336079,-633.0235321847309,-0.03059707231126139,0.3202342864366428,11.854931129546964,0.8014914917893323,101.4253136225844
gold,bn,1,36,0,zero,1580,-0.19850850821066768,-0.23985367893383294,0.49050632911392406,-313.6434429728549,-0.006034174159203887,-2.0811231595193593,43.44626891000957,973,-0.794676167305369,-0.7713011546697552,0.4933196300102775,-773.2199107881241,-0.024726779803693127,-3.871730409352012,67.85064328929754,607,0.7571276240778729,0.547283237429363,0.48599670510708404,459.57646781526887,0.022213541366728127,0.32023428643664353,11.854931129546967,0.8014914917893323,101.4253136225844
gold,bn,2,6,1,hip3_standard,1624,-18.878210652445237,-32.87254175046317,0.0917487684729064,-30658.214099571065,-0.8157184271693333,-3.263559026965553,84.68284359701488,1150,-19.074334292127542,-26.644378773761375,0.09913043478260869,-21935.484435946673,-0.7856998653870793,-3.7779943139606287,93.99529145839188,474,-18.402383256591545,-19.888589578484186,0.07383966244725738,-8722.729663624392,-0.9135131742095507,-0.8875560742994549,24.169455007297444,0.12178934755476356,38.90441556286946
gold,bn,2,6,1,hip3_growth,1624,-2.6782106524452365,-4.66355594340387,0.3602216748768473,-4349.414099571064,-0.11572419766159402,-3.263559026965554,84.68284359701492,1150,-2.87433429212754,-4.015073366595339,0.37130434782608696,-3305.484435946671,-0.11839805425524905,-3.77799431396063,93.99529145839188,474,-2.2023832565915455,-2.380251300830024,0.3333333333333333,-1043.9296636243926,-0.10932856312696705,-0.8875560742994547,24.16945500729745,0.12178934755476356,38.90441556286946
gold,bn,2,6,1,zero,1624,-0.8782106524452364,-1.5292241870639482,0.44273399014778325,-1426.214099571064,-0.037947061049622983,-3.263559026965553,84.68284359701488,1150,-1.0743342921275407,-1.5007060991324475,0.44608695652173913,-1235.4844359466717,-0.04425340857393461,-3.7779943139606296,93.99529145839188,474,-0.4023832565915455,-0.4348803810906724,0.4345991561181435,-190.72966362439257,-0.019974717451124415,-0.8875560742994547,24.16945500729745,0.12178934755476356,38.90441556286946
gold,bn,2,6,0,hip3_standard,2493,-18.320609587770576,-41.45898445019741,0.09546730846369836,-45673.27970231205,-0.8303429840589834,-1.5966788482393375,54.62713209299663,1420,-18.565767743627802,-31.850601352555266,0.08591549295774648,-26363.390195951477,-0.8452271994414463,-2.592416040839753,82.26495076686788,1073,-17.996169157838374,-26.55421592709396,0.10810810810810811,-19309.889506360574,-0.8106504375350682,-0.32142529822475985,19.451732145274335,0.679390412229422,39.38809245211927
gold,bn,2,6,0,hip3_growth,2493,-2.120609587770578,-4.7988752504724195,0.35900521460088247,-5286.679702312051,-0.09611215635034921,-1.5966788482393375,54.62713209299664,1420,-2.365767743627802,-4.0586054040714545,0.36901408450704226,-3359.3901959514787,-0.10770420443085361,-2.5924160408397534,82.26495076686788,1073,-1.7961691578383705,-2.650334259502795,0.34575955265610436,-1927.2895063605715,-0.0809097370066934,-0.32142529822476107,19.451732145274338,0.679390412229422,39.38809245211927
gold,bn,2,6,0,zero,2493,-0.3206095877705781,-0.7255297838363092,0.4388287204171681,-799.2797023120511,-0.014530953271612072,-1.5966788482393375,54.62713209299663,1420,-0.5657677436278022,-0.9706058542399202,0.4535211267605634,-803.3901959514792,-0.025757204985232214,-2.592416040839753,82.26495076686788,1073,0.003830842161629157,0.0056525924517779325,0.4193849021435228,4.1104936394280855,0.00017256305201487,-0.32142529822476046,19.451732145274335,0.679390412229422,39.38809245211927
gold,bn,2,12,1,hip3_standard,1252,-18.872529303854733,-24.250810031682587,0.11261980830670927,-23628.406688426126,-0.6853684133187387,-3.8339462722038706,82.69520700658866,906,-19.3597563725388,-19.518519509309957,0.11368653421633554,-17539.939273520155,-0.6484593763159987,-4.193452637957793,81.42842682264603,346,-17.596726632676226,-16.182483387486887,0.10982658959537572,-6088.467414905974,-0.8699756966014256,0.5148501772212735,12.915954959830696,0.12747069614526682,53.76637445642971
gold,bn,2,12,1,hip3_growth,1252,-2.6725293038547333,-3.434144910224001,0.3913738019169329,-3346.006688426126,-0.09705467343779044,-3.8339462722038706,82.69520700658865,906,-3.159756372538799,-3.1856685185123137,0.39624724061810157,-2862.739273520152,-0.10583674748890003,-4.193452637957794,81.42842682264603,346,-1.3967266326762247,-1.2844721635995526,0.3786127167630058,-483.26741490597374,-0.06905365131761775,0.5148501772212739,12.915954959830689,0.12747069614526682,53.76637445642971
gold,bn,2,12,1,zero,1252,-0.8725293038547333,-1.121182118950825,0.46405750798722045,-1092.406688426126,-0.03168648011768508,-3.8339462722038706,82.69520700658865,906,-1.3597563725387993,-1.3709072973125762,0.46909492273730685,-1231.9392735201523,-0.04554534428588907,-4.193452637957793,81.42842682264603,346,0.40327336732377494,0.3708624168323727,0.4508670520231214,139.53258509402613,0.019937687047249762,0.5148501772212734,12.915954959830689,0.12747069614526682,53.76637445642971
gold,bn,2,12,0,hip3_standard,1849,-17.915559828611187,-28.825411305959197,0.12601406165494863,-33125.87012310208,-0.6703584024641673,-1.6937307072478165,38.01932425858563,1069,-18.677431348810625,-23.536939312806073,0.10664172123479888,-19966.174111878558,-0.7198817023014503,-3.0154529840274478,62.29284143388811,780,-16.871405142594266,-16.984887205399765,0.15256410256410258,-13159.696011223528,-0.6081565180834414,-0.22539584212500044,12.0288936931155,1.0844401713888125,61.347676380511984
gold,bn,2,12,0,hip3_growth,1849,-1.7155598286111873,-2.760266391493044,0.4159004867495944,-3172.0701231020853,-0.06419224166262893,-1.6937307072478172,38.01932425858565,1069,-2.4774313488106245,-3.122011277654205,0.41814780168381666,-2648.3741118785574,-0.0954873003364213,-3.0154529840274478,62.29284143388811,780,-0.6714051425942662,-0.6759212122349305,0.4128205128205128,-523.6960112235276,-0.024201861688009904,-0.2253958421250005,12.028893693115497,1.0844401713888125,61.347676380511984
gold,bn,2,12,0,zero,1849,0.08444017138881244,0.13586082122541696,0.4916170903190914,156.1298768979142,0.0031595539819864412,-1.6937307072478163,38.01932425858563,1069,-0.6774313488106246,-0.8536859404151089,0.4976613657623948,-724.1741118785577,-0.02611014456252919,-3.0154529840274478,62.29284143388811,780,1.1285948574057334,1.1361861203389396,0.48333333333333334,880.3039887764721,0.04068198902259359,-0.2253958421250005,12.028893693115497,1.0844401713888125,61.347676380511984
gold,bn,2,36,1,hip3_standard,881,-19.225537164570063,-15.677638679138354,0.13507377979568672,-16937.698241986225,-0.5281930675737179,-3.2073896737732115,50.244987695404184,655,-20.065405857818917,-13.651511850865443,0.13740458015267176,-13142.84083687139,-0.5334087068763318,-3.867111555580076,56.576307103113564,226,-16.791404447410777,-7.751235649861978,0.12831858407079647,-3794.8574051148353,-0.5156045257654205,-0.11916745738040248,12.260241978046711,-0.22553716457006237,95.2249686411086
gold,bn,2,36,1,hip3_growth,881,-3.0255371645700624,-2.467201726037959,0.40635641316685583,-2665.498241986225,-0.0831221381401796,-3.2073896737732124,50.244987695404205,655,-3.865405857818915,-2.6298313749710274,0.40610687022900765,-2531.8408368713895,-0.10275601474404988,-3.8671115555800744,56.57630710311355,226,-0.5914044474107762,-0.2730036817714911,0.40707964601769914,-133.65740511483543,-0.018159934780786844,-0.1191674573804023,12.26024197804671,-0.22553716457006237,95.2249686411086
gold,bn,2,36,1,zero,881,-1.2255371645700626,-0.9993753979156932,0.47219069239500566,-1079.6982419862252,-0.033669812647564246,-3.207389673773212,50.244987695404184,655,-2.065405857818915,-1.4052002109827588,0.46412213740458014,-1352.8408368713895,-0.05490571561824079,-3.8671115555800744,56.57630710311355,226,1.2085955525892234,0.5579109813496739,0.49557522123893805,273.1425948851645,0.037111686439727995,-0.1191674573804029,12.260241978046714,-0.22553716457006237,95.2249686411086
gold,bn,2,36,0,hip3_standard,1241,-17.72904383945708,-17.755215284698274,0.145044319097502,-22001.74340476624,-0.5040110427256034,-2.1756424994981236,40.069058836885226,765,-18.795801060622157,-15.36783582059773,0.1111111111111111,-14378.78781137595,-0.5556252767073682,-4.116222997692277,66.54102045269728,476,-16.01461259115607,-9.389322650501684,0.19957983193277312,-7622.955593390288,-0.4303588980913918,0.1512873025306755,9.85833598237742,1.2709561605429163,112.7136845470454
gold,bn,2,36,0,hip3_growth,1241,-1.5290438394570836,-1.5313009993737776,0.43110394842868655,-1897.5434047662407,-0.04346850212997864,-2.175642499498123,40.069058836885226,765,-2.595801060622158,-2.122380652674046,0.4287581699346405,-1985.7878113759512,-0.07673483444167319,-4.116222997692277,66.54102045269728,476,0.1853874088439302,0.10869212021634514,0.43487394957983194,88.24440660971078,0.004981895162056663,0.15128730253067554,9.858335982377419,1.2709561605429163,112.7136845470454
gold,bn,2,36,0,zero,1241,0.27095616054291627,0.27135614344005543,0.5100725221595488,336.25659523375907,0.007702891269535225,-2.175642499498123,40.069058836885226,765,-0.7958010606221582,-0.6506634117936367,0.515032679738562,-608.787811375951,-0.023524785301040404,-4.116222997692277,66.54102045269728,476,1.98538740884393,1.1640270947405704,0.5021008403361344,945.0444066097107,0.053353094412439815,0.15128730253067554,9.858335982377419,1.2709561605429163,112.7136845470454
gold,bn,3,6,1,hip3_standard,1226,-18.556937167282545,-27.33412394053295,0.09869494290375204,-22750.8049670884,-0.7806563994655017,-3.7768968856030773,93.43274053535418,846,-18.63332672906074,-21.118444645021572,0.10638297872340426,-15763.794412785388,-0.7260670831605165,-4.417662663337123,97.42585824940676,380,-18.386869879744758,-18.945255106995457,0.08157894736842106,-6987.010554303008,-0.9718710807254024,0.3882392262256643,17.08027569722097,0.443062832717457,42.15288094291735
gold,bn,3,6,1,hip3_growth,1226,-2.3569371672825428,-3.4717373923179564,0.3727569331158238,-2889.604967088397,-0.09915203496087764,-3.7768968856030796,93.43274053535423,846,-2.4333267290607443,-2.757858356595837,0.3947990543735225,-2058.5944127853895,-0.09481712343884355,-4.417662663337123,97.42585824940676,380,-2.186869879744757,-2.253282262208734,0.3236842105263158,-831.0105543030078,-0.11559094110818126,0.3882392262256651,17.08027569722097,0.443062832717457,42.15288094291735
gold,bn,3,6,1,zero,1226,-0.5569371672825428,-0.8203611091829576,0.4543230016313214,-682.8049670883976,-0.02342932779369721,-3.7768968856030773,93.43274053535418,846,-0.6333267290607442,-0.7177932134374212,0.46926713947990545,-535.7944127853896,-0.024678239025324303,-4.417662663337123,97.42585824940676,380,-0.3868698797447579,-0.3986186127879878,0.42105263157894735,-147.010554303008,-0.020448703372934498,0.38823922622566515,17.08027569722097,0.443062832717457,42.15288094291735
gold,bn,3,6,0,hip3_standard,1971,-18.407009614659987,-35.00841827346835,0.09791983764586504,-36280.215950494836,-0.7885498928675387,-1.8991985717715356,54.31114845247409,1034,-18.497676972712792,-25.289910603651816,0.09284332688588008,-19126.597989785027,-0.7864788078665023,-3.2147780895914924,84.47879745815632,937,-18.306956201397888,-24.19790220147021,0.10352187833511206,-17153.61796070982,-0.7905110075748659,-0.3775231668363459,18.81083548431682,0.5929903853400076,44.172326836233715
gold,bn,3,6,0,hip3_growth,1971,-2.207009614659992,-4.197526775997744,0.35819381024860475,-4350.015950494844,-0.09454752464581206,-1.8991985717715356,54.31114845247411,1034,-2.297676972712789,-3.141369876968604,0.38007736943907156,-2375.7979897850237,-0.0976919560779015,-3.2147780895914924,84.47879745815632,937,-2.1069562013978884,-2.7849479478360375,0.33404482390608325,-1974.2179607098215,-0.09098028374350818,-0.3775231668363463,18.81083548431682,0.5929903853400076,44.172326836233715
gold,bn,3,6,0,zero,1971,-0.40700961465999247,-0.7740943873898983,0.44038559107052255,-802.2159504948452,-0.017436150398953534,-1.8991985717715347,54.31114845247409,1034,-0.4976769727127886,-0.6804209073371361,0.46808510638297873,-514.5979897850234,-0.021160083656945862,-3.214778089591493,84.47879745815632,937,-0.3069562013978883,-0.4057308085433518,0.40981856990394877,-287.6179607098214,-0.013254647762246222,-0.3775231668363456,18.81083548431682,0.5929903853400076,44.172326836233715
gold,bn,3,12,1,hip3_standard,913,-18.436932675085426,-19.321453929391634,0.12157721796276014,-16832.919532352993,-0.6394467950223903,-4.6243287467515195,92.33396445899893,650,-18.666798093714,-15.046395026537276,0.12307692307692308,-12133.418760914099,-0.5901681680733769,-4.904896469349353,88.68488636635601,263,-17.868824226003408,-14.222698534235926,0.11787072243346007,-4699.500771438897,-0.8770091622704401,-0.05313999437488835,11.6018870923345,0.5630673249145727,63.051025890890834
gold,bn,3,12,1,hip3_growth,913,-2.2369326750854275,-2.3442506617827963,0.41511500547645125,-2042.319532352995,-0.07758337327429715,-4.6243287467515195,92.33396445899893,650,-2.466798093713998,-1.9883655666275621,0.42615384615384616,-1603.4187609140988,-0.07799011403376857,-4.904896469349352,88.68488636635601,263,-1.6688242260034085,-1.3283013797033,0.38783269961977185,-438.9007714388964,-0.0819065719105354,-0.053139994374887714,11.601887092334497,0.5630673249145727,63.051025890890834
gold,bn,3,12,1,zero,913,-0.4369326750854274,-0.45789474315959194,0.4786418400876232,-398.9195323529952,-0.015154104191175683,-4.6243287467515195,92.33396445899893,650,-0.666798093713998,-0.5374734044153717,0.4969230769230769,-433.4187609140987,-0.021081441362700976,-4.904896469349353,88.68488636635601,263,0.13117577399659183,0.10440941524476967,0.43346007604562736,34.49922856110365,0.006438160351676272,-0.053139994374887714,11.601887092334497,0.5630673249145727,63.051025890890834
gold,bn,3,12,0,hip3_standard,1423,-17.7250543209056,-23.36120564806961,0.1398453970484891,-25222.752298648666,-0.6192881964205844,-1.7227046419474432,37.111565505858614,759,-18.30083730813137,-17.935273114418266,0.1251646903820817,-13890.33551687171,-0.6510091706738208,-3.273258768706551,62.819552445320376,664,-17.066892743639993,-15.06042659502363,0.1566265060240964,-11332.416781776956,-0.5844579009544614,-0.14646625842493358,11.569527695787734,1.2749456790944032,70.83145315829235
gold,bn,3,12,0,hip3_growth,1423,-1.5250543209055964,-2.0099858071031593,0.41883345045678144,-2170.152298648664,-0.05328322964421769,-1.7227046419474432,37.111565505858614,759,-2.100837308131368,-2.058872512546402,0.4308300395256917,-1594.5355168717083,-0.07473233768815307,-3.273258768706552,62.819552445320376,664,-0.8668927436399937,-0.764976655531747,0.40512048192771083,-575.6167817769558,-0.029686851667201884,-0.14646625842493347,11.569527695787734,1.2749456790944032,70.83145315829235
gold,bn,3,12,0,zero,1423,0.2749456790944029,0.3623719530042227,0.49121574139142654,391.2477013513353,0.009606211108711918,-1.7227046419474432,37.111565505858614,759,-0.3008373081313681,-0.2948280012273064,0.5059288537549407,-228.3355168717084,-0.01070157846752335,-3.273258768706551,62.819552445320376,664,0.9331072563600057,0.8234066710784618,0.4743975903614458,619.5832182230438,0.03195437603138248,-0.14646625842493347,11.569527695787734,1.2749456790944032,70.83145315829235
gold,bn,3,36,1,hip3_standard,625,-18.325217417275788,-12.212420728388205,0.1424,-11453.260885797368,-0.4884968291355282,-4.100607110929718,66.13954787943301,467,-19.29032137118461,-10.64818408768137,0.14132762312633834,-9008.580080343214,-0.49273919585192577,-4.92424720131074,72.7088192536451,158,-15.472663325659191,-6.051007860928981,0.14556962025316456,-2444.680805454152,-0.4813923380366653,0.6240666984915897,9.619794128642855,0.6747825827242138,111.83135705938665
gold,bn,3,36,1,hip3_growth,625,-2.125217417275786,-1.4163023907483203,0.4352,-1328.2608857973662,-0.05665209562993281,-4.100607110929718,66.13954787943301,467,-3.0903213711846127,-1.705845652712882,0.4475374732334047,-1443.180080343214,-0.07893712282243938,-4.92424720131074,72.7088192536451,158,0.7273366743408103,0.28444488459071937,0.3987341772151899,114.91919454584803,0.022629219988267165,0.6240666984915901,9.619794128642859,0.6747825827242138,111.83135705938665
gold,bn,3,36,1,zero,625,-0.325217417275786,-0.21673368656611083,0.4944,-203.26088579736626,-0.008669347462644434,-4.100607110929719,66.13954787943304,467,-1.2903213711846129,-0.7122524932719387,0.5032119914346895,-602.5800803432143,-0.03295911470805199,-4.92424720131074,72.7088192536451,158,2.5273366743408103,0.9883840785373527,0.46835443037974683,399.319194545848,0.07863161532437077,0.6240666984915896,9.619794128642853,0.6747825827242138,111.83135705938665
gold,bn,3,36,0,hip3_standard,895,-17.487971505370474,-13.737905705321007,0.16871508379888267,-15651.734497306574,-0.4592075432588194,-2.3454314096036266,40.506046341709805,516,-18.34777642628172,-11.251307470469547,0.1375968992248062,-9467.452635961366,-0.4953111929861587,-4.642889423565394,69.59591348195505,379,-16.317366388773642,-8.047412888828033,0.21108179419525067,-6184.281861345211,-0.4133678340601208,0.2337361611048425,9.04339941672205,1.512028494629525,135.25422429096835
gold,bn,3,36,0,hip3_growth,895,-1.287971505370475,-1.0117829324279366,0.46033519553072627,-1152.7344973065751,-0.03382017351680318,-2.3454314096036266,40.506046341709805,516,-2.147776426281714,-1.3170692943100717,0.4786821705426357,-1108.2526359613644,-0.05798074269344762,-4.642889423565394,69.59591348195505,379,-0.11736638877364237,-0.05788285727174851,0.43535620052770446,-44.48186134521046,-0.0029732426644655903,0.23373616110484172,9.043399416722044,1.512028494629525,135.25422429096835
gold,bn,3,36,0,zero,895,0.5120284946295247,0.40223070900462665,0.5363128491620112,458.26550269342465,0.013445089787865284,-2.3454314096036266,40.506046341709805,516,-0.34777642628171523,-0.21326505251457564,0.563953488372093,-179.45263596136505,-0.009388470438701994,-4.642889423565395,69.59591348195505,379,1.6826336112263576,0.8298427017900608,0.49868073878627966,637.7181386547895,0.04262615637949609,0.2337361611048425,9.04339941672205,1.512028494629525,135.25422429096835
gold,bn,5,6,1,hip3_standard,693,-19.049888605901483,-18.70993954854058,0.09235209235209235,-13201.572803889727,-0.7107318321588875,-4.621109734416093,105.64146851702304,418,-19.681887318759127,-13.257108313380117,0.09090909090909091,-8227.028899241315,-0.6484263631312116,-5.410049700214759,103.45305274039426,275,-18.089250562357865,-14.80237895363703,0.09454545454545454,-4974.5439046484125,-0.8926170362521382,0.8285750177368724,21.20372904298951,-0.049888605901482495,48.80756022049062
gold,bn,5,6,1,hip3_growth,693,-2.849888605901482,-2.799031775963922,0.31457431457431456,-1974.972803889727,-0.10632642490589757,-4.621109734416095,105.64146851702309,418,-3.4818873187591253,-2.3452912097397682,0.3253588516746411,-1455.4288992413144,-0.11471194273039909,-5.410049700214759,103.45305274039426,275,-1.889250562357865,-1.5459680137653977,0.29818181818181816,-519.5439046484129,-0.09322537890092392,0.828575017736872,21.203729042989504,-0.049888605901482495,48.80756022049062
gold,bn,5,6,1,zero,693,-1.0498886059014825,-1.0311531345665164,0.4184704184704185,-727.5728038897274,-0.039170268544454274,-4.621109734416093,105.64146851702304,418,-1.6818873187591252,-1.1328670871130633,0.423444976076555,-703.0288992413143,-0.055410340463642155,-5.410049700214759,103.45305274039426,275,-0.08925056235786522,-0.0730334648907716,0.4109090909090909,-24.543904648412934,-0.0044040836396778875,0.8285750177368729,21.20372904298951,-0.049888605901482495,48.80756022049062
gold,bn,5,6,0,hip3_standard,1285,-17.91401663997755,-26.07135678835963,0.10505836575875487,-23019.51138237115,-0.727297457216172,-2.271789089082872,61.54426737553019,513,-18.4569219956581,-15.897911544854546,0.08966861598440545,-9468.400983772604,-0.7019099416972588,-4.866003622300097,101.85696791634257,772,-17.553251811656146,-20.780055095653612,0.11528497409326424,-13551.110398598545,-0.747890547963857,0.18054991617057337,17.447967401633694,1.0859833600224513,50.42349741193256
gold,bn,5,6,0,hip3_growth,1285,-1.7140166399775485,-2.4945125518257876,0.3610894941634241,-2202.51138237115,-0.06958796393545386,-2.271789089082872,61.54426737553019,513,-2.256921995658102,-1.9440048703163928,0.3820662768031189,-1157.8009837726063,-0.08582991176753656,-4.866003622300097,101.85696791634257,772,-1.3532518116561452,-1.6020192444248074,0.3471502590673575,-1044.710398598544,-0.057657934256974956,0.1805499161705738,17.447967401633694,1.0859833600224513,50.42349741193256
gold,bn,5,6,0,zero,1285,0.08598336002245106,0.12513680778908268,0.4404669260700389,110.48861762884962,0.0034908686512925826,-2.271789089082872,61.54426737553019,513,-0.45692199565810176,-0.39357079536770867,0.47173489278752434,-234.4009837726062,-0.017376575108678505,-4.866003622300097,101.85696791634257,772,0.446748188343855,0.5288736279339487,0.41968911917098445,344.88960140145605,0.01903457837712305,0.18054991617057298,17.447967401633694,1.0859833600224513,50.42349741193256
gold,bn,5,12,1,hip3_standard,498,-18.76160152743978,-12.892407690622465,0.12449799196787148,-9343.27756066501,-0.5777226027648773,-3.6675985219034017,69.16561180231855,315,-19.80730433275564,-9.841800699546068,0.10476190476190476,-6239.300864818026,-0.55452264902743,-4.513143079432945,72.18962692814013,183,-16.961621288781338,-8.841121611721752,0.15846994535519127,-3103.976695846985,-0.6535545154480895,0.853852773945206,13.150083297776012,0.23839847256021926,82.05203344471218
gold,bn,5,12,1,hip3_growth,498,-2.5616015274397808,-1.7602554443112897,0.38353413654618473,-1275.6775606650108,-0.07887893256418302,-3.6675985219034017,69.16561180231855,315,-3.607304332755635,-1.7923877832724147,0.38095238095238093,-1136.300864818025,-0.10098961074373969,-4.513143079432945,72.18962692814011,183,-0.7616212887813425,-0.3969895519743618,0.3879781420765027,-139.37669584698568,-0.02934631211661742,0.8538527739452065,13.150083297776012,0.23839847256021926,82.05203344471218
gold,bn,5,12,1,zero,498,-0.7616015274397807,-0.5233496391656035,0.45582329317269077,-379.2775606650108,-0.023451858097439198,-3.6675985219034017,69.16561180231855,315,-1.8073043327556357,-0.8980085703531203,0.4666666666666667,-569.3008648180253,-0.05059705093444079,-4.513143079432945,72.18962692814013,183,1.0383787112186575,0.5412473435531263,0.4371584699453552,190.02330415301435,0.040010154920212836,0.8538527739452065,13.150083297776012,0.23839847256021926,82.05203344471218
gold,bn,5,12,0,hip3_standard,899,-17.28946732805506,-16.607515869960135,0.15239154616240266,-15543.2311279215,-0.5538916654485495,-1.9817856479494795,38.68156754327057,365,-18.95173726259753,-11.206828891220557,0.11232876712328767,-6917.384100848099,-0.5865922338039999,-4.761213023470759,70.21833985184665,534,-16.153271586279782,-12.269658634423362,0.1797752808988764,-8625.847027073403,-0.5309600572612697,0.29910432896749706,10.421057150688648,1.7105326719449367,87.40464907760474
gold,bn,5,12,0,hip3_growth,899,-1.0894673280550629,-1.046495279303257,0.41379310344827586,-979.4311279215015,-0.03490257168357097,-1.9817856479494802,38.681567543270575,365,-2.7517372625975316,-1.6271990387069923,0.410958904109589,-1004.384100848099,-0.0851714903675039,-4.761213023470759,70.21833985184665,534,0.04672841372021976,0.03549384295390568,0.4157303370786517,24.952972926597354,0.0015359688031054968,0.29910432896749706,10.421057150688648,1.7105326719449367,87.40464907760474
gold,bn,5,12,0,zero,899,0.7105326719449369,0.6825070085475068,0.4783092324805339,638.7688720784982,0.02276288317920442,-1.981785647949479,38.68156754327056,365,-0.951737262597531,-0.5627957217610402,0.4794520547945205,-347.3841008480988,-0.02945807443011542,-4.761213023470758,70.21833985184665,534,1.8467284137202193,1.4027330071069348,0.47752808988764045,986.1529729265972,0.06070219392136939,0.299104328967497,10.421057150688648,1.7105326719449367,87.40464907760474
gold,bn,5,36,1,hip3_standard,308,-18.39286471275621,-7.024277948429148,0.1525974025974026,-5665.002331528913,-0.4002453821078544,-3.025254757697387,45.510114878848036,216,-19.499009785075604,-5.977379850916247,0.13425925925925927,-4211.7861135763305,-0.4067091842649497,-3.9260463487337773,53.05635914225394,92,-15.795828456006317,-3.6921277380616733,0.1956521739130435,-1453.2162179525812,-0.38493092596290135,0.5222848700295788,6.50821053445854,0.6071352872437926,162.64300235081168
gold,bn,5,36,1,hip3_growth,308,-2.192864712756207,-0.8374601502407086,0.4253246753246753,-675.4023315289118,-0.04771872074170307,-3.025254757697387,45.510114878848036,216,-3.299009785075603,-1.0113044115901493,0.4398148148148148,-712.5861135763303,-0.06881054952837355,-3.9260463487337773,53.05635914225394,92,0.40417154399367955,0.09447133290098839,0.391304347826087,37.18378204741852,0.009849317312520221,0.5222848700295789,6.50821053445854,0.6071352872437926,162.64300235081168
gold,bn,5,36,1,zero,308,-0.39286471275620766,-0.15003595044199344,0.4902597402597403,-121.00233152891195,-0.008549091701019623,-3.025254757697387,45.510114878848036,216,-1.4990097850756043,-0.4595182516650278,0.5092592592592593,-323.78611357633054,-0.03126625677986513,-3.9260463487337773,53.05635914225394,92,2.2041715439936795,0.5152045630079508,0.44565217391304346,202.7837820474185,0.05371378878756707,0.5222848700295786,6.508210534458535,0.6071352872437926,162.64300235081168
gold,bn,5,36,0,hip3_standard,516,-16.256316363501067,-8.071558114934302,0.20348837209302326,-8388.25924356655,-0.35533053288769245,-1.7124178316641656,30.83697747365776,236,-17.94388417069196,-5.920064335675899,0.15677966101694915,-4234.756664283303,-0.38536336439902996,-4.277494247548754,54.83575918994522,280,-14.83393778315446,-5.5053344940232645,0.24285714285714285,-4153.502579283248,-0.32900666456060473,0.6684372820337099,7.242079690398889,2.743683636498932,189.1444110833656
gold,bn,5,36,0,hip3_growth,516,-0.056316363501067064,-0.02796210350834551,0.4786821705426357,-29.059243566550606,-0.0012309629688346856,-1.712417831664166,30.83697747365776,236,-1.7438841706919594,-0.5753440217433757,0.5127118644067796,-411.55666428330244,-0.03745170581504877,-4.277494247548754,54.83575918994522,280,1.366062216845543,0.506988067047318,0.45,382.497420716752,0.03029833211630491,0.6684372820337094,7.242079690398886,2.743683636498932,189.1444110833656
gold,bn,5,36,0,zero,516,1.743683636498932,0.8657707866500935,0.5310077519379846,899.740756433449,0.03811343368881616,-1.7124178316641656,30.83697747365776,236,0.05611582930804014,0.018513790915793346,0.5677966101694916,13.243335716697473,0.001205145138726903,-4.277494247548754,54.83575918994522,280,3.166062216845542,1.1750239071662711,0.5,886.4974207167518,0.0702211095248504,0.6684372820337094,7.242079690398886,2.743683636498932,189.1444110833656
gold,bn,8,6,1,hip3_standard,294,-19.82196079037891,-10.50767337268351,0.08163265306122448,-5827.656472371399,-0.6128199558786709,-7.509160136639634,109.10228604353965,115,-21.804624939346926,-5.149152735004797,0.043478260869565216,-2507.5318680248965,-0.48016096837557354,-6.735236858417404,70.46043653508947,179,-18.548182147187163,-12.45025916334682,0.10614525139664804,-3320.124604346502,-0.930576061254177,-1.146660567451248,15.923490029507592,-0.8219607903789085,60.74685670164399
gold,bn,8,6,1,hip3_growth,294,-3.6219607903789086,-1.9200109089329231,0.3197278911564626,-1064.8564723713991,-0.11197731017769051,-7.509160136639634,109.10228604353965,115,-5.60462493934693,-1.3235297518480822,0.34782608695652173,-644.531868024897,-0.12341978574474459,-6.735236858417404,70.46043653508947,179,-2.3481821471871624,-1.5761909206643168,0.3016759776536313,-420.32460434650204,-0.1178100406981493,-1.1466605674512476,15.923490029507589,-0.8219607903789085,60.74685670164399
gold,bn,8,6,1,zero,294,-1.8219607903789086,-0.9658261907384137,0.41496598639455784,-535.6564723713991,-0.056328127322026036,-7.509160136639634,109.10228604353965,115,-3.804624939346931,-0.8984605314973362,0.40869565217391307,-437.53186802489705,-0.08378187656354139,-6.735236858417404,70.46043653508947,179,-0.5481821471871623,-0.36796111592181646,0.41899441340782123,-98.12460434650205,-0.027502705080812873,-1.1466605674512478,15.923490029507589,-0.8219607903789085,60.74685670164399
gold,bn,8,6,0,hip3_standard,716,-18.200133386354928,-18.442707534610207,0.10614525139664804,-13031.295504630129,-0.6892363408364104,-4.506561647774599,83.35846453507314,143,-18.914558856786403,-5.7355512182649715,0.06993006993006994,-2704.7819165204555,-0.47963088792605185,-6.406000550377072,78.56897039447755,573,-18.021838722704487,-19.581070177041287,0.11518324607329843,-10326.513588109672,-0.8180109418639231,-0.5514933131558273,14.767354867447485,0.7998666136450737,57.98909577977188
gold,bn,8,6,0,hip3_growth,716,-2.0001333863549258,-2.0267914685949027,0.3435754189944134,-1432.095504630127,-0.07574475346590316,-4.5065616477746,83.35846453507314,143,-2.7145588567864016,-0.8231485320899777,0.3776223776223776,-388.18191652045545,-0.06883513830093092,-6.4060005503770725,78.56897039447755,573,-1.8218387227044883,-1.9794623861318419,0.33507853403141363,-1043.9135881096718,-0.0826932275010406,-0.5514933131558275,14.76735486744749,0.7998666136450737,57.98909577977188
gold,bn,8,6,0,zero,716,-0.20013338635492614,-0.20280079459320247,0.42877094972067037,-143.2955046301271,-0.007579021535846829,-4.5065616477746,83.35846453507314,143,-0.9145588567864013,-0.2773260114038672,0.46853146853146854,-130.78191652045538,-0.023191166120361928,-6.406000550377072,78.56897039447755,573,-0.021838722704488334,-0.023728187141903265,0.418848167539267,-12.513588109671815,-0.0009912592384980956,-0.5514933131558273,14.767354867447485,0.7998666136450737,57.98909577977188
gold,bn,8,12,1,hip3_standard,202,-16.882323105902806,-10.154871950614792,0.13366336633663367,-3410.229267392367,-0.7144942971503078,1.0677782799561177,20.537089912453503,87,-16.761900579847225,-5.872589693653978,0.09195402298850575,-1458.2853504467087,-0.6296077022525676,2.706201572712795,22.690212838240324,115,-16.97342536474486,-8.583711881595452,0.16521739130434782,-1951.9439169456587,-0.8004352602137269,-1.4321897078063834,13.50625623132997,2.1176768940971926,91.8879537418317
gold,bn,8,12,1,hip3_growth,202,-0.6823231059028072,-0.4104235966770552,0.4207920792079208,-137.82926739236706,-0.028877303492135162,1.0677782799561186,20.537089912453492,87,-0.5619005798472236,-0.196863806604148,0.39080459770114945,-48.88535044670846,-0.02110601547161905,2.7062015727127937,22.69021283824031,115,-0.7734253647448573,-0.39113262940297033,0.4434782608695652,-88.9439169456586,-0.03647330575779466,-1.4321897078063837,13.506256231329969,2.1176768940971926,91.8879537418317
gold,bn,8,12,1,zero,202,1.1176768940971924,0.6722928870938043,0.49504950495049505,225.77073260763285,0.04730236246988401,1.0677782799561184,20.537089912453492,87,1.2380994201527755,0.4337724030680551,0.5172413793103449,107.71464955329148,0.04650528305959742,2.7062015727127937,22.690212838240317,115,1.026574635255142,0.5191539541739715,0.4782608695652174,118.05608305434133,0.04841135584842,-1.4321897078063837,13.506256231329969,2.1176768940971926,91.8879537418317
gold,bn,8,12,0,hip3_standard,510,-17.122636722354823,-11.064781336670604,0.1627450980392157,-8732.54472840096,-0.48995675285008605,-2.8181348948847247,41.9130597678478,97,-19.707779361353268,-3.9339452718180037,0.07216494845360824,-1911.654598051267,-0.3994316245585943,-4.754218155140904,48.0020680660685,413,-16.515472470580374,-10.94909168149987,0.18401937046004843,-6820.890130349694,-0.5387695798476603,-0.465553216635879,11.491459042768902,1.877363277645173,89.33428353993465
gold,bn,8,12,0,hip3_growth,510,-0.9226367223548267,-0.5962150427866255,0.39215686274509803,-470.5447284009616,-0.02640084584373802,-2.8181348948847247,41.9130597678478,97,-3.5077793613532693,-0.7002012646963646,0.41237113402061853,-340.2545980512671,-0.0710946668931164,-4.754218155140906,48.00206806606852,413,-0.3154724705803738,-0.20914551548717522,0.387409200968523,-130.29013034969438,-0.01029137802329663,-0.46555321663587895,11.491459042768906,1.877363277645173,89.33428353993465
gold,bn,8,12,0,zero,510,0.877363277645173,0.5669589898671501,0.47843137254901963,447.4552715990382,0.025105366045856208,-2.818134894884724,41.913059767847784,97,-1.7077793613532704,-0.34089637501618264,0.4742268041237113,-165.65459805126721,-0.03461278270806332,-4.754218155140904,48.0020680660685,413,1.484527529419626,0.9841818362920131,0.4794188861985472,613.1098696503055,0.04842842217941044,-0.46555321663587895,11.491459042768906,1.877363277645173,89.33428353993465
gold,bn,8,36,1,hip3_standard,112,-19.150839870953316,-3.2065568628464507,0.20535714285714285,-2144.8940655467713,-0.3029911437099699,-4.1146761973211605,37.26758623517306,55,-25.68906778337765,-2.476174975309701,0.10909090909090909,-1412.8987280857707,-0.3338873655577444,-4.74813915433812,32.45899637485825,57,-12.842023464228076,-2.1018176040182683,0.2982456140350877,-731.9953374610003,-0.278392542517112,0.9023313737721574,7.491146032574652,-0.15083987095331303,222.7469757636905
gold,bn,8,36,1,hip3_growth,112,-2.9508398709533123,-0.4940794191338651,0.49107142857142855,-330.49406554677097,-0.0466861168194091,-4.1146761973211605,37.26758623517306,55,-9.489067783377648,-0.914653360812918,0.4727272727272727,-521.8987280857706,-0.12333183401232228,-4.74813915433812,32.45899637485825,57,3.3579765357719245,0.5495905077907405,0.5087719298245614,191.4046625389997,0.07279504107046438,0.9023313737721576,7.491146032574651,-0.15083987095331303,222.7469757636905
gold,bn,8,36,1,zero,112,-1.150839870953313,-0.19269303649913352,0.5892857142857143,-128.89406554677106,-0.018207780498235696,-4.1146761973211605,37.26758623517305,55,-7.689067783377648,-0.7411509592021646,0.5636363636363636,-422.89872808577064,-0.09993677495171985,-4.748139154338121,32.458996374858266,57,5.157976535771924,0.8441914091028524,0.6140350877192983,294.0046625389997,0.11181588369130618,0.9023313737721574,7.491146032574652,-0.15083987095331303,222.7469757636905
gold,bn,8,36,0,hip3_standard,276,-15.783827309092654,-4.951540655137747,0.2318840579710145,-4356.336337309573,-0.2980477229288131,-2.285629923759627,28.00708723100691,58,-19.87571592909464,-1.9900286726040546,0.1724137931034483,-1152.7915238874891,-0.26130356628820706,-3.9011324480705585,28.032563565461906,218,-14.695159694596708,-4.817234028817509,0.24770642201834864,-3203.5448134220824,-0.3262642572258065,0.32573505319499346,6.907489990706123,3.2161726909073476,242.2330300660024
gold,bn,8,36,0,hip3_growth,276,0.4161726909073476,0.1305574344062098,0.4673913043478261,114.86366269042793,0.00785863405884046,-2.285629923759627,28.00708723100691,58,-3.6757159290946424,-0.3680259929926955,0.5689655172413793,-213.19152388748927,-0.048324180339528094,-3.9011324480705585,28.032563565461906,218,1.50484030540329,0.49330310645010017,0.44036697247706424,328.0551865779172,0.03341070221008813,0.3257350531949937,6.907489990706123,3.2161726909073476,242.2330300660024
gold,bn,8,36,0,zero,276,2.216172690907347,0.6952349999110936,0.5362318840579711,611.6636626904278,0.04184822927969084,-2.285629923759627,28.00708723100691,58,-1.8757159290946415,-0.18780347303587772,0.6206896551724138,-108.7915238874892,-0.02465980412300819,-3.9011324480705576,28.032563565461906,218,3.3048403054032893,1.083362788146501,0.5137614678899083,720.4551865779171,0.07337458659185418,0.3257350531949937,6.907489990706123,3.2161726909073476,242.2330300660024
gold,ok,1,6,1,hip3_standard,2225,-19.38973827480495,-41.112432527915246,0.10112359550561797,-43142.16766144102,-0.8715818264298935,-2.265387939262455,69.87565403485168,1601,-19.777207234102853,-34.82460544075179,0.09868831980012492,-31663.308781798667,-0.8703431962539167,-3.329384007837006,84.4111591164501,624,-18.39560717891402,-21.925370765447497,0.10737179487179487,-11478.858879642348,-0.8777172855407844,1.2509812973144085,16.10027549070066,-0.3897382748049504,44.60145222139326
gold,ok,1,6,1,hip3_growth,2225,-3.18973827480495,-6.7632630077853095,0.3393258426966292,-7097.1676614410135,-0.1433808890035573,-2.265387939262456,69.87565403485168,1601,-3.5772072341028522,-6.298909094334819,0.3510306058713304,-5727.108781798666,-0.15742354018635743,-3.329384007837006,84.4111591164501,624,-2.1956071789140195,-2.616902012788577,0.3092948717948718,-1370.058879642348,-0.10475992199916284,1.2509812973144088,16.100275490700657,-0.3897382748049504,44.60145222139326
gold,ok,1,6,1,zero,2225,-1.3897382748049503,-2.9466886166597623,0.4130337078651685,-3092.1676614410144,-0.062469673733964434,-2.2653879392624563,69.87565403485168,1601,-1.7772072341028526,-3.129387278066268,0.41911305434103685,-2845.308781798667,-0.07821024506773974,-3.3293840078370063,84.4111591164501,624,-0.39560717891401936,-0.47151659582647465,0.3974358974358974,-246.85887964234809,-0.018875770494538213,1.2509812973144088,16.100275490700657,-0.3897382748049504,44.60145222139326
gold,ok,1,6,0,hip3_standard,3404,-19.499829379994683,-53.200989611705836,0.08901292596944771,-66377.4192095019,-0.911853218080297,-1.6416295841301136,46.68898545697867,2061,-20.063356769413698,-42.637235085768964,0.08199902959728288,-41350.578301761634,-0.9391826005550832,-2.712831972802546,65.19636912670252,1343,-18.63502673696222,-31.91492845990728,0.09977661950856292,-25026.84090774026,-0.8708750910009068,-0.012310739680078446,18.26093396375286,-0.4998293799946814,45.050226821993725
gold,ok,1,6,0,hip3_growth,3404,-3.2998293799946814,-9.002857673493482,0.3337250293772033,-11232.619209501896,-0.1543069931858492,-1.6416295841301147,46.6889854569787,2061,-3.863356769413698,-8.210134161039612,0.33575934012615233,-7962.3783017616315,-0.18084697886155732,-2.7128319728025465,65.19636912670252,1343,-2.4350267369622216,-4.170302796183657,0.33060312732688013,-3270.2409077402635,-0.11379667767985746,-0.012310739680078694,18.26093396375286,-0.4998293799946814,45.050226821993725
gold,ok,1,6,0,zero,3404,-1.4998293799946814,-4.09195412480322,0.4115746180963572,-5105.419209501895,-0.07013519041979945,-1.6416295841301138,46.68898545697867,2061,-2.0633567694136983,-4.384900724958574,0.4148471615720524,-4252.578301761632,-0.09658746534005444,-2.712831972802546,65.19636912670252,1343,-0.6350267369622214,-1.0875666113254767,0.40655249441548774,-852.8409077402634,-0.02967685397751864,-0.012310739680078411,18.26093396375286,-0.4998293799946814,45.050226821993725
gold,ok,1,12,1,hip3_standard,1461,-19.969415052868772,-26.143849296665532,0.13347022587268995,-29175.315392241275,-0.6839816073428225,-2.124529100074042,39.94723115907527,1060,-20.446719145848636,-22.309194548265797,0.12924528301886792,-21673.522294599556,-0.6852214635749142,-2.697351495195814,46.413423994286525,401,-18.707713460453164,-13.66364629265385,0.14463840399002495,-7501.793097641718,-0.6823299346193811,-0.13315441756001548,14.51405267267467,-0.969415052868769,72.43793346276523
gold,ok,1,12,1,hip3_growth,1461,-3.769415052868769,-4.9348976330995,0.36960985626283366,-5507.115392241271,-0.1291079663464168,-2.124529100074042,39.94723115907525,1060,-4.246719145848635,-4.633549418896278,0.36981132075471695,-4501.522294599553,-0.14231833908183877,-2.697351495195815,46.41342399428653,401,-2.5077134604531626,-1.8315712285946573,0.3690773067331671,-1005.5930976417183,-0.09146430241901406,-0.13315441756001548,14.51405267267467,-0.969415052868769,72.43793346276523
gold,ok,1,12,1,zero,1461,-1.9694150528687688,-2.5783474482588304,0.4401095140314853,-2877.315392241271,-0.0674553395690384,-2.1245291000740414,39.94723115907525,1060,-2.446719145848635,-2.669588848966331,0.439622641509434,-2593.522294599553,-0.08199576969371929,-2.697351495195814,46.41342399428653,401,-0.7077134604531632,-0.5168962214769699,0.44139650872817954,-283.7930976417184,-0.025812565507862203,-0.13315441756001525,14.51405267267467,-0.969415052868769,72.43793346276523
gold,ok,1,12,0,hip3_standard,2129,-19.255072506566698,-31.105823441068853,0.1385627054955378,-40994.0493664805,-0.6741458600714355,-1.7204383355234383,37.56018507767409,1246,-20.25289002673141,-25.052785514804206,0.12359550561797752,-25235.100973307337,-0.7097362689544114,-3.007764716965694,53.37893346652882,883,-17.847053672902792,-18.571466260541115,0.159682899207248,-15758.948393173165,-0.6249796001802529,0.08215421344885586,14.966165694055567,-0.2550725065666973,80.60004409986692
gold,ok,1,12,0,hip3_growth,2129,-3.055072506566697,-4.935351240901243,0.3781117895725693,-6504.249366480498,-0.10696217746350287,-1.720438335523439,37.5601850776741,1246,-4.052890026731408,-5.013417068910923,0.3780096308186196,-5049.900973307334,-0.14202827558231335,-3.0077647169656947,53.37893346652882,883,-1.6470536729027898,-1.7139076441539813,0.3782559456398641,-1454.3483931731635,-0.05767758448158332,0.0821542134488549,14.966165694055567,-0.2550725065666973,80.60004409986692
gold,ok,1,12,0,zero,2129,-1.255072506566697,-2.027520996438174,0.44903710662282764,-2672.049366480498,-0.043941768284843696,-1.7204383355234387,37.56018507767409,1246,-2.2528900267314085,-2.7868205749227815,0.44863563402889245,-2807.100973307335,-0.07894960965208025,-3.007764716965694,53.37893346652882,883,0.15294632709721018,0.1591544243334778,0.44960362400906,135.05160682683658,0.00535597281826885,0.08215421344885575,14.966165694055567,-0.2550725065666973,80.60004409986692
gold,ok,1,36,1,hip3_standard,735,-20.22239568322899,-12.074617397817477,0.16054421768707483,-14863.460827173307,-0.44537897231974694,-1.21381478838326,30.274765096241584,543,-21.309667993971118,-10.864935157839758,0.16206261510128914,-11571.149720726316,-0.46625899580351526,-1.9245911296643692,36.64986512290481,192,-17.14745367941141,-5.3365574264827895,0.15625,-3292.3111064469904,-0.38513285834071687,0.9721223579332323,9.568987173041728,-1.2223956832289886,163.93735785097508
gold,ok,1,36,1,hip3_growth,735,-4.022395683228988,-2.401737640704075,0.4013605442176871,-2956.460827173307,-0.0885894274705369,-1.2138147883832595,30.27476509624157,543,-5.109667993971116,-2.605212406326173,0.40331491712707185,-2774.549720726316,-0.11180036537558287,-1.9245911296643683,36.64986512290479,192,-0.9474536794114075,-0.2948624946677765,0.3958333333333333,-181.91110644699023,-0.021279867583795666,0.9721223579332325,9.568987173041728,-1.2223956832289886,163.93735785097508
gold,ok,1,36,1,zero,735,-2.2223956832289886,-1.3269732232470304,0.4557823129251701,-1633.4608271733066,-0.04894614470951358,-1.213814788383259,30.274765096241573,543,-3.3096679939711167,-1.687465433935775,0.4548802946593002,-1797.1497207263164,-0.07241607310581262,-1.9245911296643683,36.64986512290479,192,0.8525463205885931,0.26532583108944735,0.4583333333333333,163.68889355300988,0.0191482425003067,0.9721223579332323,9.568987173041728,-1.2223956832289886,163.93735785097508
gold,ok,1,36,0,hip3_standard,1073,-18.63463697305612,-15.125869679796903,0.17520969245107176,-19994.965472089218,-0.46176444854147447,-1.213444506468559,21.429382632608796,611,-21.291739684997847,-13.245965530166714,0.14402618657937807,-13009.252947533685,-0.5358744063875592,-2.5059188537363846,31.866532583454866,462,-15.120589879990328,-7.937988354782061,0.21645021645021645,-6985.712524555532,-0.3693086413225822,0.3124442740197442,8.701495353650683,0.3653630269438793,169.06624908755825
gold,ok,1,36,0,hip3_growth,1073,-2.4346369730561204,-1.9762124491777815,0.42870456663560114,-2612.3654720892173,-0.060330061749390124,-1.2134445064685597,21.429382632608792,611,-5.091739684997851,-3.167660762055305,0.41734860883797054,-3111.052947533687,-0.12814983752129586,-2.5059188537363846,31.866532583454866,462,1.0794101200096728,0.5666673741352855,0.44372294372294374,498.6874754444688,0.026363752209042298,0.31244427401974406,8.701495353650683,0.3653630269438793,169.06624908755825
gold,ok,1,36,0,zero,1073,-0.6346369730561207,-0.5151394235534351,0.48555452003727867,-680.9654720892174,-0.015726240994714095,-1.2134445064685593,21.429382632608796,611,-3.2917396849978506,-2.0478491211540373,0.4795417348608838,-2011.2529475336867,-0.08284710764726659,-2.505918853736383,31.86653258345485,462,2.8794101200096733,1.5116291217927686,0.4935064935064935,1330.287475444469,0.07032735149033392,0.31244427401974395,8.701495353650683,0.3653630269438793,169.06624908755825
gold,ok,2,6,1,hip3_standard,2148,-19.678763792593237,-39.93112864352445,0.09636871508379888,-42269.98462649027,-0.8615776948037167,-1.9916899609403054,66.72995153464028,1541,-20.014238498064863,-33.89396255697733,0.09669046073977937,-30841.941525517956,-0.8634178562134045,-3.2601149746690234,81.04091397464195,607,-18.827089128455214,-21.132521420639957,0.09555189456342669,-11428.043100972314,-0.8577425849284163,1.820754887218429,20.210977530256844,-0.6787637925932364,43.06425630207945
gold,ok,2,6,1,hip3_growth,2148,-3.4787637925932358,-7.058927379104948,0.329608938547486,-7472.38462649027,-0.15230760025267548,-1.9916899609403067,66.7299515346403,1541,-3.814238498064865,-6.459384245335728,0.34717715768981183,-5877.741525517957,-0.164546936292591,-3.2601149746690234,81.04091397464195,607,-2.6270891284552134,-2.948783898680433,0.28500823723228996,-1594.6431009723146,-0.1196874463441501,1.820754887218429,20.210977530256844,-0.6787637925932364,43.06425630207945
gold,ok,2,6,1,zero,2148,-1.6787637925932364,-3.4064605719472265,0.41154562383612664,-3605.9846264902717,-0.07349981196922649,-1.9916899609403054,66.72995153464028,1541,-2.014238498064865,-3.4110977662644384,0.42504866969500327,-3103.9415255179574,-0.08689461185694508,-3.2601149746690234,81.04091397464195,607,-0.8270891284552132,-0.9283686184627076,0.3772652388797364,-502.04310097231445,-0.03768131983478718,1.820754887218429,20.210977530256844,-0.6787637925932364,43.06425630207945
gold,ok,2,6,0,hip3_standard,3250,-19.55877181740055,-51.21697113531209,0.09076923076923077,-63566.00840655179,-0.8984051051768422,-1.8182599748982355,46.56897819192094,1970,-20.047936860801933,-41.30890912978923,0.08426395939086294,-39494.43561577981,-0.9307019275339027,-2.7236167122037305,65.940552087924,1280,-18.80591624279061,-30.434741162729,0.10078125,-24071.572790771977,-0.8506768764684128,-0.5379466726755758,19.499945371165882,-0.5587718174005495,45.979508468553846
gold,ok,2,6,0,hip3_growth,3250,-3.358771817400549,-8.79534363547612,0.33692307692307694,-10916.008406551784,-0.15428053336110745,-1.818259974898236,46.56897819192094,1970,-3.847936860801932,-7.928699856932568,0.34060913705583756,-7580.4356157798065,-0.17863595033458515,-2.723616712203731,65.940552087924,1280,-2.605916242790608,-4.2173104100411845,0.33125,-3335.5727907719784,-0.11787740948836999,-0.5379466726755755,19.499945371165882,-0.5587718174005495,45.979508468553846
gold,ok,2,6,0,zero,3250,-1.5587718174005494,-4.081829468827681,0.41507692307692307,-5066.008406551786,-0.07160002538158139,-1.818259974898236,46.568978191920934,1970,-2.0479368608019324,-4.219787715504051,0.4203045685279188,-4034.4356157798065,-0.09507306397910543,-2.723616712203731,65.940552087924,1280,-0.8059162427906085,-1.3042625486314272,0.40703125,-1031.5727907719788,-0.03645524649058745,-0.5379466726755758,19.499945371165882,-0.5587718174005495,45.979508468553846
gold,ok,2,12,1,hip3_standard,1409,-19.908836065032226,-25.366901599151046,0.13555713271823988,-28051.550015630404,-0.6757902593416216,-2.2142237605211053,39.760048119724225,1023,-20.471254346524628,-21.734350495497246,0.13294232649071358,-20942.093196494694,-0.679530335952047,-2.8238127358229663,45.93007966888123,386,-18.41828191485935,-13.110447132026843,0.14248704663212436,-7109.456819135708,-0.667304189132171,-0.07017545330039168,14.959199395519766,-0.908836065032222,73.3916786828247
gold,ok,2,12,1,hip3_growth,1409,-3.7088360650322225,-4.725624300774646,0.37189496096522356,-5225.750015630401,-0.12589361216580133,-2.214223760521106,39.760048119724225,1023,-4.271254346524627,-4.534794861680881,0.37438905180840665,-4369.493196494693,-0.1417815856273245,-2.8238127358229668,45.93007966888123,386,-2.2182819148593484,-1.579010892716963,0.36528497409326427,-856.2568191357085,-0.08036953833720713,-0.07017545330039227,14.95919939551977,-0.908836065032222,73.3916786828247
gold,ok,2,12,1,zero,1409,-1.9088360650322223,-2.4321490453994903,0.44073811213626685,-2689.550015630401,-0.0647939847018213,-2.2142237605211057,39.760048119724225,1023,-2.471254346524626,-2.623733124590173,0.44574780058651026,-2528.093196494692,-0.08203172448013311,-2.8238127358229663,45.93007966888123,386,-0.4182819148593481,-0.29774019946030966,0.4274611398963731,-161.45681913570837,-0.015154577137766686,-0.07017545330039227,14.95919939551977,-0.908836065032222,73.3916786828247
gold,ok,2,12,0,hip3_standard,2032,-19.4190886804367,-29.47707623943416,0.13828740157480315,-39459.588198647376,-0.653916886990424,-1.4081251148725424,34.93769436874672,1191,-20.524823762587076,-24.013827968602637,0.12762384550797648,-24445.065101241205,-0.6958337898241165,-2.871713006843335,49.122219046084794,841,-17.853178474918156,-17.301328497150397,0.15338882282996433,-15014.52309740617,-0.5965975343844965,0.563848167723716,15.545669796400285,-0.419088680436702,80.95322727317914
gold,ok,2,12,0,hip3_growth,2032,-3.219088680436702,-4.886394208103399,0.3838582677165354,-6541.188198647378,-0.10839934270334368,-1.4081251148725429,34.93769436874672,1191,-4.324823762587076,-5.059998323522765,0.38287153652392947,-5150.8651012412065,-0.14662043113509501,-2.871713006843335,49.122219046084794,841,-1.6531784749181588,-1.602077966069753,0.38525564803804996,-1390.3230974061717,-0.05524406779550873,0.5638481677237153,15.545669796400285,-0.419088680436702,80.95322727317914
gold,ok,2,12,0,zero,2032,-1.419088680436702,-2.154096204622203,0.44734251968503935,-2883.5881986473782,-0.047786282227001424,-1.4081251148725422,34.93769436874672,1191,-2.524823762587075,-2.9540172518472225,0.4475230898404702,-3007.0651012412063,-0.0855967246140926,-2.871713006843335,49.122219046084794,841,0.14682152508184063,0.14228320405031833,0.4470868014268728,123.47690259382796,0.004906317381045459,0.5638481677237162,15.54566979640028,-0.419088680436702,80.95322727317914
gold,ok,2,36,1,hip3_standard,709,-20.173375968046997,-11.665397357835735,0.17489421720733428,-14302.92356134532,-0.43810319371630935,-1.2419030848010815,29.618860545246374,527,-21.361846743480886,-10.614985098785562,0.17077798861480076,-11257.693233814427,-0.4623960135368815,-1.9001988874517282,36.258465530721416,182,-16.73203476665326,-4.954731064277675,0.18681318681318682,-3045.230327530893,-0.36726910156353576,0.749235885791404,8.710891693182855,-1.1733759680469957,166.4543194655148
gold,ok,2,36,1,hip3_growth,709,-3.9733759680469958,-2.2976327607614957,0.40479548660084624,-2817.12356134532,-0.0862894095759791,-1.2419030848010817,29.618860545246374,527,-5.1618467434808855,-2.5649901397680352,0.40417457305502846,-2720.2932338144265,-0.11173272542095611,-1.900198887451728,36.2584655307214,182,-0.5320347666532591,-0.15754743654168832,0.4065934065934066,-96.83032753089316,-0.011678192967823466,0.7492358857914034,8.710891693182854,-1.1733759680469957,166.4543194655148
gold,ok,2,36,1,zero,709,-2.173375968046996,-1.256770027753247,0.461212976022567,-1540.9235613453202,-0.04719898911594241,-1.2419030848010817,29.618860545246374,527,-3.3618467434808847,-1.670546255432754,0.4629981024667932,-1771.6932338144263,-0.07277013785251994,-1.9001988874517275,36.2584655307214,182,1.2679652333467402,0.37547296654008777,0.45604395604395603,230.7696724691067,0.02783190798725566,0.7492358857914039,8.710891693182855,-1.1733759680469957,166.4543194655148
gold,ok,2,36,0,hip3_standard,1018,-18.95281061478689,-14.628442931172598,0.1738703339882122,-19293.961205853055,-0.4584840299161861,-1.2166986682731298,20.494692928753846,583,-21.878143773843725,-12.869533196778875,0.13893653516295026,-12754.957820150892,-0.5330016053689607,-2.320016388831733,29.39920438810331,435,-15.032191691269338,-7.564048165305529,0.2206896551724138,-6539.003385702162,-0.36266835059318514,0.18659625473155636,8.618013292360478,0.04718938521311201,171.26406625482977
gold,ok,2,36,0,hip3_growth,1018,-2.752810614786888,-2.124715631744782,0.44106090373280943,-2802.3612058530516,-0.06659274605312873,-1.216698668273131,20.494692928753842,583,-5.678143773843724,-3.340094139107427,0.4219554030874786,-3310.357820150891,-0.13833256505941505,-2.3200163888317324,29.3992043881033,435,1.1678083087306639,0.5876294339842091,0.4666666666666667,507.9966142978388,0.028174674846805643,0.1865962547315564,8.618013292360475,0.04718938521311201,171.26406625482977
gold,ok,2,36,0,zero,1018,-0.952810614786888,-0.7354125984750253,0.4901768172888016,-969.961205853052,-0.023049270068344594,-1.21669866827313,20.494692928753846,583,-3.8781437738437234,-2.2812675771439332,0.4716981132075472,-2260.9578201508907,-0.09448044946946554,-2.320016388831733,29.39920438810331,435,2.967808308730664,1.4933713894608465,0.5149425287356322,1290.9966142978387,0.07160167767347128,0.18659625473155636,8.618013292360478,0.04718938521311201,171.26406625482977
gold,ok,3,6,1,hip3_standard,2029,-19.46983904482489,-38.39724964860601,0.10004928536224741,-39504.303421949706,-0.8524307228730484,-2.116660442636421,69.71979365788847,1443,-19.770822885409274,-31.932099031643336,0.0990990990990991,-28529.29742364558,-0.8406095157569093,-3.0447522342826474,82.93613146493944,586,-18.72867917799339,-21.51180497651965,0.10238907849829351,-10975.005998304125,-0.8886444727150768,1.1166099394559892,15.645300569384966,-0.4698390448248932,43.29938013111549
gold,ok,3,6,1,hip3_growth,2029,-3.2698390448248933,-6.448580587946512,0.32774765894529323,-6634.503421949708,-0.14316046754374545,-2.116660442636421,69.71979365788847,1443,-3.570822885409274,-5.7672799287224485,0.34026334026334026,-5152.697423645583,-0.1518231038715535,-3.0447522342826487,82.93613146493946,586,-2.528679177993389,-2.904446854378115,0.29692832764505117,-1481.8059983041258,-0.11998159365311342,1.1166099394559894,15.645300569384963,-0.4698390448248932,43.29938013111549
gold,ok,3,6,1,zero,2029,-1.4698390448248932,-2.8987284700954556,0.4066042385411533,-2982.3034219497085,-0.06435266139604512,-2.116660442636421,69.71979365788847,1443,-1.7708228854092738,-2.8600778061756826,0.41372141372141374,-2555.297423645582,-0.0752912803287362,-3.0447522342826474,82.93613146493946,586,-0.7286791779933891,-0.8369626185846114,0.3890784982935154,-427.005998304126,-0.03457460709067305,1.1166099394559896,15.645300569384966,-0.4698390448248932,43.29938013111549
gold,ok,3,6,0,hip3_standard,3057,-19.53314898138744,-48.07706871678664,0.09224730127576054,-59712.83643610141,-0.8695413942473689,-1.3458240745765506,45.19349912435305,1842,-20.063894620032347,-38.01061435818024,0.08523344191096634,-36957.69389009958,-0.8856458178054323,-2.1666031633208984,61.6717427691507,1215,-18.728512383540608,-29.464061960933623,0.102880658436214,-22755.142546001836,-0.8452875650838472,-0.01398317002965993,17.67114970375403,-0.5331489813874438,47.54311325182095
gold,ok,3,6,0,hip3_growth,3057,-3.3331489813874438,-8.203901622526256,0.33235197906444225,-10189.436436101416,-0.14837909726033163,-1.3458240745765508,45.19349912435305,1842,-3.863894620032346,-7.32006477825391,0.3333333333333333,-7117.293890099581,-0.170557221091856,-2.1666031633208997,61.671742769150725,1215,-2.528512383540604,-3.9779051326629773,0.3308641975308642,-3072.1425460018336,-0.11412118764145716,-0.01398317002966074,17.67114970375403,-0.5331489813874438,47.54311325182095
gold,ok,3,6,0,zero,3057,-1.5331489813874437,-3.773549723163991,0.4079162577690546,-4686.8364361014155,-0.06824995315066083,-1.3458240745765502,45.19349912435305,1842,-2.0638946200323462,-3.910003713817651,0.40716612377850164,-3801.693890099582,-0.09110293256812532,-2.1666031633208984,61.6717427691507,1215,-0.7285123835406041,-1.1461099295217954,0.4090534979423868,-885.1425460018339,-0.032880479036747186,-0.013983170029660107,17.67114970375403,-0.5331489813874438,47.54311325182095
gold,ok,3,12,1,hip3_standard,1320,-19.84922852088743,-25.64411124996202,0.12954545454545455,-26200.981647571407,-0.7058309318769362,0.043016777383126564,12.914855684250723,950,-20.662242695704247,-22.919961840912126,0.1231578947368421,-19629.130560919035,-0.7436217564191226,-0.07123310819453865,12.673541842507694,370,-17.761759693655055,-11.822057268090946,0.14594594594594595,-6571.85108665237,-0.6145994917589256,0.2883825463601783,13.428486612062635,-0.8492285208874293,78.87764193930556
gold,ok,3,12,1,hip3_growth,1320,-3.6492285208874287,-4.71460248783451,0.36666666666666664,-4816.981647571406,-0.1297651626520097,0.04301677738312626,12.914855684250723,950,-4.46224269570425,-4.949822428118777,0.36947368421052634,-4239.130560919037,-0.16059344572686993,-0.0712331081945385,12.673541842507694,370,-1.5617596936550546,-1.039492305707849,0.35945945945945945,-577.8510866523702,-0.054040631701196634,0.2883825463601784,13.428486612062635,-0.8492285208874293,78.87764193930556
gold,ok,3,12,1,zero,1320,-1.849228520887429,-2.3891015142647865,0.4401515151515151,-2440.9816475714065,-0.06575785496035123,0.04301677738312627,12.914855684250723,950,-2.6622426957042493,-2.9531402711417374,0.44105263157894736,-2529.1305609190367,-0.0958125223166196,-0.07123310819453847,12.673541842507694,370,0.23824030634494567,0.15857046789027324,0.43783783783783786,88.1489133476299,0.008243686082995487,0.28838254636017824,13.428486612062635,-0.8492285208874293,78.87764193930556
gold,ok,3,12,0,hip3_standard,1898,-19.565188254894217,-28.19437734752762,0.1380400421496312,-37134.727307789224,-0.6471640793761364,-1.2112040720993917,34.997418679827035,1101,-21.02208774443612,-23.653034183469796,0.12170753860127158,-23145.31860662417,-0.7128418685762422,-2.706847955188084,52.5477423134112,797,-17.552583062942354,-15.915834908903044,0.1606022584692597,-13989.408701165057,-0.5637677970966709,0.5156501545858422,14.960256719048912,-0.5651882548942184,82.96437962599228
gold,ok,3,12,0,hip3_growth,1898,-3.365188254894218,-4.849398138564884,0.3719704952581665,-6387.127307789226,-0.11131142366397734,-1.2112040720993924,34.99741867982705,1101,-4.82208774443612,-5.425579402075589,0.3651226158038147,-5309.118606624168,-0.16351306682621033,-2.706847955188084,52.5477423134112,797,-1.352583062942355,-1.2264570207799528,0.38143036386449186,-1078.008701165057,-0.04344333657620952,0.5156501545858425,14.960256719048916,-0.5651882548942184,82.96437962599228
gold,ok,3,12,0,zero,1898,-1.5651882548942182,-2.2555115597912465,0.4367755532139094,-2970.727307789226,-0.05177223969595967,-1.2112040720993915,34.997418679827035,1101,-3.0220877444361207,-3.400306648587345,0.4305177111716621,-3327.3186066241688,-0.10247653329842905,-2.7068479551880835,52.5477423134112,797,0.44741693705764457,0.4056960779003905,0.4454203262233375,356.59129883494273,0.014370492370508404,0.5156501545858423,14.960256719048912,-0.5651882548942184,82.96437962599228
gold,ok,3,36,1,hip3_standard,653,-20.877084342171084,-11.408776635956544,0.17611026033690658,-13632.736075437719,-0.4464599300166666,-1.444015223622672,30.27626794523698,483,-21.797360616574885,-10.04135060394616,0.16563146997929606,-10528.125177805668,-0.4568972728215162,-2.0168229699447595,35.303081105257284,170,-18.26241704489441,-5.412501696770597,0.20588235294117646,-3104.6108976320493,-0.4151199303500034,0.6767994270554722,9.16529439186915,-1.8770843421710834,172.90279770250126
gold,ok,3,36,1,hip3_growth,653,-4.677084342171083,-2.555903386354311,0.3996937212863706,-3054.1360754377174,-0.10002022858478316,-1.4440152236226713,30.27626794523697,483,-5.597360616574885,-2.5785259691033375,0.40165631469979296,-2703.525177805669,-0.11732699411170652,-2.0168229699447604,35.303081105257284,170,-2.062417044894404,-0.6112463496752932,0.3941176470588235,-350.6108976320487,-0.04688045497617071,0.6767994270554717,9.165294391869152,-1.8770843421710834,172.90279770250126
gold,ok,3,36,1,zero,653,-2.8770843421710834,-1.572250803065174,0.46248085758039814,-1878.7360754377175,-0.061526928425684996,-1.444015223622671,30.27626794523697,483,-3.7973606165748843,-1.749323231898579,0.4699792960662526,-1834.1251778056692,-0.07959696314394989,-2.016822969944759,35.30308110525728,170,-0.2624170448944035,-0.07777353333137053,0.4411764705882353,-44.61089763204859,-0.005964957712411519,0.6767994270554717,9.165294391869152,-1.8770843421710834,172.90279770250126
gold,ok,3,36,0,hip3_standard,927,-18.97871039948411,-13.412532403727319,0.1779935275080906,-17593.264540321772,-0.440525362390661,-0.6955616428472294,15.481881916230643,519,-22.173224245690175,-11.633177994640842,0.14065510597302505,-11507.903383513201,-0.5106398386410073,-1.4161999925814919,20.502118692277328,408,-14.915100874530811,-7.113724733548264,0.22549019607843138,-6085.361156808571,-0.3521818533167606,0.29079412101386554,8.12069027842649,0.021289600515886502,180.5105110615786
gold,ok,3,36,0,hip3_growth,927,-2.7787103994841127,-1.9637553073504836,0.4153182308522114,-2575.8645403217724,-0.06449818664943172,-0.6955616428472295,15.48188191623064,519,-5.973224245690177,-3.13385099442741,0.3853564547206166,-3100.1033835132016,-0.13756079094264548,-1.4161999925814919,20.502118692277328,408,1.2848991254691884,0.6128298270226907,0.4534313725490196,524.2388431914288,0.03033959737446688,0.29079412101386476,8.12069027842649,0.021289600515886502,180.5105110615786
gold,ok,3,36,0,zero,927,-0.978710399484113,-0.6916689633086133,0.4627831715210356,-907.2645403217728,-0.022717389344850698,-0.6955616428472295,15.48188191623064,519,-4.173224245690176,-2.189481327737028,0.43159922928709055,-2165.9033835132013,-0.09610756342060525,-1.4161999925814919,20.502118692277328,408,3.0848991254691884,1.4713358893083524,0.5024509803921569,1258.6388431914288,0.07284198078460327,0.29079412101386554,8.12069027842649,0.021289600515886502,180.5105110615786
gold,ok,5,6,1,hip3_standard,1772,-19.367177096930828,-34.164295624001454,0.1072234762979684,-34318.63781576142,-0.8115973351803691,-2.745001132029033,67.91179973942674,1240,-19.87843497966212,-28.24503056537365,0.1032258064516129,-24649.25937478103,-0.8021049684137015,-3.8155557457839473,78.95418860646454,532,-18.175523385301496,-19.460150123257762,0.11654135338345864,-9669.378440980396,-0.843704509015642,1.1640335745091284,16.87363440398943,-0.3671770969308285,44.80049654530662
gold,ok,5,6,1,hip3_growth,1772,-3.167177096930829,-5.5869977380575,0.34650112866817157,-5612.2378157614285,-0.13272313662690205,-2.745001132029033,67.91179973942674,1240,-3.6784349796621236,-5.226644277559835,0.3564516129032258,-4561.259374781033,-0.14842672354199044,-3.815555745783946,78.9541886064645,532,-1.9755233853014946,-2.115151285330415,0.3233082706766917,-1050.9784409803951,-0.09170343832808797,1.164033574509129,16.87363440398943,-0.3671770969308285,44.80049654530662
gold,ok,5,6,1,zero,1772,-1.3671770969308288,-2.41174241739706,0.4255079006772009,-2422.6378157614286,-0.05729267012096125,-2.745001132029033,67.91179973942674,1240,-1.8784349796621236,-2.6690458011360776,0.4282258064516129,-2329.2593747810333,-0.07579580744513366,-3.8155557457839473,78.95418860646454,532,-0.17552338530149467,-0.18792919222737653,0.4191729323308271,-93.37844098039517,-0.008147763807248647,1.1640335745091286,16.87363440398943,-0.3671770969308285,44.80049654530662
gold,ok,5,6,0,hip3_standard,2627,-19.27214977512804,-42.062660698820636,0.09744956223829464,-50627.93745926136,-0.8206664975583781,-1.759172185957089,46.635295640969865,1565,-19.894070607542357,-34.06396966211398,0.0926517571884984,-31134.22050080379,-0.8610692621454858,-3.019609573190736,68.93893489950638,1062,-18.355665685929917,-24.91004143601778,0.10451977401129943,-19493.71695845757,-0.7643850625597823,-0.11682682517914086,18.11404472631957,-0.2721497751280418,48.514259069623144
gold,ok,5,6,0,hip3_growth,2627,-3.0721497751280413,-6.705157188739748,0.3460220784164446,-8070.537459261364,-0.13082144054229353,-1.759172185957088,46.63529564096983,1565,-3.694070607542359,-6.325236880245248,0.34952076677316296,-5781.220500803792,-0.1598893818715956,-3.019609573190736,68.93893489950638,1062,-2.155665685929919,-2.9254031140846415,0.3408662900188324,-2289.316958457574,-0.0897683951315678,-0.1168268251791407,18.114044726319573,-0.2721497751280418,48.514259069623144
gold,ok,5,6,0,zero,2627,-1.2721497751280417,-2.776545687619651,0.4191092500951656,-3341.937459261366,-0.054171989762728585,-1.759172185957088,46.63529564096983,1565,-1.894070607542359,-3.2431554600376096,0.4172523961661342,-2964.2205008037918,-0.08198050628560778,-3.019609573190736,68.93893489950638,1062,-0.3556656859299194,-0.4826655227587372,0.4218455743879473,-377.7169584575744,-0.014810987639543966,-0.1168268251791407,18.114044726319573,-0.2721497751280418,48.514259069623144
gold,ok,5,12,1,hip3_standard,1166,-19.5778729376525,-24.46753265289583,0.14408233276157806,-22827.799845302816,-0.7165407622119312,-0.1888923497615746,11.848728630965303,827,-20.15194103836426,-22.14145628993135,0.13905683192261184,-16665.655238727242,-0.7699338738224072,-0.2226901158969809,10.911632926779985,339,-18.177417718512018,-11.179666919644776,0.15634218289085547,-6162.144606575574,-0.6071961588499412,-0.16449189600450706,12.774694068014337,-0.5778729376525011,79.41588934391082
gold,ok,5,12,1,hip3_growth,1166,-3.3778729376525014,-4.221511533073405,0.3816466552315609,-3938.5998453028164,-0.12362852987699471,-0.1888923497615745,11.848728630965303,827,-3.95194103836426,-4.342099333992033,0.3808948004836759,-3268.255238727243,-0.15098958790088443,-0.2226901158969811,10.911632926779985,339,-1.9774177185120156,-1.2161722746490238,0.3834808259587021,-670.3446065755733,-0.0660534109803467,-0.16449189600450764,12.774694068014348,-0.5778729376525011,79.41588934391082
gold,ok,5,12,1,zero,1166,-1.5778729376525016,-1.9719536308709138,0.44596912521440824,-1839.7998453028167,-0.05774939295089067,-0.1888923497615745,11.848728630965303,827,-2.15194103836426,-2.3643930055543314,0.4486094316807739,-1779.6552387272432,-0.08221800057627081,-0.22269011589698093,10.911632926779985,339,-0.1774177185120154,-0.10911731409394006,0.43952802359882004,-60.14460657557322,-0.005926438994836187,-0.16449189600450764,12.774694068014348,-0.5778729376525011,79.41588934391082
gold,ok,5,12,0,hip3_standard,1636,-19.11029237850957,-25.466295355246007,0.1466992665036675,-31264.438331241654,-0.6296136312420962,-1.2586324986465953,29.11389599090517,942,-20.49943854854915,-21.426164675298104,0.12738853503184713,-19310.4711127333,-0.6981021685099795,-2.618842662704392,43.764814354100196,694,-17.22473662609273,-14.374385957866545,0.1729106628242075,-11953.967218508356,-0.5456442292176706,0.19791401974009099,13.657588888833125,-0.11029237850957051,84.00488020983089
gold,ok,5,12,0,hip3_growth,1636,-2.91029237850957,-3.8782433995929453,0.38753056234718825,-4761.238331241657,-0.09588339707822487,-1.2586324986465955,29.11389599090517,942,-4.299438548549151,-4.493804946626629,0.386411889596603,-4050.0711127333,-0.1464160770554367,-2.618842662704392,43.764814354100196,694,-1.0247366260927329,-0.8551631347619781,0.38904899135446686,-711.1672185083565,-0.03246154868042947,0.19791401974009099,13.657588888833125,-0.11029237850957051,84.00488020983089
gold,ok,5,12,0,zero,1636,-1.1102923785095702,-1.4795709600759392,0.45415647921760394,-1816.4383312416567,-0.03658003772668362,-1.2586324986465953,29.11389599090517,942,-2.499438548549151,-2.6124316434409094,0.44904458598726116,-2354.4711127333003,-0.08511762244937635,-2.618842662704392,43.764814354100196,694,0.7752633739072672,0.6469727344718628,0.4610951008645533,538.0327814916434,0.024558749157041784,0.19791401974009099,13.657588888833125,-0.11029237850957051,84.00488020983089
gold,ok,5,36,1,hip3_standard,565,-20.800354395918703,-10.425398458276629,0.17876106194690267,-11752.200233694068,-0.438599809558604,-1.612772156534558,29.33831886702881,413,-22.41129017873104,-9.49696255422346,0.16707021791767554,-9255.86284381592,-0.4673149768042699,-2.2119741159575907,35.71026890755539,152,-16.423272301829904,-4.419683601171379,0.21052631578947367,-2496.3373898781456,-0.3584836773651737,0.2674589963347844,7.7920495057639725,-1.8003543959187025,181.5568313056342
gold,ok,5,36,1,hip3_growth,565,-4.600354395918702,-2.3057553113685127,0.41238938053097346,-2599.2002336940664,-0.09700385500873633,-1.6127721565345587,29.338318867028825,413,-6.211290178731043,-2.6320836404503987,0.4043583535108959,-2565.262843815921,-0.12951636887701207,-2.2119741159575925,35.71026890755542,152,-0.2232723018299056,-0.060085037430906534,0.4342105263157895,-33.93738987814565,-0.0048735400803683595,0.2674589963347843,7.792049505763976,-1.8003543959187025,181.5568313056342
gold,ok,5,36,1,zero,565,-2.8003543959187027,-1.4035727394898339,0.4654867256637168,-1582.200233694067,-0.05904874894763996,-1.6127721565345587,29.338318867028825,413,-4.4112901787310435,-1.8693193166978364,0.45036319612590797,-1821.8628438159208,-0.09198319021842785,-2.211974115957592,35.71026890755541,152,1.5767276981700933,0.4243148029847013,0.506578947368421,239.6626101218542,0.034416475173498884,0.2674589963347847,7.7920495057639725,-1.8003543959187025,181.5568313056342
gold,ok,5,36,0,hip3_standard,794,-18.747634348563537,-11.687176401029152,0.20906801007556675,-14885.621672759447,-0.41476237047942127,-1.3608798947089598,23.2547324207012,443,-21.840444250221093,-10.394154870215472,0.17832957110609482,-9675.316802847945,-0.4938412011745079,-3.008105289793569,36.99050231971383,351,-14.84417341855129,-6.023451678462063,0.24786324786324787,-5210.3048699115025,-0.3215080656020945,0.4231799354416162,8.013912118441334,0.25236565143646456,190.14831030073466
gold,ok,5,36,0,hip3_growth,794,-2.547634348563536,-1.588181819817944,0.44836272040302266,-2022.8216727594477,-0.05636246375831258,-1.3608798947089604,23.25473242070121,443,-5.640444250221094,-2.684361655007129,0.42663656884875845,-2498.7168028479446,-0.12753787110620854,-3.0081052897935674,36.99050231971381,351,1.3558265814487105,0.5501657564525911,0.4757834757834758,475.89513008849735,0.029365675622510877,0.42317993544161525,8.013912118441334,0.25236565143646456,190.14831030073466
gold,ok,5,36,0,zero,794,-0.7476343485635357,-0.4660713107944764,0.49496221662468515,-593.6216727594474,-0.01654025190041161,-1.3608798947089604,23.25473242070121,443,-3.8404442502210943,-1.8277179644284243,0.4762979683972912,-1701.3168028479447,-0.08683750109861973,-3.0081052897935674,36.99050231971381,351,3.1558265814487108,1.2805676936653305,0.5185185185185185,1107.6951300884975,0.06835164686968925,0.4231799354416162,8.013912118441334,0.25236565143646456,190.14831030073466
gold,ok,8,6,1,hip3_standard,1212,-18.84933478154824,-25.469041209282423,0.10973597359735973,-22845.393755236466,-0.7315790937391142,-3.2766216400711645,71.283411904385,809,-18.84640769849011,-19.43601139756181,0.11495673671199011,-15246.743828078499,-0.683333770630607,-4.212236430719697,77.93054503580008,403,-18.85521073736469,-17.44269507620482,0.09925558312655088,-7598.6499271579705,-0.8688825308467022,0.8565599742928959,18.25908573849762,0.15066521845175743,44.49163153609736
gold,ok,8,6,1,hip3_growth,1212,-2.6493347815482426,-3.5797558646202323,0.36303630363036304,-3210.99375523647,-0.10282580053667967,-3.2766216400711636,71.283411904385,809,-2.6464076984901097,-2.7291996975407615,0.39184177997527814,-2140.943828078499,-0.09595355147601908,-4.212236430719698,77.93054503580012,403,-2.655210737364692,-2.4562987865809656,0.3052109181141439,-1070.0499271579708,-0.12235695784831203,0.8565599742928965,18.259085738497614,0.15066521845175743,44.49163153609736
gold,ok,8,6,1,zero,1212,-0.8493347815482426,-1.1476130485466551,0.4381188118811881,-1029.39375523647,-0.03296432351418691,-3.2766216400711645,71.283411904385,809,-0.8464076984901103,-0.8728872864273124,0.45982694684796044,-684.7438280784993,-0.030689082681064895,-4.212236430719697,77.93054503580008,403,-0.8552107373646922,-0.7911436432894263,0.3945409429280397,-344.649927157971,-0.03940967195960202,0.8565599742928965,18.259085738497625,0.15066521845175743,44.49163153609736
gold,ok,8,6,0,hip3_standard,1783,-18.848567693322362,-32.583835380356874,0.10487941671340438,-33606.996197193774,-0.7716609643564301,-1.7985642915374298,51.35546268711351,1020,-19.14023117992156,-24.28924688230053,0.11274509803921569,-19523.03580351999,-0.7605258204930414,-3.1606005027626534,65.87544545157013,763,-18.458663687645856,-21.780849962379374,0.09436435124508519,-14083.960393673788,-0.788519711628928,0.48061690354831516,24.447427481838808,0.15143230667763585,47.1207752703122
gold,ok,8,6,0,hip3_growth,1783,-2.648567693322364,-4.578623432671853,0.3466068424004487,-4722.396197193775,-0.10843244609597011,-1.7985642915374294,51.35546268711351,1020,-2.9402311799215566,-3.731198455694157,0.3656862745098039,-2999.035803519988,-0.11682835539075391,-3.1606005027626534,65.87544545157013,763,-2.2586636876458543,-2.665177486765461,0.3211009174311927,-1723.360393673787,-0.09648590330194058,0.48061690354831405,24.447427481838805,0.15143230667763585,47.1207752703122
gold,ok,8,6,0,zero,1783,-0.848567693322364,-1.466933216262407,0.4296130117779024,-1512.996197193775,-0.03474038851147456,-1.7985642915374294,51.35546268711351,1020,-1.140231179921557,-1.4469708527378944,0.4372549019607843,-1163.0358035199881,-0.04530641482383311,-3.1606005027626534,65.87544545157013,763,-0.45866368764585475,-0.5412138783639161,0.41939711664482304,-349.96039367378717,-0.019593257932275347,0.48061690354831493,24.447427481838808,0.15143230667763585,47.1207752703122
gold,ok,8,12,1,hip3_standard,810,-18.779850499337226,-16.53132024415395,0.15432098765432098,-15211.678904463153,-0.5808513855686367,-2.8006953144022773,43.212944444096564,549,-19.457655084025443,-13.170451698014082,0.14571948998178508,-10682.252641129968,-0.5621011809068783,-3.397970371095328,46.639008112665614,261,-17.35412361430339,-10.419583978109921,0.1724137931034483,-4529.426263333185,-0.6449560568264378,0.23091450224173235,9.597820887867554,0.22014950066277378,80.33155455022634
gold,ok,8,12,1,hip3_growth,810,-2.579850499337226,-2.2709624226289393,0.40987654320987654,-2089.6789044631532,-0.07979348595734839,-2.8006953144022773,43.212944444096564,549,-3.2576550840254437,-2.2050338927105124,0.424408014571949,-1788.4526411299685,-0.09410855325631404,-3.397970371095328,46.639008112665614,261,-1.1541236143033882,-0.6929470013940898,0.3793103448275862,-301.2262633331843,-0.04289234258754985,0.23091450224173277,9.597820887867554,0.22014950066277378,80.33155455022634
gold,ok,8,12,1,zero,810,-0.7798504993372264,-0.6864782202372717,0.4802469135802469,-631.6789044631533,-0.024120386000538584,-2.8006953144022773,43.212944444096564,549,-1.4576550840254443,-0.9866541365656716,0.49544626593806923,-800.2526411299689,-0.042109372406251344,-3.397970371095328,46.639008112665614,261,0.6458763856966111,0.38779044046322425,0.4482758620689655,168.5737366668155,0.024003625661215444,0.2309145022417325,9.597820887867554,0.22014950066277378,80.33155455022634
gold,ok,8,12,0,hip3_standard,1126,-18.851828329752006,-19.90657674187079,0.15186500888099466,-21227.15869930076,-0.5932358487764599,-1.6038591327748508,30.84709390873866,616,-19.793529844220537,-14.785727882836612,0.14935064935064934,-12192.81438403985,-0.5957339533910054,-2.656390544627113,39.59746361919393,510,-17.714400618158642,-13.366384603432635,0.15490196078431373,-9034.344315260907,-0.5918734585326942,0.17294023164775008,13.456537416693605,0.14817167024799444,86.66533698836591
gold,ok,8,12,0,hip3_growth,1126,-2.6518283297520053,-2.800196523599988,0.4058614564831261,-2985.958699300758,-0.08344865031086285,-1.6038591327748517,30.847093908738685,616,-3.5935298442205377,-2.684359729349198,0.42207792207792205,-2213.6143840398513,-0.1081559356807269,-2.656390544627113,39.59746361919393,510,-1.5144006181586411,-1.1426895858522492,0.3862745098039216,-772.344315260907,-0.050599145339119925,0.17294023164775035,13.456537416693607,0.14817167024799444,86.66533698836591
gold,ok,8,12,0,zero,1126,-0.8518283297520055,-0.8994876104587879,0.46536412078152756,-959.1586993007581,-0.02680562825912985,-1.6038591327748508,30.84709390873866,616,-1.7935298442205376,-1.3397632678505962,0.46266233766233766,-1104.8143840398511,-0.05398060037958484,-2.656390544627113,39.59746361919393,510,0.28559938184135936,0.21549874943446062,0.46862745098039216,145.65568473909326,0.009542445015721676,0.17294023164774988,13.456537416693605,0.14817167024799444,86.66533698836591
gold,ok,8,36,1,hip3_standard,399,-18.398654994808734,-7.135681162500428,0.20551378446115287,-7341.0633429286845,-0.35723087615624305,-2.0381112717446213,32.43321456109382,275,-20.2979683396686,-6.11875446607646,0.18545454545454546,-5581.941293408865,-0.3689747772415819,-2.526760823916762,34.9732617963385,124,-14.186468141288866,-3.707249221081799,0.25,-1759.1220495198195,-0.3329208080204613,0.6608803598362536,5.30907273462681,0.6013450051912652,183.1844660590225
gold,ok,8,36,1,hip3_growth,399,-2.198654994808735,-0.8527199968541648,0.45363408521303256,-877.2633429286851,-0.04268939497927628,-2.0381112717446195,32.43321456109381,275,-4.0979683396686015,-1.2353188092812137,0.4727272727272727,-1126.9412934088655,-0.07449252703371613,-2.526760823916762,34.9732617963385,124,2.0135318587111337,0.526182016586974,0.4112903225806452,249.67795048018058,0.04725254000508049,0.6608803598362536,5.30907273462681,0.6013450051912652,183.1844660590225
gold,ok,8,36,1,zero,399,-0.39865499480873495,-0.1546132006712466,0.5137844611528822,-159.06334292868524,-0.007740341515168858,-2.0381112717446213,32.43321456109382,275,-2.2979683396686026,-0.6927148474150756,0.5236363636363637,-631.9412934088657,-0.04177227701061996,-2.526760823916762,34.9732617963385,124,3.813531858711135,0.9965632652168381,0.49193548387096775,472.87795048018074,0.0894940231190296,0.6608803598362535,5.30907273462681,0.6013450051912652,183.1844660590225
gold,ok,8,36,0,hip3_standard,556,-17.244310994042948,-9.091240153386112,0.210431654676259,-9587.836912687879,-0.38555446275820704,0.08087894549296062,7.851756289490967,293,-18.789002224207373,-7.075422515665201,0.20136518771331058,-5505.17765169276,-0.41335059689838705,-0.27544750481622615,7.383555767968879,263,-15.523419243327444,-5.731753411417434,0.22053231939163498,-4082.6592609951176,-0.3534350563353196,0.5298543541492816,8.327826536855648,1.755689005957053,200.07982423462232
gold,ok,8,36,0,hip3_growth,556,-1.0443109940429465,-0.5505631419513097,0.4712230215827338,-580.6369126878783,-0.02334907810464617,0.08087894549296018,7.851756289490967,293,-2.5890022242073725,-0.9749471745052656,0.4880546075085324,-758.5776516927601,-0.05695702209075207,-0.275447504816226,7.383555767968881,263,0.6765807566725535,0.2498157138817343,0.4524714828897338,177.94073900488155,0.015404296830593113,0.5298543541492813,8.327826536855648,1.755689005957053,200.07982423462232
gold,ok,8,36,0,zero,556,0.7556890059570529,0.3984009704303344,0.5179856115107914,420.16308731212143,0.016895964634638355,0.08087894549296022,7.851756289490967,293,-0.7890022242073729,-0.29711658104305066,0.5358361774744027,-231.17765169276024,-0.017357736001014857,-0.2754475048162259,7.383555767968881,263,2.476580756672555,0.9144345055816426,0.49809885931558934,651.3407390048819,0.05638644718236123,0.5298543541492816,8.327826536855648,1.755689005957053,200.07982423462232
gold,avg,1,6,1,hip3_standard,1875,-19.15459434526417,-35.886393468117156,0.0992,-35914.864397370315,-0.8287607571624906,-2.374872648002832,74.98340487198817,1318,-19.603659181323884,-29.591250888907396,0.10166919575113809,-25837.62280098488,-0.8150901014133658,-3.555996360408514,85.35468374069256,557,-18.091995684713538,-20.62285211638654,0.0933572710951526,-10077.24159638544,-0.8738182883774864,2.1222150841982943,22.8146700214478,-0.15459434526417062,40.95015636140444
gold,avg,1,6,1,hip3_growth,1875,-2.95459434526417,-5.535472759256792,0.3536,-5539.864397370318,-0.12783626750594998,-2.374872648002832,74.98340487198817,1318,-3.4036591813238832,-5.137741471798349,0.36949924127465855,-4486.022800984878,-0.14151893182905573,-3.5559963604085163,85.35468374069262,557,-1.89199568471354,-2.156663526271819,0.31597845601436264,-1053.8415963854418,-0.09138076637011719,2.122215084198295,22.814670021447803,-0.15459434526417062,40.95015636140444
gold,avg,1,6,1,zero,1875,-1.1545943452641707,-2.163148236050086,0.4261333333333333,-2164.86439737032,-0.04995576865522325,-2.374872648002832,74.98340487198817,1318,-1.603659181323883,-2.420684869897343,0.4385432473444613,-2113.622800984878,-0.0666776907641324,-3.555996360408514,85.35468374069256,557,-0.09199568471353997,-0.10486479403684959,0.39676840215439857,-51.24159638544177,-0.004443263924853917,2.122215084198295,22.814670021447803,-0.15459434526417062,40.95015636140444
gold,avg,1,6,0,hip3_standard,2844,-19.19143117067857,-45.19879943216536,0.09353023909985936,-54580.43024940985,-0.8475437062918547,-1.4246469735408676,48.9119735316659,1662,-19.730408759503725,-35.27779674198623,0.08904933814681107,-32791.93935829519,-0.8653383355655375,-2.3204623835355958,68.9029241822548,1182,-18.433579434107155,-28.281890989895285,0.09983079526226735,-21788.49089111466,-0.8226208364604868,-0.09746175817416214,18.59643899813233,-0.19143117067856688,43.76622392592593
gold,avg,1,6,0,hip3_growth,2844,-2.991431170678566,-7.045284757355977,0.3438818565400844,-8507.630249409842,-0.1321094106513291,-1.4246469735408687,48.91197353166592,1662,-3.530408759503721,-6.312339706287599,0.3574007220216607,-5867.539358295184,-0.15483703744066707,-2.320462383535597,68.90292418225481,1182,-2.233579434107157,-3.4268900567303353,0.3248730964467005,-2640.09089111466,-0.0996761908859925,-0.09746175817416203,18.59643899813233,-0.19143117067856688,43.76622392592593
gold,avg,1,6,0,zero,2844,-1.1914311706785667,-2.8060053490438275,0.41947960618846697,-3388.430249409844,-0.05261671113571525,-1.4246469735408678,48.91197353166589,1662,-1.7304087595037205,-3.0939555912099737,0.43561973525872444,-2875.9393582951834,-0.07589244876012592,-2.3204623835355966,68.9029241822548,1182,-0.4335794341071574,-0.6652232863786746,0.39678510998307953,-512.49089111466,-0.01934900804438202,-0.09746175817416203,18.59643899813233,-0.19143117067856688,43.76622392592593
gold,avg,1,12,1,hip3_standard,1268,-18.99561763129179,-22.93357685686788,0.12697160883280756,-24086.44315647799,-0.6440390020481681,-2.839647024995497,63.36337489845032,900,-19.895597895219957,-19.234544686473555,0.12111111111111111,-17906.03810569796,-0.6411514895491185,-3.64724950908915,69.90180232210207,368,-16.794578942337033,-12.758636437750786,0.14130434782608695,-6180.405050780028,-0.6650899002462123,1.0899590992001653,13.997057893468913,0.004382368708210507,67.99811474560988
gold,avg,1,12,1,hip3_growth,1268,-2.7956176312917895,-3.3751738455732005,0.3777602523659306,-3544.843156477989,-0.09478432469600023,-2.8396470249954984,63.36337489845034,900,-3.695597895219957,-3.5728075744797834,0.3844444444444444,-3326.0381056979613,-0.11909358581599276,-3.647249509089151,69.90180232210209,368,-0.5945789423370319,-0.45169435833232946,0.36141304347826086,-218.80505078002776,-0.023546196115138016,1.0899590992001649,13.997057893468908,0.004382368708210507,67.99811474560988
gold,avg,1,12,1,zero,1268,-0.9956176312917897,-1.2020179554293469,0.4526813880126183,-1262.4431564779893,-0.03375602721242602,-2.839647024995497,63.36337489845032,900,-1.895597895219957,-1.83261456203603,0.4633333333333333,-1706.0381056979613,-0.06108715206786766,-3.64724950908915,69.90180232210207,368,1.2054210576629671,0.9157436504919427,0.4266304347826087,443.5949492199719,0.04773643767720353,1.089959099200165,13.997057893468908,0.004382368708210507,67.99811474560988
gold,avg,1,12,0,hip3_standard,1866,-18.935620901047923,-28.926620543576963,0.1345123258306538,-35333.868601355425,-0.669640757328672,-1.1051066534912022,31.5272740103111,1064,-19.97274607524383,-23.547886670547985,0.12218045112781954,-21251.001824059436,-0.7219067839723312,-2.3490604427337267,49.01062020286214,802,-17.55968426096757,-17.1312775254651,0.15087281795511223,-14082.86677729599,-0.6049264393919673,0.3070541136102234,11.993739309648216,0.06437909895207622,74.05909682847445
gold,avg,1,12,0,hip3_growth,1866,-2.735620901047923,-4.179016266179689,0.38638799571275456,-5104.6686013554245,-0.0967427084390191,-1.1051066534912022,31.5272740103111,1064,-3.772746075243829,-4.448071220747837,0.39285714285714285,-4014.2018240594343,-0.13636437251357073,-2.349060442733727,49.01062020286214,802,-1.3596842609675697,-1.3265118025737703,0.3778054862842893,-1090.4667772959908,-0.04684076014468661,0.30705411361022344,11.993739309648216,0.06437909895207622,74.05909682847445
gold,avg,1,12,0,zero,1866,-0.935620901047924,-1.4292824575799934,0.4555198285101822,-1745.868601355426,-0.03308736967350214,-1.1051066534912022,31.5272740103111,1064,-1.97274607524383,-2.325869504103377,0.46522556390977443,-2099.001824059435,-0.07130410457370848,-2.3490604427337267,49.01062020286214,802,0.44031573903243004,0.4295732777474886,0.442643391521197,353.1332227040089,0.01516875977167791,0.30705411361022344,11.993739309648216,0.06437909895207622,74.05909682847445
gold,avg,1,36,1,hip3_standard,683,-20.120597744852766,-11.789733351593723,0.17130307467057102,-13742.36825973444,-0.4511216093744886,-2.0882680041156267,33.1805088505018,492,-21.717581785662148,-10.690945608350713,0.16869918699186992,-10685.050238545777,-0.4819850510465489,-3.0271394951872415,40.70665876856969,191,-16.006900634495615,-5.115458368019535,0.17801047120418848,-3057.3180211886624,-0.370141576952955,0.6488529989300147,9.250137450440048,-1.1205977448527655,162.2318404318204
gold,avg,1,36,1,hip3_growth,683,-3.9205977448527647,-2.2972877136564422,0.40995607613469986,-2677.7682597344383,-0.08790327140357589,-2.088268004115626,33.18050885050178,492,-5.517581785662146,-2.716148019715728,0.4247967479674797,-2714.6502385457757,-0.1224534096319875,-3.0271394951872397,40.70665876856966,191,0.19309936550438594,0.061710370276175555,0.3717277486910995,36.88197881133772,0.004465205681503291,0.6488529989300141,9.250137450440048,-1.1205977448527655,162.2318404318204
gold,avg,1,36,1,zero,683,-2.1205977448527658,-1.2425715316634116,0.4582723279648609,-1448.3682597344389,-0.04754567829569673,-2.0882680041156267,33.1805088505018,492,-3.7175817856621474,-1.8300593987562859,0.46747967479674796,-1829.0502385457764,-0.08250544947481406,-3.027139495187242,40.70665876856969,191,1.9930993655043858,0.6369513411979211,0.43455497382198954,380.6819788113377,0.04608818152977643,0.6488529989300148,9.250137450440048,-1.1205977448527655,162.2318404318204
gold,avg,1,36,0,hip3_standard,993,-19.193401665763123,-13.739195183266446,0.17623363544813697,-19059.04785410278,-0.4360001804880258,-0.6432472436392568,24.56576054626793,562,-21.54700137472702,-11.381297549264492,0.1423487544483986,-12109.414772596585,-0.48009106102596355,-1.5576382983201267,34.03912217950631,431,-16.124438704190705,-7.833744523896584,0.22041763341067286,-6949.633081506194,-0.37733819619211806,0.7538456146061904,9.050934126392603,-0.19340166576312,166.88446422220545
gold,avg,1,36,0,hip3_growth,993,-2.9934016657631193,-2.142763980248272,0.40886203423967776,-2972.4478541027775,-0.06799855957133098,-0.6432472436392574,24.565760546267935,562,-5.347001374727017,-2.824328665680305,0.41637010676156583,-3005.0147725965835,-0.11913711419311131,-1.5576382983201265,34.03912217950631,431,0.0755612958092941,0.036709984026343,0.3990719257540603,32.56691849380576,0.0017682577102797283,0.7538456146061897,9.050934126392601,-0.19340166576312,166.88446422220545
gold,avg,1,36,0,zero,993,-1.19340166576312,-0.8542716243573646,0.45720040281973817,-1185.047854102778,-0.02710949058058714,-0.6432472436392569,24.565760546267935,562,-3.5470013747270173,-1.8735543452820624,0.4626334519572954,-1993.4147725965836,-0.07903112010057219,-1.5576382983201258,34.039122179506286,431,1.8755612958092942,0.9112049293511127,0.45011600928074247,808.3669184938058,0.04389119703276837,0.7538456146061904,9.050934126392603,-0.19340166576312,166.88446422220545
gold,avg,2,6,1,hip3_standard,1751,-19.320822826485912,-34.6831608093027,0.09880068532267276,-33830.760769176835,-0.8288493409519883,-2.6251318653679783,76.56545128915398,1225,-19.716764219339428,-28.385428794444074,0.10448979591836735,-24153.0361686908,-0.8110122512698308,-3.6970403324515186,87.44883720759395,526,-18.398715970505766,-20.300394664395984,0.08555133079847908,-9677.724600486034,-0.8851392701852203,1.4976444306844818,20.929456015208842,-0.3208228264859142,43.93372455852847
gold,avg,2,6,1,hip3_growth,1751,-3.1208228264859135,-5.602245873295465,0.3489434608794974,-5464.560769176835,-0.1338810446217026,-2.625131865367978,76.565451289154,1225,-3.51676421933943,-5.0629433523881,0.35918367346938773,-4308.036168690802,-0.1446555243539457,-3.6970403324515195,87.44883720759398,526,-2.1987159705057664,-2.4259737488056086,0.32509505703422054,-1156.524600486033,-0.10577748211331096,1.4976444306844812,20.929456015208835,-0.3208228264859142,43.93372455852847
gold,avg,2,6,1,zero,1751,-1.320822826485914,-2.3710331026279947,0.4214734437464306,-2312.7607691768358,-0.05666234502944866,-2.625131865367978,76.56545128915398,1225,-1.7167642193394308,-2.4715560810485475,0.42612244897959184,-2103.0361686908027,-0.07061588802995851,-3.697040332451518,87.44883720759395,526,-0.3987159705057664,-0.43992698040667805,0.41064638783269963,-209.72460048603313,-0.019181727883098812,1.4976444306844816,20.92945601520884,-0.3208228264859142,43.93372455852847
gold,avg,2,6,0,hip3_standard,2654,-18.95691811431003,-42.148570503083974,0.09834212509419744,-50311.66067537882,-0.8181489748720524,-1.3543891055476092,48.24200462348686,1527,-19.54554641900808,-32.94698902298799,0.09299279633267846,-29846.049381825338,-0.8431332424314988,-2.4201570368186998,69.98100817906932,1127,-18.15937115665793,-26.343655953160773,0.10559006211180125,-20465.611293553487,-0.7847188550277839,0.0939739913601738,18.40369241191723,0.04308188568996837,44.50241585743532
gold,avg,2,6,0,hip3_growth,2654,-2.7569181143100314,-6.129696652775513,0.3477769404672193,-7316.8606753788235,-0.11898398861185559,-1.3543891055476096,48.24200462348684,1527,-3.345546419008079,-5.639426945657619,0.3569089718402096,-5108.649381825337,-0.14431632349864598,-2.4201570368186998,69.98100817906932,1127,-1.959371156657929,-2.8424442228892035,0.33540372670807456,-2208.211293553486,-0.08467008451795134,0.09397399136017386,18.40369241191723,0.04308188568996837,44.50241585743532
gold,avg,2,6,0,zero,2654,-0.9569181143100316,-2.127599558296795,0.42577241899020346,-2539.6606753788237,-0.041298990138500406,-1.3543891055476092,48.24200462348686,1527,-1.5455464190080794,-2.6052533815098013,0.44204322200392926,-2360.049381825337,-0.06666999917277346,-2.4201570368186998,69.98100817906932,1127,-0.15937115665792928,-0.23119847508125158,0.40372670807453415,-179.6112935534863,-0.006886887794636624,0.09397399136017369,18.40369241191723,0.04308188568996837,44.50241585743532
gold,avg,2,12,1,hip3_standard,1188,-19.320849842760833,-21.89112967944485,0.13131313131313133,-22953.16961319987,-0.6351260901366611,-2.895614033186003,59.80763994204037,839,-20.377860476104495,-18.35657054113062,0.12395709177592372,-17097.024939451672,-0.6337391939507527,-3.591155144436973,65.12136600188272,349,-16.77978416546761,-12.224704872680494,0.1489971346704871,-5856.144673748196,-0.654373449153781,0.7291013768216497,13.291036973429183,-0.3208498427608327,72.12025728926768
gold,avg,2,12,1,hip3_growth,1188,-3.120849842760832,-3.5360208880019997,0.3846801346801347,-3707.5696131998684,-0.10259037126562887,-2.895614033186003,59.80763994204037,839,-4.177860476104498,-3.763456454643188,0.3778307508939213,-3505.224939451674,-0.1299289458611168,-3.591155144436973,65.12136600188272,349,-0.5797841654676084,-0.422394605484924,0.40114613180515757,-202.3446737481953,-0.022610264850877634,0.729101376821649,13.291036973429186,-0.3208498427608327,72.12025728926768
gold,avg,2,12,1,zero,1188,-1.3208498427608326,-1.496564355619461,0.4452861952861953,-1569.1696131998692,-0.043419735835514194,-2.895614033186003,59.80763994204037,839,-2.377860476104498,-2.141999333922362,0.4398092967818832,-1995.0249394516738,-0.0739500294067128,-3.591155144436973,65.12136600188272,349,1.2202158345323915,0.8889732019812502,0.4584527220630373,425.8553262518046,0.047585644516111615,0.7291013768216494,13.291036973429188,-0.3208498427608327,72.12025728926768
gold,avg,2,12,0,hip3_standard,1739,-18.676594509144863,-26.590936883656443,0.14548591144335826,-32478.597851402916,-0.637652179110375,-1.0851376453234387,29.835806082818245,975,-19.763391029163845,-21.5319004141291,0.13641025641025642,-19269.30625343475,-0.6895726922458969,-2.298095762554897,46.32509357628534,764,-17.289648688440003,-15.911094800486994,0.15706806282722513,-13209.291597968164,-0.575643207001634,0.2437859242512115,12.026159086366315,0.32340549085513814,76.4384476090186
gold,avg,2,12,0,hip3_growth,1739,-2.476594509144862,-3.5260693937985166,0.39735480161012077,-4306.797851402915,-0.08455534464571492,-1.0851376453234391,29.835806082818245,975,-3.563391029163846,-3.882257891033749,0.4,-3474.30625343475,-0.12433175773729309,-2.298095762554898,46.32509357628537,764,-1.089648688440006,-1.0027678348714655,0.39397905759162305,-832.4915979681646,-0.03627886701585284,0.24378592425121204,12.026159086366317,0.32340549085513814,76.4384476090186
gold,avg,2,12,0,zero,1739,-0.676594509144862,-0.9633063393698585,0.45888441633122484,-1176.597851402915,-0.02310014081630825,-1.0851376453234391,29.835806082818245,975,-1.7633910291638462,-1.9211864995787098,0.4635897435897436,-1719.30625343475,-0.06152720945855932,-2.298095762554897,46.32509357628534,764,0.7103513115599938,0.6537129390858157,0.45287958115183247,542.7084020318352,0.023650504093678398,0.243785924251212,12.026159086366315,0.32340549085513814,76.4384476090186
gold,avg,2,36,1,hip3_standard,646,-20.154457123477922,-11.65703681975256,0.16718266253869968,-13019.779301766737,-0.4586399793700655,-2.3595370250222536,32.391029436863796,460,-21.758415860649787,-10.52540949131919,0.1608695652173913,-10008.871295898902,-0.49074974796766896,-3.294727964779256,40.36867613013974,186,-16.187677450902342,-5.156297197471599,0.1827956989247312,-3010.9080058678355,-0.37807805410094963,0.20104688497168685,8.739000295163562,-1.1544571234779217,161.3768490130805
gold,avg,2,36,1,hip3_growth,646,-3.9544571234779218,-2.2871989063310596,0.4179566563467492,-2554.5793017667374,-0.08998863737287056,-2.3595370250222554,32.39102943686381,460,-5.558415860649786,-2.6888264031292954,0.41739130434782606,-2556.8712958989017,-0.12536717747207882,-3.294727964779258,40.36867613013975,186,0.012322549097657478,0.00392512919599937,0.41935483870967744,2.291994132164291,0.0002878044363396958,0.20104688497168624,8.739000295163557,-1.1544571234779217,161.3768490130805
gold,avg,2,36,1,zero,646,-2.154457123477922,-1.2461058048397815,0.47058823529411764,-1391.7793017667377,-0.04902737715096002,-2.359537025022255,32.39102943686381,460,-3.7584158606497877,-1.8180949488859746,0.46956521739130436,-1728.8712958989024,-0.08476911408367994,-3.294727964779258,40.36867613013975,186,1.8123225490976584,0.5772831654923996,0.4731182795698925,337.0919941321645,0.042328455384927424,0.20104688497168624,8.739000295163557,-1.1544571234779217,161.3768490130805
gold,avg,2,36,0,hip3_standard,920,-18.676018874280437,-12.84817417477614,0.18804347826086956,-17181.937364338002,-0.42359175848177083,-0.8420244362865342,27.48687140229121,503,-20.940898678208313,-10.417302368975847,0.1550695825049702,-10533.272035138782,-0.4644845550522076,-1.8730557153002396,39.37853097558557,417,-15.944041556832666,-7.615418181080079,0.2278177458033573,-6648.665329199222,-0.37292863280044625,0.6310857340254725,9.211671148137247,0.32398112571956056,172.27622381061593
gold,avg,2,36,0,hip3_growth,920,-2.476018874280439,-1.7033781113060646,0.4206521739130435,-2277.937364338004,-0.056158713270250724,-0.8420244362865341,27.48687140229121,503,-4.740898678208314,-2.358417171607244,0.4095427435387674,-2384.672035138782,-0.10515662421817303,-1.8730557153002396,39.378530975585555,417,0.2559584431673323,0.12225448452008898,0.434052757793765,106.73467080077756,0.005986827864433028,0.6310857340254722,9.21167114813725,0.32398112571956056,172.27622381061593
gold,avg,2,36,0,zero,920,-0.6760188742804397,-0.4650674375871678,0.4717391304347826,-621.9373643380045,-0.015332819357859614,-0.8420244362865346,27.48687140229121,503,-2.9408986782083146,-1.462985483010733,0.4691848906560636,-1479.2720351387823,-0.06523129856994697,-1.8730557153002392,39.378530975585555,417,2.0559584431673326,0.9819958918089968,0.4748201438848921,857.3346708007778,0.0480885457160863,0.6310857340254726,9.211671148137247,0.32398112571956056,172.27622381061593
gold,avg,3,6,1,hip3_standard,1593,-19.01695497843204,-31.371839260703318,0.10420590081607031,-30294.00928064224,-0.7860172790483618,-2.8402705856342663,73.39375754149309,1105,-19.384869645768028,-25.841105614918085,0.1085972850678733,-21420.28095857367,-0.7773738942130342,-3.778207532464308,87.33744669129416,488,-18.183869512435596,-17.91282880284035,0.0942622950819672,-8873.728322068571,-0.8108756596985327,0.1416318726503041,21.65857232162975,-0.016954978432039327,45.97697353228709
gold,avg,3,6,1,hip3_growth,1593,-2.816954978432039,-4.647066730096152,0.357187696170747,-4487.409280642238,-0.11643164165136223,-2.840270585634267,73.39375754149312,1105,-3.1848696457680243,-4.24560775439651,0.36832579185520364,-3519.280958573667,-0.12771994675920262,-3.7782075324643096,87.33744669129418,488,-1.9838695124355976,-1.9542988316722327,0.3319672131147541,-968.1283220685716,-0.08846695135773397,0.1416318726503053,21.65857232162975,-0.016954978432039327,45.97697353228709
gold,avg,3,6,1,zero,1593,-1.0169549784320393,-1.6776475600286898,0.43063402385436284,-1620.0092806422385,-0.04203323749614007,-2.840270585634267,73.39375754149312,1105,-1.3848696457680243,-1.8461079921163355,0.4343891402714932,-1530.2809585736668,-0.05553617481988803,-3.7782075324643087,87.33744669129419,488,-0.18386951243559813,-0.18112883487577544,0.42213114754098363,-89.72832206857188,-0.00819931709764524,0.14163187265030427,21.65857232162975,-0.016954978432039327,45.97697353228709
gold,avg,3,6,0,hip3_standard,2427,-18.71010751644112,-38.68946146198078,0.10506798516687268,-45409.4309424026,-0.785340141671335,-1.316901619419342,46.94368924344681,1366,-19.192757978163687,-29.51364376070776,0.10175695461200586,-26217.307398171597,-0.798541481595459,-2.2934226081282483,67.55178824762342,1061,-18.088712105778516,-25.022358138472992,0.10933081998114987,-19192.123544231006,-0.7681933508734066,0.02183806828062467,17.936864750129256,0.2898924835588785,46.02681701463398
gold,avg,3,6,0,hip3_growth,2427,-2.5101075164411215,-5.190494385852113,0.3481664606510095,-6092.030942402602,-0.10535953312079711,-1.3169016194193424,46.94368924344681,1366,-2.9927579781636884,-4.602110490323081,0.3609077598828697,-4088.107398171598,-0.12451787245264455,-2.2934226081282483,67.55178824762342,1061,-1.8887121057785141,-2.612680795343193,0.33176248821866167,-2003.9235442310035,-0.08021002672211637,0.021838068280624602,17.936864750129256,0.2898924835588785,46.02681701463398
gold,avg,3,6,0,zero,2427,-0.7101075164411216,-1.4683869329489274,0.4256283477544293,-1723.430942402602,-0.029806132170737343,-1.3169016194193415,46.9436892434468,1366,-1.1927579781636883,-1.8341623491692276,0.4428989751098097,-1629.3073981715984,-0.049626360325665156,-2.2934226081282483,67.55178824762342,1061,-0.0887121057785142,-0.12271664610654959,0.40339302544769085,-94.12354423100356,-0.0037674351497508068,0.021838068280624602,17.936864750129256,0.2898924835588785,46.02681701463398
gold,avg,3,12,1,hip3_standard,1092,-19.45509775997431,-21.192590362550987,0.13186813186813187,-21244.96675389195,-0.6413169587993688,-3.2071728012810095,64.65199405036269,763,-20.217092339778905,-17.036466904937758,0.12844036697247707,-15425.641455251305,-0.6167615127169165,-3.728445921127522,66.01007103986423,329,-17.687918840853026,-13.55325526785598,0.1398176291793313,-5819.325298640645,-0.747215150625449,0.749460323106786,13.173007144638985,-0.4550977599743124,73.42552372938036
gold,avg,3,12,1,hip3_growth,1092,-3.255097759974312,-3.545803483913412,0.3782051282051282,-3554.566753891949,-0.1073008946948679,-3.207172801281011,64.65199405036272,763,-4.0170923397789045,-3.385108973661181,0.382699868938401,-3065.0414552513043,-0.12254917307424583,-3.728445921127522,66.01007103986423,329,-1.487918840853023,-1.1401083445360751,0.3677811550151976,-489.5252986406446,-0.06285620771950676,0.7494603231067849,13.173007144638978,-0.4550977599743124,73.42552372938036
gold,avg,3,12,1,zero,1092,-1.4550977599743122,-1.5850493862870139,0.445970695970696,-1588.9667538919489,-0.04796577646103445,-3.2071728012810095,64.65199405036269,763,-2.2170923397789046,-1.8682914257415613,0.45740498034076016,-1691.6414552513043,-0.06763669089172687,-3.728445921127522,66.01007103986423,329,0.312081159146977,0.23913020249946948,0.4194528875379939,102.67470135935542,0.013183674825597914,0.7494603231067856,13.17300714463898,-0.4550977599743124,73.42552372938036
gold,avg,3,12,0,hip3_standard,1593,-18.50265533496607,-24.337846722428,0.14626490897677338,-29474.729948600954,-0.6097815273018224,-1.1258774263449043,28.545933610262793,874,-19.680613103430282,-19.363016815650813,0.13501144164759726,-17200.85585239807,-0.6549638138756,-2.2963979028362367,43.27066960721884,719,-17.070756740198725,-14.93071364531508,0.1599443671766342,-12273.874096202882,-0.5568216604582574,0.2025307497422061,11.752312556353916,0.4973446650339266,78.43715066281648
gold,avg,3,12,0,hip3_growth,1593,-2.3026553349660728,-3.028844864827514,0.39987445072190836,-3668.129948600954,-0.07588730706947885,-1.1258774263449045,28.545933610262804,874,-3.480613103430286,-3.424444639824172,0.40274599542334094,-3042.05585239807,-0.11583356782979219,-2.2963979028362367,43.27066960721884,719,-0.8707567401987262,-0.7615959702606512,0.3963838664812239,-626.0740962028841,-0.028402736991203225,0.20253074974220556,11.752312556353909,0.4973446650339266,78.43715066281648
gold,avg,3,12,0,zero,1593,-0.5026553349660733,-0.6611779917607933,0.46264908976773383,-800.7299486009548,-0.016565727043662912,-1.125877426344904,28.545933610262793,874,-1.6806131034302867,-1.6534921758434344,0.4633867276887872,-1468.8558523980705,-0.05593020715803577,-2.2963979028362362,43.27066960721884,719,0.9292432598012734,0.8127504380787296,0.4617524339360223,668.1259037971156,0.030310476727358336,0.20253074974220628,11.752312556353916,0.4973446650339266,78.43715066281648
gold,avg,3,36,1,hip3_standard,594,-19.819918917166984,-10.67364886198796,0.18013468013468015,-11773.031836797189,-0.4379451175373187,-2.2708366423726383,31.361035281443822,423,-21.48117370503948,-9.622730685911808,0.17494089834515367,-9086.5364772317,-0.46787317656235167,-3.231751017507045,38.3020411731806,171,-15.710499178745538,-4.72816736084172,0.19298245614035087,-2686.495359565487,-0.36157199498344683,0.5454597913901497,8.604436573846119,-0.8199189171669821,165.54061979208754
gold,avg,3,36,1,hip3_growth,594,-3.6199189171669817,-1.9494400351578651,0.4158249158249158,-2150.231836797187,-0.0799864935007948,-2.270836642372639,31.36103528144383,423,-5.281173705039482,-2.365760501121583,0.425531914893617,-2233.936477231701,-0.1150272117940515,-3.231751017507047,38.302041173180626,171,0.48950082125446404,0.14731815837473466,0.391812865497076,83.70464043451335,0.011265701138666465,0.5454597913901487,8.604436573846117,-0.8199189171669821,165.54061979208754
gold,avg,3,36,1,zero,594,-1.8199189171669827,-0.980083498843411,0.4663299663299663,-1081.0318367971877,-0.04021331305229219,-2.2708366423726387,31.361035281443833,423,-3.4811737050394824,-1.5594304805893362,0.475177304964539,-1472.5364772317012,-0.07582210459757371,-3.2317510175070456,38.30204117318061,171,2.289500821254464,0.6890387716210074,0.4444444444444444,391.5046404345133,0.052692111818901266,0.545459791390149,8.604436573846115,-0.8199189171669821,165.54061979208754
gold,avg,3,36,0,hip3_standard,834,-18.542884230070484,-11.516421154933761,0.19784172661870503,-15464.765447878783,-0.3987810507035745,-0.8832743447309137,25.22280397091633,449,-21.339929699821738,-9.330972546723983,0.16258351893095768,-9581.62843521996,-0.4403558205623665,-1.8045315623041422,33.97903482088856,385,-15.280875357555383,-6.823844869347571,0.23896103896103896,-5883.137012658823,-0.34777533724690407,0.600759964289406,9.075832478223017,0.45711576992951664,182.9563603498601
gold,avg,3,36,0,hip3_growth,834,-2.3428842300704833,-1.455094103806625,0.4316546762589928,-1953.965447878783,-0.050385788065764735,-0.8832743447309138,25.222803970916324,449,-5.139929699821737,-2.247455525663166,0.4209354120267261,-2307.82843521996,-0.10606398392290797,-1.8045315623041427,33.979034820888565,385,0.9191246424446154,0.4104453330636938,0.44415584415584414,353.86298734117696,0.020918231123459235,0.6007599642894061,9.075832478223017,0.45711576992951664,182.9563603498601
gold,avg,3,36,0,zero,834,-0.5428842300704836,-0.3371688759036101,0.4892086330935252,-452.76544787878333,-0.011675203328230325,-0.8832743447309138,25.222803970916324,449,-3.339929699821737,-1.4603980788786308,0.47884187082405344,-1499.62843521996,-0.06892044651852369,-1.8045315623041427,33.979034820888565,385,2.719124642444615,1.2142553555538342,0.5012987012987012,1046.862987341177,0.061884183164610716,0.6007599642894061,9.075832478223017,0.45711576992951664,182.9563603498601
gold,avg,5,6,1,hip3_standard,1161,-19.150016789282,-27.180188436250816,0.10852713178294573,-22233.1694923564,-0.7976940514266091,-4.400925592783889,94.6199391558762,788,-19.661125165397056,-21.450067713725545,0.11294416243654823,-15492.966630332881,-0.7641270233219254,-5.276908197256636,102.59957601300381,373,-18.070248959848577,-17.56422434661985,0.09919571045576407,-6740.202862023519,-0.909441063502726,0.14390144161944304,16.09376793701565,-0.15001678928199877,43.11167754994258
gold,avg,5,6,1,hip3_growth,1161,-2.9500167892819986,-4.187046575732775,0.3479758828596038,-3424.9694923564,-0.1228829650810507,-4.400925592783889,94.61993915587618,788,-3.461125165397057,-3.7760488547272364,0.35786802030456855,-2727.366630332881,-0.1345161707547702,-5.276908197256636,102.59957601300381,373,-1.8702489598485774,-1.817876023058849,0.32707774798927614,-697.6028620235194,-0.09412605254298667,0.14390144161944352,16.093767937015645,-0.15001678928199877,43.11167754994258
gold,avg,5,6,1,zero,1161,-1.1500167892819988,-1.632253035675215,0.4289405684754522,-1335.1694923564005,-0.047903955487099796,-4.400925592783889,94.6199391558762,788,-1.6611251653970571,-1.8122689815052022,0.4289340101522843,-1308.966630332881,-0.06455940935841963,-5.276908197256636,102.59957601300381,373,-0.07024895984857749,-0.06828176488540445,0.4289544235924933,-26.2028620235194,-0.003535495769682299,0.14390144161944352,16.093767937015645,-0.15001678928199877,43.11167754994258
gold,avg,5,6,0,hip3_standard,1830,-18.250194615216618,-32.48631249970556,0.10765027322404372,-33397.85614584641,-0.7594074839519653,-1.2723135945762079,48.79043594803921,962,-19.398217001491695,-23.87753396216422,0.10395010395010396,-18661.08475543501,-0.7698425927307727,-3.1077001927368877,65.9414277231127,868,-16.977847223976273,-22.116025764322043,0.11175115207373272,-14736.771390411406,-0.7506668276835683,1.5833804560529685,17.30390088249382,0.7498053847833798,46.74310308663934
gold,avg,5,6,0,hip3_growth,1830,-2.0501946152166197,-3.649454943324733,0.35628415300546445,-3751.856145846414,-0.08531049488400434,-1.2723135945762072,48.79043594803921,962,-3.198217001491693,-3.936729600747147,0.369022869022869,-3076.684755435009,-0.12692525649933026,-3.107700192736888,65.9414277231127,868,-0.7778472239762738,-1.0132550387113608,0.3421658986175115,-675.1713904114057,-0.03439211699467673,1.5833804560529685,17.303900882493817,0.7498053847833798,46.74310308663934
gold,avg,5,6,0,zero,1830,-0.2501946152166203,-0.4453596592824192,0.4262295081967213,-457.8561458464151,-0.010410829432008693,-1.2723135945762079,48.79043594803921,962,-1.3982170014916933,-1.721084671700806,0.4376299376299376,-1345.084755435009,-0.05548999691805889,-3.107700192736888,65.9414277231127,868,1.022152776023726,1.33149726413427,0.41359447004608296,887.2286095885942,0.04519396197075566,1.5833804560529687,17.303900882493828,0.7498053847833798,46.74310308663934
gold,avg,5,12,1,hip3_standard,804,-18.556349301306458,-16.785814815715163,0.15796019900497513,-14919.304838250391,-0.5919900444439498,-2.7708003554243503,50.566541927148336,553,-19.876773130052353,-14.07514719513008,0.14828209764918626,-10991.855540918952,-0.5985361415779382,-3.659143541508762,55.30877032037605,251,-15.647208355902146,-9.31299930941803,0.17928286852589642,-3927.4492973314386,-0.5878313040158366,1.335692101331776,12.858283938108817,0.44365069869354246,80.08833376237561
gold,avg,5,12,1,hip3_growth,804,-2.356349301306458,-2.131520719438347,0.4092039800995025,-1894.504838250392,-0.07517293972838017,-2.7708003554243503,50.566541927148336,553,-3.676773130052357,-2.603597810871113,0.40867992766726946,-2033.2555409189536,-0.11071624092703924,-3.6591435415087608,55.30877032037603,251,0.5527916440978555,0.32901384596144256,0.4103585657370518,138.75070266856173,0.02076716981125453,1.3356921013317762,12.858283938108816,0.44365069869354246,80.08833376237561
gold,avg,5,12,1,zero,804,-0.5563493013064575,-0.5032658198520341,0.472636815920398,-447.30483825039187,-0.01774881698220577,-2.7708003554243503,50.566541927148336,553,-1.8767731300523567,-1.3289812126201164,0.47739602169981915,-1037.8555409189532,-0.05651402974360601,-3.6591435415087608,55.30877032037603,251,2.3527916440978545,1.4003486410036055,0.46215139442231074,590.5507026685615,0.08838922245870906,1.3356921013317762,12.858283938108816,0.44365069869354246,80.08833376237561
gold,avg,5,12,0,hip3_standard,1220,-17.59652190495022,-19.97431678984414,0.16065573770491803,-21467.756724039267,-0.5718630261461143,-1.4358950486597033,31.7352159554295,620,-19.63856112060336,-15.710092234339045,0.14193548387096774,-12175.907894774082,-0.6309324870731083,-3.1612464456758547,48.692341958866315,600,-15.486414715441976,-12.527698005278697,0.18,-9291.848829265185,-0.5114411294102575,0.4926119174372716,11.588171426253444,1.403478095049781,79.870227589194
gold,avg,5,12,0,hip3_growth,1220,-1.3965219049502196,-1.585232075071895,0.4180327868852459,-1703.7567240392677,-0.045385062284354204,-1.4358950486597033,31.7352159554295,620,-3.4385611206033597,-2.7507164107566417,0.4096774193548387,-2131.907894774083,-0.11047142947245202,-3.1612464456758547,48.692341958866315,600,0.7135852845580253,0.5772531028140346,0.4266666666666667,428.15117073481514,0.023566259238879016,0.4926119174372711,11.588171426253446,1.403478095049781,79.870227589194
gold,avg,5,12,0,zero,1220,0.4034780950497807,0.45799955990279906,0.48032786885245904,492.2432759607325,0.013112489255841374,-1.4358950486597033,31.7352159554295,620,-1.6385611206033597,-1.3107857636919302,0.47096774193548385,-1015.9078947740829,-0.05264242307237909,-3.1612464456758547,48.692341958866315,600,2.5135852845580255,2.033358781491005,0.49,1508.1511707348154,0.08301152464433864,0.4926119174372716,11.588171426253444,1.403478095049781,79.870227589194
gold,avg,5,36,1,hip3_standard,431,-20.371973721274188,-8.866893828662743,0.18793503480278423,-8780.320673869175,-0.427103247103389,-3.061556124068094,36.22062203847359,303,-22.978126161783933,-8.207967247098672,0.17491749174917492,-6962.372227020532,-0.4715353978762486,-4.077924032611517,44.289034786687424,128,-14.202722241005027,-3.5914997240842026,0.21875,-1817.9484468486435,-0.31744672619119424,0.04043159994515341,7.275939877824041,-1.3719737212741887,177.3755202736272
gold,avg,5,36,1,hip3_growth,431,-4.171973721274187,-1.8158499784377051,0.4361948955916473,-1798.1206738691749,-0.08746641575162831,-3.061556124068094,36.22062203847359,303,-6.778126161783933,-2.421199933402485,0.42574257425742573,-2053.772227020532,-0.1390943018612124,-4.077924032611517,44.289034786687424,128,1.9972777589949722,0.5050596919821448,0.4609375,255.65155315135644,0.044641391638070446,0.0404315999451529,7.275939877824041,-1.3719737212741887,177.3755202736272
gold,avg,5,36,1,zero,431,-2.371973721274189,-1.032400661746035,0.4918793503480278,-1022.3206738691754,-0.04972899004587716,-3.061556124068094,36.22062203847359,303,-4.9781261617839325,-1.778225787436242,0.4752475247524752,-1508.3722270205317,-0.10215640230398616,-4.077924032611517,44.289034786687424,128,3.7972777589949733,0.9602329604339616,0.53125,486.0515531513566,0.084873404730211,0.04043159994515326,7.27593987782404,-1.3719737212741887,177.3755202736272
gold,avg,5,36,0,hip3_standard,636,-17.04530272638339,-8.960381445086874,0.21226415094339623,-10840.812533979835,-0.355302235683279,-0.9960034582360902,26.471433380855775,319,-19.690157562909995,-6.9902802733389855,0.1786833855799373,-6281.160262568289,-0.39138055745249406,-2.0780438675348707,38.12646234408683,317,-14.38376110855377,-5.63747480129146,0.24605678233438485,-4559.652271411545,-0.31663213006462626,0.5212124777076347,7.721008507355638,1.954697273616612,192.52714811061318
gold,avg,5,36,0,hip3_growth,636,-0.8453027263833877,-0.44435906985936685,0.4748427672955975,-537.6125339798346,-0.017619983249010523,-0.9960034582360904,26.471433380855775,319,-3.4901575629099977,-1.2390545624079294,0.48589341692789967,-1113.3602625682893,-0.06937373701578829,-2.0780438675348707,38.12646234408683,317,1.816238891446229,0.7118444825647652,0.4637223974763407,575.7477285884546,0.03998116935930236,0.5212124777076345,7.721008507355638,1.954697273616612,192.52714811061318
gold,avg,5,36,0,zero,636,0.9546972736166123,0.5018656384992447,0.5251572327044025,607.1874660201654,0.019900267021463743,-0.9960034582360902,26.47143338085577,319,-1.6901575629099972,-0.6000294834155896,0.5360501567398119,-539.1602625682891,-0.03359520141170986,-2.0780438675348707,38.12646234408683,317,3.616238891446229,1.4173244029932346,0.5141955835962145,1146.3477285884546,0.07960486929529442,0.5212124777076353,7.721008507355639,1.954697273616612,192.52714811061318
gold,avg,8,6,1,hip3_standard,545,-18.40517244556246,-20.418531878455447,0.09908256880733946,-10030.81898283154,-0.8746338096875894,0.9313731599480499,17.490533210120546,320,-18.387644638887938,-15.165801304704123,0.1125,-5884.04628444414,-0.8477940662643354,1.5200667163896018,17.566929107916632,225,-18.430100881721778,-13.728300728354716,0.08,-4146.7726983874,-0.915220048556981,-0.12250605764975019,17.065908231272854,0.5948275544375401,44.664373969174314
gold,avg,8,6,1,hip3_growth,545,-2.20517244556246,-2.446398370370316,0.3559633027522936,-1201.8189828315406,-0.104792192672197,0.9313731599480496,17.490533210120542,320,-2.187644638887938,-1.8043302755867374,0.375,-700.04628444414,-0.10086512875182184,1.5200667163896018,17.56692910791663,225,-2.2301008817217807,-1.6611680942673959,0.3288888888888889,-501.7726983874006,-0.11074453961782639,-0.12250605764974942,17.065908231272854,0.5948275544375401,44.664373969174314
gold,avg,8,6,1,zero,545,-0.40517244556246007,-0.44949464724974614,0.44403669724770645,-220.81898283154075,-0.0192542352260423,0.9313731599480499,17.490533210120542,320,-0.3876446388879375,-0.3197223834625832,0.45,-124.04628444414,-0.017873024583764763,1.5200667163896018,17.566929107916632,225,-0.4301008817217804,-0.3203755793688042,0.43555555555555553,-96.7726983874006,-0.02135837195792028,-0.12250605764974955,17.065908231272854,0.5948275544375401,44.664373969174314
gold,avg,8,6,0,hip3_standard,940,-17.858032821976085,-20.799067587590496,0.11170212765957446,-16786.55085265752,-0.6783907840360607,-3.1603235160372942,67.0297367362726,378,-18.01555471378555,-11.207508049485538,0.10846560846560846,-6809.879681810939,-0.576452012254243,-4.560457109948774,77.87295856304304,562,-17.752083933890713,-18.755476616839648,0.11387900355871886,-9976.671170846581,-0.7911520307812439,-0.2539164398494508,15.683117681754311,1.141967178023914,51.40683413226951
gold,avg,8,6,0,hip3_growth,940,-1.658032821976086,-1.9310938147837944,0.3627659574468085,-1558.5508526575209,-0.06298533535416667,-3.1603235160372942,67.02973673627262,378,-1.8155547137855519,-1.1294597580979706,0.3862433862433862,-686.2796818109387,-0.05809314144063028,-4.560457109948774,77.87295856304304,562,-1.552083933890716,-1.639811643402915,0.3469750889679715,-872.2711708465823,-0.06917127931647044,-0.2539164398494506,15.683117681754311,1.141967178023914,51.40683413226951
gold,avg,8,6,0,zero,940,0.14196717802391384,0.16534771552806088,0.451063829787234,133.44914734247902,0.005393047832710434,-3.160323516037294,67.0297367362726,378,-0.015554713785552208,-0.0096766146104634,0.47883597883597884,-5.8796818109387345,-0.0004977113502288753,-4.560457109948774,77.87295856304304,562,0.24791606610928416,0.26192890920116674,0.43238434163701067,139.3288291534177,0.011048804179615521,-0.2539164398494506,15.683117681754311,1.141967178023914,51.40683413226951
gold,avg,8,12,1,hip3_standard,380,-18.701136833166647,-10.350648735865397,0.15263157894736842,-7106.431996603325,-0.5309770766517732,-4.607767187756155,63.21340461881676,229,-19.690487937439446,-7.259708156148672,0.16593886462882096,-4509.121737673633,-0.4797350183458565,-4.837090356580061,55.57482223410521,151,-17.200730191587354,-8.85462671371119,0.13245033112582782,-2597.3102589296905,-0.7205793026344964,0.3195275836715662,13.553831453826108,0.2988631668333561,79.44408275149124
gold,avg,8,12,1,hip3_growth,380,-2.501136833166644,-1.3843216608377198,0.4236842105263158,-950.4319966033247,-0.07101420281710337,-4.607767187756155,63.21340461881676,229,-3.4904879374394495,-1.2869119256403219,0.4366812227074236,-799.321737673634,-0.08504153376106019,-4.837090356580061,55.57482223410521,151,-1.000730191587356,-0.5151579141669556,0.40397350993377484,-151.11025892969076,-0.0419229564993692,0.3195275836715668,13.553831453826104,0.2988631668333561,79.44408275149124
gold,avg,8,12,1,zero,380,-0.7011368331666438,-0.3880630969457556,0.5078947368421053,-266.43199660332465,-0.019907216835473387,-4.607767187756155,63.21340461881676,229,-1.69048793743945,-0.6232679000282829,0.537117903930131,-387.121737673634,-0.04118670214052727,-4.837090356580061,55.57482223410521,151,0.7992698084126428,0.4114497302268477,0.46357615894039733,120.68974107030907,0.033483304182311574,0.3195275836715667,13.553831453826104,0.2988631668333561,79.44408275149124
gold,avg,8,12,0,hip3_standard,664,-16.870865883709644,-12.852843662631303,0.1716867469879518,-11202.254946783203,-0.4987870682786297,-2.0735527487364958,36.81051797591674,261,-18.148892414679196,-7.5404392721490465,0.1532567049808429,-4736.86092023127,-0.46674147354841344,-3.7308866888697034,46.9698281931914,403,-16.04316135620827,-10.692917439955764,0.18362282878411912,-6465.394026551932,-0.5326521576380795,0.39790031444393564,11.432154338931683,2.1291341162903583,80.30662930356426
gold,avg,8,12,0,hip3_growth,664,-0.6708658837096418,-0.5110902061191097,0.40512048192771083,-445.45494678320216,-0.01983414660813525,-2.0735527487364958,36.81051797591673,261,-1.948892414679195,-0.8097191037924916,0.4329501915708812,-508.6609202312699,-0.050120354269055374,-3.7308866888697034,46.969828193191404,403,0.15683864379173101,0.10453442636545149,0.3870967741935484,63.205973448067596,0.005207230679903859,0.39790031444393564,11.432154338931683,2.1291341162903583,80.30662930356426
gold,avg,8,12,0,zero,664,1.1291341162903583,0.860215733493356,0.4879518072289157,749.7450532167979,0.03338284468858635,-2.0735527487364958,36.81051797591674,261,-0.14889241467919528,-0.06186130730843008,0.5134099616858238,-38.86092023126997,-0.0038291187935711518,-3.7308866888697034,46.969828193191404,403,1.9568386437917311,1.304251300401142,0.47146401985111663,788.6059734480676,0.06496938493745757,0.39790031444393564,11.432154338931683,2.1291341162903583,80.30662930356426
gold,avg,8,36,1,hip3_standard,212,-17.476181480121834,-4.611956841326596,0.22169811320754718,-3704.950473785829,-0.3167504963158179,-3.107150044319873,36.59960502646768,140,-19.419980628594015,-3.7794573420792537,0.20714285714285716,-2718.797288003162,-0.31942244532232117,-3.4468164384134723,36.58236820971917,72,-13.696572024759266,-2.7483418006919855,0.25,-986.1531857826672,-0.3238951873812917,-0.1905507555506969,6.274035426572253,1.5238185198781644,196.8636702806604
gold,avg,8,36,1,hip3_growth,212,-1.2761814801218354,-0.33678374848171744,0.5235849056603774,-270.5504737858291,-0.023130402810101074,-3.107150044319874,36.5996050264677,140,-3.219980628594014,-0.6266627995588115,0.5071428571428571,-450.79728800316195,-0.05296267313272131,-3.4468164384134745,36.58236820971919,72,2.503427975240734,0.5023356017066423,0.5555555555555556,180.24681421733283,0.059200818399698575,-0.19055075555069678,6.274035426572253,1.5238185198781644,196.8636702806604
gold,avg,8,36,1,zero,212,0.5238185198781643,0.13823548405660238,0.5754716981132075,111.04952621417084,0.009494052023867456,-3.107150044319874,36.5996050264677,140,-1.4199806285940149,-0.2763522948343183,0.5714285714285714,-198.7972880031621,-0.02335603177832135,-3.4468164384134723,36.58236820971918,72,4.303427975240734,0.8635219797509343,0.5833333333333334,309.84681421733285,0.10176704126425304,-0.1905507555506969,6.274035426572253,1.5238185198781644,196.8636702806604
gold,avg,8,36,0,hip3_standard,361,-15.81307277661903,-5.845288695686268,0.24376731301939059,-5708.51927235947,-0.307646773457172,-1.8267596592750235,28.532809066784683,145,-18.313072054462758,-3.6043701888726964,0.21379310344827587,-2655.3954478971,-0.29932665190544844,-2.952167980576158,32.23265765263452,216,-14.134832520659119,-4.753721806947191,0.2638888888888889,-3053.1238244623696,-0.3234498001711628,0.5481474406506134,7.498962418178714,3.1869272233809705,205.47023662179132
gold,avg,8,36,0,hip3_growth,361,0.38692722338097035,0.14302731397190424,0.5096952908587258,139.6807276405303,0.007527753366942328,-1.8267596592750235,28.532809066784687,145,-2.113072054462759,-0.41589384333741636,0.5793103448275863,-306.39544789710004,-0.034538103788171896,-2.952167980576158,32.23265765263452,216,2.0651674793408827,0.6945417759419715,0.46296296296296297,446.07617553763066,0.047257582114007546,0.5481474406506127,7.498962418178713,3.1869272233809705,205.47023662179132
gold,avg,8,36,0,zero,361,2.1869272233809705,0.808395759489479,0.5623268698060941,789.4807276405303,0.042547145236288365,-1.8267596592750235,28.532809066784683,145,-0.31307205446276126,-0.061618693833496746,0.6206896551724138,-45.39544789710038,-0.0051171539973634255,-2.952167980576158,32.23265765263452,216,3.8651674793408826,1.2999043962629895,0.5231481481481481,834.8761755376306,0.08844729125680424,0.5481474406506134,7.498962418178714,3.1869272233809705,205.47023662179132
wti,bn,1,6,1,hip3_standard,1990,-19.06440144067719,-16.179452589626774,0.23115577889447236,-37938.15886694761,-0.36269142310227026,1.1392673266530122,19.4025043825301,1388,-18.163600846520907,-12.207916211151371,0.2442363112391931,-25211.07797497102,-0.3276776397682655,1.2215825333872328,17.58043545192945,602,-21.141330385343174,-11.465944201358772,0.2009966777408638,-12727.080891976591,-0.4673169981841184,0.6598256658370765,25.31447152704477,-0.06440144067719371,40.11742072197655
wti,bn,1,6,1,hip3_growth,1990,-2.8644014406771934,-2.430941640171897,0.4396984924623116,-5700.158866947615,-0.05449391307081612,1.1392673266530118,19.402504382530104,1388,-1.96360084652091,-1.3197534348518078,0.45244956772334294,-2725.4779749710233,-0.03542403823293571,1.2215825333872328,17.58043545192945,602,-4.941330385343174,-2.679917367835212,0.41029900332225916,-2974.680891976591,-0.1092252777202442,0.6598256658370765,25.31447152704477,-0.06440144067719371,40.11742072197655
wti,bn,1,6,1,zero,1990,-1.0644014406771936,-0.9033293124546881,0.47537688442211057,-2118.158866947615,-0.020249745289543437,1.1392673266530124,19.402504382530104,1388,-0.16360084652091042,-0.10995757081852316,0.4812680115273775,-227.07797497102365,-0.002951415840121285,1.2215825333872328,17.58043545192945,602,-3.141330385343174,-1.7036921641103724,0.46179401993355484,-1891.080891976591,-0.06943730877981373,0.6598256658370765,25.31447152704477,-0.06440144067719371,40.11742072197655
wti,bn,1,6,0,hip3_standard,3029,-19.629533013280113,-23.15923600774511,0.2202046880158468,-59457.855497225464,-0.420798896087326,0.5630024053266154,20.35402040389447,1771,-19.10754028480156,-17.03009807492746,0.233201581027668,-33839.45384438356,-0.40467639122617144,1.2447740215965246,21.08542543998735,1258,-20.36438923119388,-15.75523392882376,0.20190779014308427,-25618.4016528419,-0.44420611752043104,-0.4889605951438123,19.04779412056272,-0.6295330132801125,38.97135758960053
wti,bn,1,6,0,hip3_growth,3029,-3.4295330132801127,-4.046217726991934,0.4387586662264774,-10388.055497225461,-0.07351900348861949,0.5630024053266147,20.354020403894467,1771,-2.9075402848015592,-2.5914217878875103,0.43817052512704685,-5149.253844383561,-0.06157846024451962,1.2447740215965244,21.08542543998735,1258,-4.164389231193879,-3.2218460255921753,0.4395866454689984,-5238.801652841899,-0.09083735098713182,-0.4889605951438129,19.04779412056272,-0.6295330132801125,38.97135758960053
wti,bn,1,6,0,zero,3029,-1.6295330132801125,-1.9225490291304692,0.4721030042918455,-4935.855497225461,-0.03493234875542988,0.5630024053266154,20.35402040389447,1771,-1.1075402848015594,-0.9871244226608488,0.4618859401468097,-1961.4538443835618,-0.023456467913224966,1.244774021596525,21.08542543998735,1258,-2.3643892311938792,-1.8292473696775549,0.4864864864864865,-2974.4016528419,-0.05157415470565412,-0.4889605951438123,19.04779412056272,-0.6295330132801125,38.97135758960053
wti,bn,1,12,1,hip3_standard,1474,-19.490636583386397,-11.866882708323049,0.26051560379918587,-28729.19832391155,-0.30909210205533033,0.693632130846739,16.62246853431231,1026,-17.832985756108222,-8.638690748750193,0.2807017543859649,-18296.643385767034,-0.26969583953071574,0.8512411351193865,15.631183773097204,448,-23.286952986929737,-8.915312363860373,0.21428571428571427,-10432.554938144522,-0.4212089174148917,-0.03626568286985416,18.95424273109359,-0.4906365833863994,61.894986809373584
wti,bn,1,12,1,hip3_growth,1474,-3.2906365833863993,-2.003505539888253,0.45386702849389415,-4850.398323911552,-0.05218453354807537,0.6936321308467392,16.62246853431231,1026,-1.6329857561082177,-0.7910542371908172,0.47368421052631576,-1675.4433857670315,-0.024696339158149984,0.8512411351193861,15.631183773097204,448,-7.086952986929734,-2.713210252192901,0.40848214285714285,-3174.954938144521,-0.12818713539166526,-0.03626568286985436,18.95424273109359,-0.4906365833863994,61.894986809373584
wti,bn,1,12,1,zero,1474,-1.4906365833863993,-0.9075747433954977,0.48507462686567165,-2197.1983239115525,-0.023639248158380366,0.6936321308467394,16.62246853431231,1026,0.16701424389178157,0.08090537520466834,0.4980506822612086,171.3566142329679,0.0025258275499128588,0.8512411351193864,15.631183773097204,448,-5.286952986929732,-2.0240877953409595,0.45535714285714285,-2368.55493814452,-0.09562915961130677,-0.03626568286985437,18.954242731093593,-0.4906365833863994,61.894986809373584
wti,bn,1,12,0,hip3_standard,2172,-19.25448837195807,-15.47903597302509,0.2541436464088398,-41820.74874389293,-0.3321345071986674,0.25305206344184394,15.350171346970052,1238,-18.844660341403277,-11.11155141177665,0.2649434571890145,-23329.689502657257,-0.31580163757408136,0.40365758517319594,17.049813342258854,934,-19.797707967061747,-10.86941121882328,0.2398286937901499,-18491.05924123567,-0.35565799960188604,0.0015616576303016457,12.163198875090062,-0.2544883719580708,58.9426029461019
wti,bn,1,12,0,hip3_growth,2172,-3.0544883719580707,-2.4555591649780957,0.4544198895027624,-6634.34874389293,-0.052689065041159784,0.2530520634418436,15.350171346970049,1238,-2.6446603414032754,-1.559395543236468,0.4491114701130856,-3274.089502657255,-0.04431961370019529,0.4036575851731956,17.049813342258854,934,-3.59770796706175,-1.975227001241326,0.4614561027837259,-3360.2592412356744,-0.06463140181912955,0.0015616576303018772,12.163198875090062,-0.2544883719580708,58.9426029461019
wti,bn,1,12,0,zero,2172,-1.2544883719580706,-1.0085061863062075,0.47928176795580113,-2724.7487438929293,-0.021639571468103386,0.253052063441844,15.350171346970052,1238,-0.844660341403276,-0.4980448911764479,0.47092084006462037,-1045.6895026572556,-0.014154944380874624,0.40365758517319583,17.04981334225885,934,-1.7977079670617497,-0.9869843103988862,0.49036402569593146,-1679.0592412356743,-0.03229511317660104,0.0015616576303018543,12.163198875090062,-0.2544883719580708,58.9426029461019
wti,bn,1,36,1,hip3_standard,968,-17.20052939070246,-7.002238007677233,0.29132231404958675,-16650.11245019998,-0.22506045357776144,0.5987353269906447,11.98833228227802,663,-14.565519933139184,-4.7224225644616835,0.3092006033182504,-9656.939715671278,-0.18340369502938775,0.7025304203420063,11.224113051650757,305,-22.928435195176064,-5.781556290438855,0.25245901639344265,-6993.1727345287,-0.33105095016471564,0.17493660045228093,13.977131639240543,1.799470609297542,111.29988800619836
wti,bn,1,36,1,hip3_growth,968,-1.0005293907024566,-0.40730984310063534,0.4669421487603306,-968.512450199978,-0.013091434186385817,0.5987353269906447,11.98833228227802,663,1.6344800668608188,0.5299299705288876,0.497737556561086,1083.6602843287228,0.02058077467129236,0.7025304203420059,11.224113051650754,305,-6.728435195176068,-1.6966193504415326,0.4,-2052.172734528701,-0.09714814140274987,0.17493660045228093,13.977131639240543,1.799470609297542,111.29988800619836
wti,bn,1,36,1,zero,968,0.7994706092975425,0.3254599529634306,0.49793388429752067,773.8875498000211,0.010460679079322572,0.5987353269906447,11.98833228227802,663,3.434480066860818,1.1135246966389505,0.5233785822021116,2277.0602843287224,0.043245715749145694,0.7025304203420059,11.224113051650754,305,-4.9284351951760685,-1.2427374682196077,0.4426229508196721,-1503.1727345287009,-0.07115894042919813,0.17493660045228093,13.977131639240543,1.799470609297542,111.29988800619836
wti,bn,1,36,0,hip3_standard,1420,-17.54409653727557,-9.07728751523575,0.27816901408450706,-24912.617082931312,-0.24088619929343938,-0.1883960443846852,17.69345188812155,794,-17.16328805496577,-6.724198996943031,0.28463476070528965,-13627.65071564282,-0.23863289299730675,0.6211522026282305,13.65420540446015,626,-18.027102823144563,-6.093286235137795,0.26996805111821087,-11284.966367288496,-0.24353669791663873,-1.1296046485618672,22.190226210686482,1.4559034627244263,115.18056062557511
wti,bn,1,36,0,hip3_growth,1420,-1.3440965372755742,-0.6954334006975221,0.47183098591549294,-1908.6170829313153,-0.01845488627242043,-0.18839604438468496,17.69345188812155,794,-0.9632880549657667,-0.3773950860828182,0.47732997481108314,-764.8507156428188,-0.013393250443042105,0.6211522026282298,13.654205404460152,626,-1.8271028231445607,-0.6175734721030542,0.46485623003194887,-1143.766367288495,-0.02468320021626064,-1.1296046485618672,22.190226210686482,1.4559034627244263,115.18056062557511
wti,bn,1,36,0,zero,1420,0.45590346272442617,0.23588372314005912,0.49859154929577465,647.3829170686852,0.0062597040632483515,-0.18839604438468496,17.69345188812155,794,0.836711945034233,0.3278053484572052,0.5,664.349284357181,0.011633376507431736,0.6211522026282305,13.65420540446015,626,-0.02710282314456162,-0.009160942876972188,0.4968051118210863,-16.966367288495576,-0.0003661449162186463,-1.1296046485618672,22.190226210686482,1.4559034627244263,115.18056062557511
wti,bn,2,6,1,hip3_standard,1780,-19.222405956979294,-16.930855199277026,0.23595505617977527,-34215.882603423146,-0.40129975471485835,0.56006307206738,14.252850674022582,1249,-18.367662061450854,-12.727306440300623,0.24899919935948758,-22941.20991475212,-0.360126667095533,0.8682402444942285,13.060956326229427,531,-21.232905251734508,-12.346908528160604,0.20527306967984935,-11274.672688671024,-0.5358101917536919,-1.1391218956831113,17.147106958919196,-0.22240595697929413,37.978767045308985
wti,bn,2,6,1,hip3_growth,1780,-3.0224059569792936,-2.6620974359595793,0.4438202247191011,-5379.882603423142,-0.06309776059766023,0.56006307206738,14.252850674022582,1249,-2.1676620614508555,-1.5020147486816073,0.45476381104883906,-2707.4099147521188,-0.04250039612924298,0.8682402444942285,13.060956326229427,531,-5.032905251734508,-2.926628270476026,0.4180790960451977,-2672.472688671024,-0.12700484912632196,-1.1391218956831113,17.147106958919196,-0.22240595697929413,37.978767045308985
wti,bn,2,6,1,zero,1780,-1.2224059569792942,-1.076679906702086,0.4848314606741573,-2175.882603423144,-0.02551976125130489,0.56006307206738,14.252850674022582,1249,-0.3676620614508564,-0.25476011627949496,0.4875900720576461,-459.20991475211963,-0.00720858824409966,0.8682402444942285,13.060956326229427,531,-3.2329052517345094,-1.879930464066629,0.4783427495291902,-1716.6726886710244,-0.08158203327883642,-1.1391218956831113,17.147106958919196,-0.22240595697929413,37.978767045308985
wti,bn,2,6,0,hip3_standard,2661,-19.03710948680151,-21.19818877200295,0.23111612175873733,-50657.748344378815,-0.4109380142608211,0.7642913888578853,19.671375787677928,1570,-18.424976125417135,-15.749455804150772,0.24968152866242038,-28927.212516904903,-0.39748040702175164,1.430169517785397,19.7271078520756,1091,-19.917998008683696,-14.21187753049637,0.20439963336388633,-21730.535827473912,-0.4302680329147514,-0.197682807494209,19.486668064114962,-0.03710948680151002,40.156430098465485
wti,bn,2,6,0,hip3_growth,2661,-2.8371094868015097,-3.1591761611580353,0.45208568207440814,-7549.548344378817,-0.06124228783550651,0.7642913888578853,19.671375787677928,1570,-2.2249761254171356,-1.9018837752634787,0.4535031847133758,-3493.2125169049027,-0.04799921638565818,1.4301695177853964,19.7271078520756,1091,-3.7179980086836975,-2.652863622890485,0.45004582951420713,-4056.335827473914,-0.08031608843819832,-0.19768280749420886,19.48666806411497,-0.03710948680151002,40.156430098465485
wti,bn,2,6,0,zero,2661,-1.0371094868015103,-1.1548414266197125,0.48027057497181513,-2759.7483443788187,-0.022387207121582677,0.7642913888578853,19.671375787677928,1570,-0.42497612541713636,-0.3632646609426689,0.47197452229299364,-667.2125169049041,-0.009167972981647815,1.4301695177853972,19.7271078520756,1091,-1.917998008683698,-1.3685287442676088,0.4922089825847846,-2092.5358274739147,-0.04143253905191464,-0.19768280749420897,19.48666806411497,-0.03710948680151002,40.156430098465485
wti,bn,2,12,1,hip3_standard,1325,-20.779849799308913,-12.611250280518076,0.27169811320754716,-27533.30098408431,-0.34645769012600514,-0.2375359808890815,13.843431926467677,925,-18.744151766411846,-9.01436079952496,0.2951351351351351,-17338.340383930958,-0.2963903573294029,0.027080328613809906,13.677161712210228,400,-25.48740150038339,-9.914683303383189,0.2175,-10194.960600153356,-0.4957341651691594,-1.5103452022376485,11.958951444845006,-1.779849799308915,58.155724394088054
wti,bn,2,12,1,hip3_growth,1325,-4.5798497993089144,-2.7795019032421537,0.4573584905660377,-6068.3009840843115,-0.07635878978515934,-0.23753598088908182,13.843431926467677,925,-2.544151766411845,-1.2235230613252395,0.47135135135135137,-2353.3403839309567,-0.04022919044532399,0.027080328613809525,13.677161712210232,400,-9.287401500383389,-3.6128298361950333,0.425,-3714.9606001533557,-0.18064149180975167,-1.510345202237648,11.958951444845006,-1.779849799308915,58.155724394088054
wti,bn,2,12,1,zero,1325,-2.779849799308915,-1.6870854168781624,0.48452830188679247,-3683.3009840843124,-0.0463478008583987,-0.23753598088908134,13.843431926467677,925,-0.7441517664118453,-0.35787442374749306,0.4962162162162162,-688.3403839309569,-0.011766838569315234,0.027080328613809906,13.677161712210228,400,-7.487401500383389,-2.9126238953963495,0.4575,-2994.9606001533557,-0.14563119476981745,-1.5103452022376485,11.958951444845006,-1.779849799308915,58.155724394088054
wti,bn,2,12,0,hip3_standard,1918,-19.017698943410586,-14.293323950855534,0.26173096976016685,-36475.94657346151,-0.3263690260579596,0.16804373089188127,15.467743331343566,1102,-18.501771876418324,-10.376556862847492,0.27586206896551724,-20388.952607812993,-0.3125809257509032,0.19573906220171242,17.641846389283025,816,-19.71445338927514,-9.874149993607803,0.2426470588235294,-16086.993965648513,-0.3456643895688576,0.12323213206307627,12.008360032394354,-0.01769894341058857,62.97458381385993
wti,bn,2,12,0,hip3_growth,1918,-2.817698943410589,-2.117726435463712,0.4608967674661105,-5404.346573461509,-0.04835546417165731,0.16804373089188068,15.467743331343565,1102,-2.301771876418327,-1.2909286159451678,0.45462794918330307,-2536.552607812996,-0.038887625942208785,0.19573906220171217,17.641846389283025,816,-3.514453389275139,-1.7602435749055254,0.4693627450980392,-2867.793965648513,-0.06162085052446184,0.12323213206307572,12.008360032394352,-0.01769894341058857,62.97458381385993
wti,bn,2,12,0,zero,1918,-1.017698943410589,-0.7648822670868427,0.4859228362877998,-1951.9465734615098,-0.01746506840651261,0.16804373089188135,15.467743331343566,1102,-0.5017718764183272,-0.2814143662893541,0.47368421052631576,-552.9526078129966,-0.008477259296798297,0.19573906220171264,17.641846389283025,816,-1.714453389275139,-0.8586984172719397,0.5024509803921569,-1398.9939656485135,-0.030060457297306765,0.12323213206307627,12.008360032394354,-0.01769894341058857,62.97458381385993
wti,bn,2,36,1,hip3_standard,884,-18.290432606012036,-6.98987820034551,0.2997737556561086,-16168.742423714639,-0.2350950449360165,0.23143653575794618,13.873488042153442,604,-14.952753861560684,-4.3881655835672335,0.32781456953642385,-9031.463332382653,-0.1785519253541912,0.40548722258272124,13.406666268907474,280,-25.490282469042807,-6.809994306785891,0.2392857142857143,-7137.279091331986,-0.40697500124374186,-0.9633921049405462,10.9648683231157,0.7095673939879654,108.32011651789216
wti,bn,2,36,1,hip3_growth,884,-2.0904326060120346,-0.7988804648202841,0.4660633484162896,-1847.9424237146386,-0.02686925771698666,0.2314365357579459,13.873488042153445,604,1.2472461384393199,0.3660277317214732,0.48841059602649006,753.3366676173492,0.014893457183256053,0.4054872225827204,13.406666268907477,280,-9.290282469042811,-2.481995670289253,0.41785714285714287,-2601.2790913319873,-0.1483276116686905,-0.9633921049405456,10.964868323115695,0.7095673939879654,108.32011651789216
wti,bn,2,36,1,zero,884,-0.29043260601203486,-0.11099182753970356,0.49434389140271495,-256.7424237146388,-0.003733059137094462,0.231436535757946,13.873488042153442,604,3.0472461384393186,0.8942714334202179,0.5099337748344371,1840.5366676173485,0.036387388576305725,0.405487222582721,13.406666268907474,280,-7.4902824690428105,-2.0011069329007376,0.4607142857142857,-2097.279091331987,-0.11958901282701812,-0.9633921049405457,10.964868323115695,0.7095673939879654,108.32011651789216
wti,bn,2,36,0,hip3_standard,1257,-16.815485280729128,-7.843805639283046,0.294351630867144,-21137.064997876514,-0.22123772551445708,-0.27622894053127955,17.266598683947436,705,-16.141317900812993,-5.685095771597379,0.30638297872340425,-11379.62912007316,-0.21411309377325616,0.4917222673949749,13.81676826098196,552,-17.67651427138289,-5.404064082507105,0.27898550724637683,-9757.435877803355,-0.2300122421436479,-1.2013649198936165,21.267730985765255,2.184514719270873,117.73466654171308
wti,bn,2,36,0,hip3_growth,1257,-0.615485280729127,-0.28710125430703604,0.48766905330151156,-773.6649978765126,-0.008097807546011828,-0.27622894053128016,17.266598683947436,705,0.05868209918701058,0.02066828470925095,0.48652482269503544,41.37087992684246,0.0007784126354024086,0.4917222673949746,13.816768260981963,552,-1.4765142713828885,-0.4513999546962253,0.4891304347826087,-815.0358778033544,-0.019212857970968254,-1.2013649198936158,21.26773098576524,2.184514719270873,117.73466654171308
wti,bn,2,36,0,zero,1257,1.1845147192708725,0.5525325662458537,0.5107398568019093,1488.9350021234868,0.015584405561593193,-0.27622894053127955,17.266598683947436,705,1.8586820991870099,0.6546420687433205,0.5035460992907801,1310.370879926842,0.0246552466808089,0.4917222673949745,13.816768260981958,552,0.3234857286171114,0.09889605950498351,0.519927536231884,178.56412219664549,0.004209295825996152,-1.2013649198936165,21.267730985765255,2.184514719270873,117.73466654171308
wti,bn,3,6,1,hip3_standard,1529,-18.901810648898575,-15.755700965018127,0.249836494440811,-28900.868482165923,-0.4029340664864409,0.7685036236303752,13.982841177652256,1085,-18.130496232635593,-11.859768792823546,0.2654377880184332,-19671.58841240962,-0.36004878806532586,0.8072057464899239,13.84628797945372,444,-20.78666682377546,-11.788260959707237,0.21171171171171171,-9229.280069756303,-0.5594461072961576,0.29103761884457674,7.9093440932299135,0.09818935110142459,36.80346137308698
wti,bn,3,6,1,hip3_growth,1529,-2.7018106488985754,-2.2521080884189293,0.4551994767822106,-4131.0684821659215,-0.057595093499707095,0.7685036236303749,13.982841177652256,1085,-1.9304962326355937,-1.2628026657793692,0.4663594470046083,-2094.588412409619,-0.03833722033895382,0.8072057464899237,13.84628797945372,444,-4.586666823775456,-2.6011301336707597,0.42792792792792794,-2036.4800697563023,-0.1234441732183184,0.2910376188445767,7.9093440932299135,0.09818935110142459,36.80346137308698
wti,bn,3,6,1,zero,1529,-0.9018106488985753,-0.7517088799079075,0.4924787442773054,-1378.8684821659217,-0.019224096501181114,0.7685036236303754,13.982841177652256,1085,-0.1304962326355948,-0.08536198499668364,0.4967741935483871,-141.58841240962033,-0.0025914905915791703,0.8072057464899243,13.84628797945372,444,-2.786666823775456,-1.5803378196667068,0.481981981981982,-1237.2800697563025,-0.07499951387633629,0.2910376188445766,7.90934409322991,0.09818935110142459,36.80346137308698
wti,bn,3,6,0,hip3_standard,2247,-19.22721534188798,-20.431741524275843,0.2421005785491767,-43203.55287322229,-0.43102637863698756,-0.0620324181551436,13.98549170302857,1332,-18.249309653651355,-15.080219889847912,0.25975975975975973,-24308.080458663608,-0.4131954797055173,0.8091383722043067,13.431674121921784,915,-20.650789524107857,-13.810944892552147,0.21639344262295082,-18895.472414558688,-0.45657575437269654,-1.239217733884995,14.485994433188148,-0.22721534188798,38.848026721836526
wti,bn,3,6,0,hip3_growth,2247,-3.0272153418879797,-3.216861116077985,0.4490431686693369,-6802.1528732222905,-0.06786264380810657,-0.06203241815514428,13.985491703028568,1332,-2.049309653651356,-1.693436123665488,0.45495495495495497,-2729.6804586636063,-0.04639986396615267,0.8091383722043064,13.431674121921775,915,-4.450789524107851,-2.9766226988097437,0.44043715846994536,-4072.472414558684,-0.09840411099785432,-1.2392177338849955,14.485994433188145,-0.22721534188798,38.848026721836526
wti,bn,3,6,0,zero,2247,-1.22721534188798,-1.3040966262782236,0.4766355140186916,-2757.552873222291,-0.0275111177160087,-0.06203241815514376,13.98549170302857,1332,-0.24930965365135646,-0.2060157052007742,0.47822822822822825,-332.0804586636068,-0.005644795550667717,0.8091383722043067,13.431674121921784,915,-2.650789524107852,-1.7728091217272561,0.4743169398907104,-2425.4724145586842,-0.058607261733983014,-1.2392177338849952,14.485994433188148,-0.22721534188798,38.848026721836526
wti,bn,3,12,1,hip3_standard,1122,-19.410584810777937,-10.591673047195387,0.29590017825311943,-21778.676157692847,-0.3162045665879796,0.10000036716026295,14.291208321439965,795,-17.60307521711716,-7.619014133283216,0.3182389937106918,-13994.444797608141,-0.27021858462305065,0.2534790593879674,14.517165887500342,327,-23.80498886876057,-8.451193039262906,0.2415902140672783,-7784.2313600847065,-0.46735204297187705,-0.8551107603899701,8.569693198823376,-0.41058481077793896,59.329199581966726
wti,bn,3,12,1,hip3_growth,1122,-3.2105848107779393,-1.7519031465332102,0.48128342245989303,-3602.276157692848,-0.052301442150382155,0.10000036716026255,14.291208321439967,795,-1.4030752171171579,-0.6072830898819364,0.4930817610062893,-1115.4447976081406,-0.021538111643152367,0.2534790593879665,14.517165887500342,327,-7.604988868760572,-2.69990586198865,0.4525993883792049,-2486.831360084707,-0.14930513533059636,-0.8551107603899705,8.569693198823376,-0.41058481077793896,59.329199581966726
wti,bn,3,12,1,zero,1122,-1.4105848107779388,-0.7697064909040789,0.5089126559714795,-1582.6761576928475,-0.022978872768426868,0.100000367160263,14.291208321439965,795,0.3969247828828415,0.17179813716265016,0.5132075471698113,315.555202391859,0.006093052021280769,0.2534790593879674,14.517165887500342,327,-5.804988868760572,-2.0608739534026217,0.4984709480122324,-1898.231360084707,-0.11396659003712074,-0.8551107603899701,8.569693198823376,-0.41058481077793896,59.329199581966726
wti,bn,3,12,0,hip3_standard,1600,-19.353067841181506,-13.277980024883474,0.28,-30964.90854589041,-0.33194950062208683,-0.40143887430947894,12.654743852037903,921,-18.68977259523261,-9.593126361132386,0.3007600434310532,-17213.280560209234,-0.3161042609317545,-0.36584597876990005,15.221706930357557,679,-20.252765811017927,-9.226929742976218,0.25184094256259204,-13751.627985681173,-0.35409706465263163,-0.4579189307896038,8.646156592672174,-0.3530678411815034,61.230561050572916
wti,bn,3,12,0,hip3_growth,1600,-3.1530678411815036,-2.1632938072599925,0.46375,-5044.908545890406,-0.054082345181499805,-0.4014388743094794,12.654743852037903,921,-2.489772595232608,-1.2779557907859957,0.46796959826275786,-2293.080560209232,-0.04211007502065033,-0.36584597876990105,15.221706930357557,679,-4.052765811017928,-1.8463940062277826,0.4580265095729013,-2751.8279856811732,-0.07085809863190543,-0.45791893078960355,8.646156592672174,-0.3530678411815034,61.230561050572916
wti,bn,3,12,0,zero,1600,-1.3530678411815031,-0.9283286719684943,0.485,-2164.908545890405,-0.023208216799212356,-0.401438874309479,12.654743852037903,921,-0.6897725952326077,-0.35404794963639696,0.48751357220412594,-635.2805602092317,-0.011666276586083203,-0.3658459787699002,15.22170693035756,679,-2.252765811017929,-1.026334479922401,0.48159057437407954,-1529.6279856811736,-0.0393871024073803,-0.4579189307896038,8.646156592672174,-0.3530678411815034,61.230561050572916
wti,bn,3,36,1,hip3_standard,744,-16.788679374816798,-5.695531281509928,0.3239247311827957,-12490.777454863699,-0.20880830773682554,0.37336931352356895,13.58042615033648,514,-14.706713253127212,-3.79248597198665,0.3463035019455253,-7559.2506121073875,-0.16727938516098045,0.4401482407113774,12.733343346868418,230,-21.441421055462214,-5.398811558288687,0.27391304347826084,-4931.52684275631,-0.3559870921079041,-0.44761888734442007,9.899250757385454,2.211320625183201,109.60449346803316
wti,bn,3,36,1,hip3_growth,744,-0.5886793748167973,-0.19970848922626258,0.48655913978494625,-437.9774548636972,-0.0073216684475761054,0.3733693135235688,13.58042615033648,514,1.4932867468727855,0.3850805371801473,0.49221789883268485,767.5493878926118,0.016985174361294084,0.4401482407113773,12.733343346868418,230,-5.241421055462218,-1.3197560228349845,0.47391304347826085,-1205.52684275631,-0.08702213511038732,-0.44761888734442035,9.899250757385456,2.211320625183201,109.60449346803316
wti,bn,3,36,1,zero,744,1.2113206251832016,0.41093848769414437,0.5147849462365591,901.222545136302,0.015065735917896039,0.3733693135235688,13.58042615033648,514,3.293286746872785,0.8492545937542358,0.5097276264591439,1692.7493878926116,0.037459014308213474,0.4401482407113773,12.733343346868418,230,-3.441421055462216,-0.8665276300067949,0.5260869565217391,-791.5268427563097,-0.05713713988844098,-0.44761888734442,9.899250757385454,2.211320625183201,109.60449346803316
wti,bn,3,36,0,hip3_standard,1027,-16.45311665196283,-6.663955832796629,0.308666017526777,-16897.350801565826,-0.20794423673312074,-0.36122123909760484,16.659096095688753,577,-14.778350572586607,-4.496218353660614,0.3310225303292894,-8527.108280382472,-0.18718001920779856,0.582260856832472,13.19685743517745,450,-18.600538935963012,-4.970957124295422,0.28,-8370.242521183356,-0.23433316610512483,-1.5524377559135998,20.8128455422503,2.5468833480371673,122.7705610144596
wti,bn,3,36,0,hip3_growth,1027,-0.2531166519628322,-0.10251906826567368,0.48685491723466406,-259.95080156582867,-0.003199038219337911,-0.36122123909760456,16.65909609568875,577,1.4216494274133935,0.43252771793519745,0.5077989601386482,820.2917196175281,0.018006364500758994,0.5822608568324716,13.19685743517745,450,-2.400538935963014,-0.6415392675962853,0.46,-1080.2425211833563,-0.03024245110098563,-1.5524377559135993,20.812845542250297,2.5468833480371673,122.7705610144596
wti,bn,3,36,0,zero,1027,1.5468833480371675,0.6265294611266546,0.5102239532619279,1588.649198434171,0.019550428282193513,-0.3612212390976046,16.65909609568875,577,3.2216494274133924,0.9801661703347317,0.5285961871750433,1858.8917196175273,0.04080485157948759,0.582260856832472,13.19685743517745,450,-0.600538935963013,-0.16049283907415854,0.4866666666666667,-270.24252118335585,-0.007565704989414587,-1.5524377559135998,20.8128455422503,2.5468833480371673,122.7705610144596
wti,bn,5,6,1,hip3_standard,987,-19.40785053425187,-12.576534029844515,0.23302938196555217,-19155.5484773066,-0.40031548881025736,0.2659774379109991,15.315748348211946,748,-18.955964721060557,-10.591484978981939,0.22727272727272727,-14179.061611353296,-0.38726304478431073,0.5881471990138374,16.018273452378644,239,-20.822120778047296,-6.839989216540501,0.2510460251046025,-4976.486865953304,-0.4424421219855457,-0.8810694386013236,12.489821011077005,-0.40785053425187373,42.34711506730834
wti,bn,5,6,1,hip3_growth,987,-3.207850534251874,-2.0787279526639635,0.4569402228976697,-3166.1484773065995,-0.06616663975142188,0.26597743791099876,15.315748348211946,748,-2.7559647210605545,-1.5398719809436263,0.45187165775401067,-2061.4616113532948,-0.056303295817504616,0.5881471990138367,16.01827345237864,239,-4.622120778047295,-1.5183494811308158,0.47280334728033474,-1104.6868659533034,-0.09821386336730822,-0.8810694386013236,12.489821011077005,-0.40785053425187373,42.34711506730834
wti,bn,5,6,1,zero,987,-1.4078505342518737,-0.9123050551994574,0.49138804457953394,-1389.5484773065994,-0.0290389898559957,0.2659774379109992,15.315748348211946,748,-0.9559647210605556,-0.5341372033838144,0.4786096256684492,-715.0616113532956,-0.01952999037674841,0.5881471990138372,16.018273452378644,239,-2.822120778047295,-0.9270561771964063,0.5313807531380753,-674.4868659533035,-0.05996627907639296,-0.8810694386013236,12.489821011077005,-0.40785053425187373,42.34711506730834
wti,bn,5,6,0,hip3_standard,1473,-18.24701943254978,-15.093501524352295,0.24643584521384929,-26877.85962414583,-0.393268018095512,0.7192961921884343,14.088843888782879,910,-17.701359365475845,-11.646766765575672,0.25934065934065936,-16108.23702258302,-0.38608655877927134,1.5635126658798466,15.295049240498965,563,-19.128992187500554,-9.595467881084614,0.2255772646536412,-10769.622601562813,-0.40440075584337126,-0.521167579057561,12.201225170772943,0.7529805674502174,41.57779516291016
wti,bn,5,6,0,hip3_growth,1473,-2.0470194325497824,-1.693245904613557,0.4575695858791582,-3015.259624145829,-0.044118288919329576,0.7192961921884344,14.088843888782884,910,-1.501359365475842,-0.9878327421064568,0.4582417582417582,-1366.2370225830161,-0.032746336534929504,1.563512665879846,15.295049240498962,563,-2.9289921875005565,-1.4692384305261008,0.4564831261101243,-1649.0226015628132,-0.06192101721169257,-0.5211675790575608,12.201225170772943,0.7529805674502174,41.57779516291016
wti,bn,5,6,0,zero,1473,-0.24701943254978254,-0.20432861353147516,0.47997284453496264,-363.8596241458297,-0.005323874566420422,0.7192961921884347,14.088843888782884,910,0.29864063452415807,0.1964932605012335,0.4758241758241758,271.76297741698386,0.006513688158886251,1.5635126658798466,15.295049240498965,563,-1.1289921875005566,-0.5663240471307102,0.4866785079928952,-635.6226015628134,-0.02386771291928382,-0.5211675790575608,12.201225170772943,0.7529805674502174,41.57779516291016
wti,bn,5,12,1,hip3_standard,734,-19.363335581533224,-8.270617909025237,0.28337874659400547,-14212.688316845388,-0.3052740775006194,0.562713202057167,11.354068709142078,550,-18.409725342265812,-6.490243063258236,0.28363636363636363,-10125.348938246198,-0.27674489408173747,0.7229589244406607,11.486590593539379,184,-22.213800970647775,-5.66566630123947,0.2826086956521739,-4087.3393785991907,-0.41767846118781404,-0.5123146112654337,7.294078952359714,-0.3633355815332253,65.35788349434605
wti,bn,5,12,1,hip3_growth,734,-3.1633355815332256,-1.3511484011998847,0.46321525885558584,-2321.8883168453876,-0.04987179752224158,0.5627132020571662,11.354068709142073,550,-2.2097253422658123,-0.7790259934742456,0.4581818181818182,-1215.3489382461967,-0.03321777997367005,0.7229589244406607,11.486590593539379,184,-6.0138009706477735,-1.5338297820702371,0.4782608695652174,-1106.5393785991903,-0.11307543173853767,-0.5123146112654342,7.294078952359711,-0.3633355815332253,65.35788349434605
wti,bn,5,12,1,zero,734,-1.3633355815332246,-0.5823184558859563,0.4782016348773842,-1000.6883168453869,-0.021493766413532917,0.562713202057167,11.354068709142078,550,-0.4097253422658123,-0.14444631905380217,0.4690909090909091,-225.34893824619678,-0.006159211739440337,0.7229589244406607,11.486590593539379,184,-4.213800970647775,-1.0747368354958784,0.5054347826086957,-775.3393785991905,-0.0792306506886181,-0.5123146112654338,7.294078952359715,-0.3633355815332253,65.35788349434605
wti,bn,5,12,0,hip3_standard,1030,-19.302132716837082,-10.558224276321205,0.2883495145631068,-19881.196698342195,-0.32898210160110836,-0.3191409664817136,11.57830822215201,611,-19.878594733330104,-8.2980190032236,0.3044189852700491,-12145.821382064692,-0.33570191598476595,-0.4621773642090832,14.667275307021454,419,-18.461516267965404,-6.523134105828069,0.2649164677804296,-7735.375316277505,-0.318675954711457,-0.09418343729059461,6.622747086271361,-0.30213271683708615,67.80282180566341
wti,bn,5,12,0,hip3_growth,1030,-3.102132716837085,-1.6968597947059703,0.4621359223300971,-3195.1966983421976,-0.05287219581390644,-0.3191409664817136,11.57830822215201,611,-3.6785947333301023,-1.535573787373944,0.45662847790507366,-2247.6213820646926,-0.062122665946795004,-0.4621773642090831,14.667275307021454,419,-2.2615162679654066,-0.7990770467780192,0.4701670644391408,-947.5753162775054,-0.03903746828422304,-0.09418343729059461,6.622747086271361,-0.30213271683708615,67.80282180566341
wti,bn,5,12,0,zero,1030,-1.302132716837086,-0.7122637411931668,0.4796116504854369,-1341.1966983421985,-0.022193317393106243,-0.3191409664817134,11.57830822215201,611,-1.8785947333301036,-0.7841909856128715,0.46808510638297873,-1147.8213820646934,-0.03172497149813159,-0.4621773642090832,14.667275307021454,419,-0.4615162679654058,-0.16307070688356887,0.4964200477326969,-193.37531627750502,-0.007966525347863693,-0.09418343729059461,6.622747086271361,-0.30213271683708615,67.80282180566341
wti,bn,5,36,1,hip3_standard,474,-18.282531569706507,-4.838249270536219,0.31856540084388185,-8665.919964040884,-0.22222814902500698,0.32181848593283313,11.873166251837512,344,-16.973942245612065,-3.6010180891055397,0.32848837209302323,-5839.03613249055,-0.1941538834519984,0.2976763875628325,11.82690311442944,130,-21.74526024269488,-3.7052027510874948,0.2923076923076923,-2826.8838315503344,-0.3249677785999754,0.3183147231474579,7.860434319227675,0.7174684302934923,119.58513870147681
wti,bn,5,36,1,hip3_growth,474,-2.082531569706507,-0.5511166114815523,0.4831223628691983,-987.1199640408845,-0.025313624333560977,0.3218184859328327,11.873166251837516,344,-0.7739422456120661,-0.16419167604346452,0.4883720930232558,-266.23613249055074,-0.00885262188234367,0.297676387562832,11.82690311442944,130,-5.5452602426948765,-0.9448639969085453,0.46923076923076923,-720.883831550334,-0.08287005456431318,0.3183147231474569,7.860434319227675,0.7174684302934923,119.58513870147681
wti,bn,5,36,1,zero,474,-0.2825315697065073,-0.07476853825325602,0.4957805907172996,-133.91996404088445,-0.0034342327011780884,0.321818485932833,11.873166251837516,344,1.0260577543879341,0.21767792540787725,0.4941860465116279,352.9638675094493,0.011736407180951305,0.29767638756283243,11.82690311442944,130,-3.745260242694876,-0.6381596908886619,0.5,-486.88383155033387,-0.05597030744923959,0.3183147231474577,7.860434319227675,0.7174684302934923,119.58513870147681
wti,bn,5,36,0,hip3_standard,641,-16.017029415847134,-4.746006262348062,0.3213728549141966,-10266.915855558012,-0.18745597691094446,-0.6404248104495729,15.384233036167947,369,-16.374101632872677,-3.797776261829568,0.34146341463414637,-6042.043502530018,-0.19770433520705713,0.32245821568890165,10.805416997920801,272,-15.532618944955871,-2.8773039941767626,0.29411764705882354,-4224.872353027997,-0.17446218066179964,-1.693160444007472,19.930066559999737,2.9829705841528655,142.44093580119605
wti,bn,5,36,0,hip3_growth,641,0.18297058415286493,0.054216016944803234,0.4914196567862715,117.28414444198643,0.0021414039212793324,-0.6404248104495728,15.38423303616794,369,-0.17410163287267524,-0.04038078322063105,0.5094850948509485,-64.24350253001717,-0.0021021396078580844,0.3224582156889015,10.805416997920803,272,0.6673810550441317,0.12362745665243885,0.46691176470588236,181.52764697200382,0.007496015617712855,-1.6931604440074721,19.930066559999744,2.9829705841528655,142.44093580119605
wti,bn,5,36,0,zero,641,1.9829705841528653,0.5875740479773439,0.5101404056162246,1271.0841444419866,0.023207779569304202,-0.6404248104495724,15.384233036167947,369,1.6258983671273248,0.3771076032914731,0.5257452574525745,599.9564974699829,0.019631437680941808,0.32245821568890165,10.805416997920801,272,2.4673810550441315,0.4570642845223501,0.4889705882352941,671.1276469720037,0.02771359298210313,-1.6931604440074721,19.930066559999744,2.9829705841528655,142.44093580119605
wti,bn,8,6,1,hip3_standard,495,-21.542034859660127,-9.887666727887447,0.21818181818181817,-10663.307255531763,-0.4444175698682728,0.4081755332736851,9.462387234521795,441,-21.432854943692462,-9.1560354888158,0.21541950113378686,-9451.889030168375,-0.4360016899436095,0.4800110678823901,9.69331393064855,54,-22.43367084006276,-3.8456443624550154,0.24074074074074073,-1211.418225363389,-0.5233259122347508,-0.5334710866873251,5.0381713009477975,-2.542034859660129,46.61795724858586
wti,bn,8,6,1,hip3_growth,495,-5.34203485966013,-2.4519624392581503,0.42424242424242425,-2644.307255531764,-0.11020751595419204,0.4081755332736849,9.462387234521794,441,-5.232854943692461,-2.235456064912789,0.41723356009070295,-2307.689030168375,-0.10645028880537091,0.48001106788239023,9.69331393064855,54,-6.233670840062763,-1.0685937800547902,0.48148148148148145,-336.61822536338923,-0.14541719463589511,-0.5334710866873252,5.0381713009478,-2.542034859660129,46.61795724858586
wti,bn,8,6,1,zero,495,-3.5420348596601294,-1.625773073854895,0.46060606060606063,-1753.307255531764,-0.07307306551929417,0.4081755332736853,9.462387234521795,441,-3.43285494369246,-1.4665027955902323,0.4580498866213152,-1513.8890301683748,-0.06983346645667773,0.48001106788239023,9.69331393064855,54,-4.433670840062761,-0.7600326042325425,0.48148148148148145,-239.4182253633891,-0.10342733712491108,-0.5334710866873249,5.038171300947798,-2.542034859660129,46.61795724858586
wti,bn,8,6,0,hip3_standard,753,-18.955446612891464,-11.242565794691915,0.24701195219123506,-14273.451299507273,-0.40970187335489866,0.31236352826493063,9.48493142490829,535,-19.470633891983784,-10.334752817488276,0.23738317757009345,-10416.789132211325,-0.4468103275243266,0.5937820990789977,11.2242350701961,218,-17.69111085915573,-4.987535688913283,0.2706422018348624,-3856.6621672959495,-0.3377985410706602,-0.11757454260964822,6.850010905213458,0.044553387108533224,44.85032294807437
wti,bn,8,6,0,hip3_growth,753,-2.7554466128914656,-1.6342685282933491,0.45285524568393093,-2074.851299507274,-0.05955605596036334,0.3123635282649303,9.484931424908286,535,-3.270633891983785,-1.7360088540347056,0.44299065420560746,-1749.789132211325,-0.07505420771591256,0.5937820990789976,11.2242350701961,218,-1.49111085915573,-0.42037883801493875,0.47706422018348627,-325.06216729594917,-0.02847164753007839,-0.11757454260964871,6.850010905213458,0.044553387108533224,44.85032294807437
wti,bn,8,6,0,zero,753,-0.9554466128914668,-0.5666799431379537,0.4820717131474104,-719.4512995072745,-0.020650965138748326,0.3123635282649309,9.484931424908288,535,-1.4706338919837856,-0.7805928580954202,0.4691588785046729,-786.7891322113253,-0.033747972181644346,0.5937820990789978,11.2242350701961,218,0.30888914084426927,0.08708303430709925,0.5137614678899083,67.3378327040507,0.005898007307764015,-0.11757454260964828,6.850010905213458,0.044553387108533224,44.85032294807437
wti,bn,8,12,1,hip3_standard,361,-22.33881178891728,-6.874292436086415,0.2880886426592798,-8064.311055799139,-0.36180486505717974,-0.09200022250747973,7.8595714151282285,316,-22.717065764380813,-6.4303518335711045,0.2879746835443038,-7178.5927815443365,-0.36173555233241617,-0.059166288089143516,8.083415810924734,45,-19.682628316773375,-2.431918854571415,0.28888888888888886,-885.7182742548018,-0.36252905830567383,-0.40222249613948374,4.124602917963222,-3.3388117889172815,74.49074306357342
wti,bn,8,12,1,hip3_growth,361,-6.138811788917282,-1.889088275861137,0.46814404432132967,-2216.1110557991387,-0.09942569872953352,-0.09200022250747969,7.8595714151282285,316,-6.5170657643808125,-1.8447376180597093,0.4620253164556962,-2059.3927815443367,-0.10377459872310357,-0.05916628808914371,8.083415810924736,45,-3.4826283167733725,-0.43030175293245065,0.5111111111111111,-156.71827425480177,-0.06414559802628526,-0.4022224961394839,4.124602917963223,-3.3388117889172815,74.49074306357342
wti,bn,8,12,1,zero,361,-4.3388117889172815,-1.3351767025027725,0.48476454293628807,-1566.3110557991386,-0.07027245802646172,-0.09200022250747973,7.8595714151282285,316,-4.717065764380814,-1.3352249274473322,0.4810126582278481,-1490.592781544337,-0.0751122705442911,-0.05916628808914338,8.083415810924734,45,-1.6826283167733718,-0.2078998527503435,0.5111111111111111,-75.71827425480173,-0.030991880217464306,-0.4022224961394839,4.124602917963223,-3.3388117889172815,74.49074306357342
wti,bn,8,12,0,hip3_standard,533,-21.389520008227997,-7.62576820912355,0.28893058161350843,-11400.614164385523,-0.3303086872217907,-1.0835961849806124,14.665052479548388,354,-21.304817809561758,-6.364549084037407,0.2937853107344633,-7541.905504584862,-0.3382719672846472,-0.9795288781913705,16.342323713770718,179,-21.557031618998106,-4.222025827454951,0.27932960893854747,-3858.708659800661,-0.31556902659448605,-1.2383474836670842,12.038344419210274,-2.3895200082279975,76.87264031150718
wti,bn,8,12,0,hip3_growth,533,-5.189520008227997,-1.8501619804526945,0.450281425891182,-2766.0141643855222,-0.0801394112897166,-1.0835961849806128,14.665052479548388,354,-5.104817809561757,-1.5250007676405677,0.4435028248587571,-1807.1055045848618,-0.08105287632617778,-0.979528878191371,16.34232371377072,179,-5.357031618998104,-1.0491948174334955,0.46368715083798884,-958.9086598006608,-0.07842050256832551,-1.238347483667084,12.038344419210267,-2.3895200082279975,76.87264031150718
wti,bn,8,12,0,zero,533,-3.3895200082279975,-1.2084279550448218,0.4634146341463415,-1806.6141643855226,-0.05234282507504172,-1.0835961849806122,14.665052479548388,354,-3.3048178095617566,-0.9872731769298079,0.4548022598870056,-1169.9055045848618,-0.052472977330792286,-0.9795288781913708,16.34232371377072,179,-3.5570316189981037,-0.6966580385422225,0.48044692737430167,-636.7086598006606,-0.05207066656541878,-1.2383474836670842,12.038344419210274,-2.3895200082279975,76.87264031150718
wti,bn,8,36,1,hip3_standard,220,-17.700329952135775,-2.836832700269233,0.37272727272727274,-3894.0725894698708,-0.19125922163527445,-0.22314590863769843,8.515498625260818,183,-17.097664057398564,-2.3763193109442238,0.37158469945355194,-3128.872522503937,-0.17566257812300837,-0.22343184869165456,8.264561252096248,37,-20.681082890971172,-1.9417242093630165,0.3783783783783784,-765.2000669659334,-0.3192174936455755,-0.31263000092403964,3.181592516699928,1.299670047864225,158.54118619462125
wti,bn,8,36,1,hip3_growth,220,-1.500329952135774,-0.24045795083602794,0.4681818181818182,-330.0725894698703,-0.016211671738184306,-0.22314590863769915,8.51549862526082,183,-0.8976640573985641,-0.12476186379470319,0.4644808743169399,-164.27252250393724,-0.00922266235209818,-0.2234318486916548,8.26456125209625,37,-4.481082890971171,-0.4207239620590555,0.4864864864864865,-165.80006696593335,-0.0691665932976063,-0.31263000092403964,3.1815925166999284,1.299670047864225,158.54118619462125
wti,bn,8,36,1,zero,220,0.29967004786422563,0.04802813243432811,0.4818181818181818,65.92741053012963,0.0032380560281590385,-0.22314590863769915,8.51549862526082,183,0.902335942601437,0.12541118588857703,0.4808743169398907,165.12747749606297,0.009270661622447409,-0.2234318486916548,8.26456125209625,37,-2.681082890971173,-0.2517239345808378,0.4864864864864865,-99.20006696593339,-0.041383159925609744,-0.3126300009240396,3.181592516699928,1.299670047864225,158.54118619462125
wti,bn,8,36,0,hip3_standard,316,-17.755287690580847,-3.2680828291234043,0.3575949367088608,-5610.670910223547,-0.18384402251354165,-1.0492933292370559,13.325810916616541,193,-16.795733736181727,-2.4791011483058525,0.37823834196891193,-3241.576611083073,-0.1784496054249728,-0.07979979475290729,9.163674347594721,123,-19.260929261304657,-2.121592813556706,0.3252032520325203,-2369.0942991404727,-0.1912975817112725,-2.2886673152057764,18.091609743401268,1.2447123094191572,184.85217483386077
wti,bn,8,36,0,hip3_growth,316,-1.5552876905808413,-0.2862701570659801,0.48417721518987344,-491.47091022354584,-0.016103954505556337,-1.0492933292370565,13.325810916616541,193,-0.595733736181726,-0.08793210303585114,0.49740932642487046,-114.97661108307312,-0.006329491276166275,-0.07979979475290729,9.163674347594721,123,-3.0609292613046586,-0.33716158942735874,0.4634146341463415,-376.494299140473,-0.030400836716285733,-2.2886673152057764,18.091609743401268,1.2447123094191572,184.85217483386077
wti,bn,8,36,0,zero,316,0.24471230941915678,0.045042362051511034,0.49050632911392406,77.32908977645354,0.0025338308286642275,-1.049293329237056,13.325810916616541,193,1.204266263818273,0.1777533464385933,0.5025906735751295,232.42338891692668,0.012794965851478882,-0.07979979475290729,9.163674347594721,123,-1.2609292613046594,-0.1388914534129869,0.4715447154471545,-155.0942991404731,-0.012523420605731656,-2.2886673152057764,18.091609743401268,1.2447123094191572,184.85217483386077
wti,ok,1,6,1,hip3_standard,2287,-19.41993812449357,-18.654636846375016,0.2409269785745518,-44413.39849071679,-0.3900800293871588,-0.25525170723879465,18.837734591752206,1607,-20.2526200672813,-15.522944109900617,0.24517734909769756,-32545.960448121048,-0.38722746711403805,-0.391702086071059,16.842363685361434,680,-17.45211476852315,-10.527261109084275,0.23088235294117648,-11867.43804259574,-0.40370203495610885,0.3916387729487997,26.0257360705094,-0.41993812449356827,44.2754961259656
wti,ok,1,6,1,hip3_growth,2287,-3.2199381244935674,-3.0930467437723506,0.445124617402711,-7363.998490716789,-0.06467752627095656,-0.25525170723879465,18.837734591752206,1607,-4.052620067281299,-3.106195375910891,0.4374611076540137,-6512.560448121048,-0.0774855696998971,-0.3917020860710596,16.842363685361434,680,-1.2521147685231497,-0.7552860659934372,0.4632352941176471,-851.4380425957419,-0.028963898459061537,0.39163877294879956,26.0257360705094,-0.41993812449356827,44.2754961259656
wti,ok,1,6,1,zero,2287,-1.4199381244935683,-1.3639811768165,0.4770441626585046,-3247.3984907167905,-0.02852169259137856,-0.25525170723879465,18.837734591752206,1607,-2.2526200672812995,-1.7265566276898106,0.46359676415681395,-3619.960448121048,-0.04306980332054812,-0.3917020860710587,16.842363685361434,680,0.54788523147685,0.33048893879443364,0.5088235294117647,372.56195740425795,0.012673672262832605,0.3916387729487997,26.0257360705094,-0.41993812449356827,44.2754961259656
wti,ok,1,6,0,hip3_standard,3528,-19.179981689269617,-23.465384241412842,0.22987528344671201,-67666.97539974321,-0.3950602933393088,0.29729891165433275,20.57762817892789,2075,-20.493801915676677,-19.40456738651002,0.23903614457831326,-42524.638975029105,-0.42598559592007046,-0.2850590330465108,17.225382978460498,1453,-17.303741517353135,-13.426114989218297,0.21679284239504473,-25142.336424714103,-0.35222287306211325,1.0748293875276618,24.841790715612483,-0.1799816892696166,42.02331397647392
wti,ok,1,6,0,hip3_growth,3528,-2.9799816892696165,-3.6458019879240515,0.44501133786848074,-10513.375399743207,-0.06138026925058315,0.29729891165433237,20.57762817892789,2075,-4.293801915676677,-4.0655886574827775,0.4375903614457831,-8909.638975029105,-0.08925126608221515,-0.285059033046511,17.225382978460512,1453,-1.1037415173531333,-0.8564020975172444,0.4556090846524432,-1603.7364247141027,-0.02246699119783916,1.0748293875276613,24.841790715612472,-0.1799816892696166,42.02331397647392
wti,ok,1,6,0,zero,3528,-1.179981689269617,-1.4436261819808534,0.47845804988662133,-4162.975399743209,-0.024304711018502533,0.2972989116543327,20.57762817892789,2075,-2.4938019156766775,-2.3612576875908617,0.4621686746987952,-5174.6389750291055,-0.051836340544675674,-0.285059033046511,17.225382978460512,1453,0.6962584826468673,0.5402326682273173,0.5017205781142464,1011.6635752858982,0.014172551231524633,1.0748293875276618,24.841790715612483,-0.1799816892696166,42.02331397647392
wti,ok,1,12,1,hip3_standard,1561,-21.163058742870167,-13.257351511542481,0.28315182575272263,-33035.53469762033,-0.33554851410412667,-0.35865225522903516,13.829648318158524,1065,-22.348419838844066,-11.018871775112165,0.2976525821596244,-23801.06712836893,-0.3376465568719419,-0.5942621303079811,12.402167608680054,496,-18.6178781638133,-7.435368449049762,0.25201612903225806,-9234.467569251397,-0.33385789899298385,0.5568439560865136,18.141394636881724,-2.1630587428701635,67.94928773090967
wti,ok,1,12,1,hip3_growth,1561,-4.963058742870165,-3.109050309130333,0.4567584881486227,-7747.334697620327,-0.07869122355210745,-0.3586522552290358,13.829648318158517,1065,-6.148419838844064,-3.0314738273362747,0.4497652582159624,-6548.067128368928,-0.09289215093321852,-0.5942621303079813,12.402167608680054,496,-2.4178781638133016,-0.96562104739768,0.4717741935483871,-1199.2675692513976,-0.04335766496531776,0.5568439560865134,18.141394636881728,-2.1630587428701635,67.94928773090967
wti,ok,1,12,1,zero,1561,-3.1630587428701635,-1.9814612866400945,0.484304932735426,-4937.5346976203255,-0.050151524601883095,-0.35865225522903516,13.829648318158524,1065,-4.348419838844064,-2.143985166472287,0.47417840375586856,-4631.067128368928,-0.06569721694002705,-0.5942621303079813,12.402167608680054,496,-0.6178781638133015,-0.246760224991893,0.5060483870967742,-306.46756925139755,-0.011079861184465968,0.5568439560865134,18.141394636881728,-2.1630587428701635,67.94928773090967
wti,ok,1,12,0,hip3_standard,2314,-18.99906549404783,-14.641365846794821,0.273552290406223,-43963.83755322668,-0.3043686480631788,0.07703904392016199,15.520015719789127,1261,-20.646974428606097,-11.386310279539996,0.28865979381443296,-26035.834754472286,-0.3206457374778196,-0.35828811881389905,13.18249634532635,1053,-17.02564368352744,-9.216157387402017,0.25546058879392214,-17928.002798754394,-0.2840113506241385,0.7383615155606749,18.945559420964052,0.0009345059521694893,72.19390472729762
wti,ok,1,12,0,hip3_growth,2314,-2.7990654940478303,-2.1570609323039056,0.452895419187554,-6477.037553226679,-0.04484156236687201,0.07703904392016157,15.520015719789129,1261,-4.446974428606096,-2.452399542818027,0.44805709754163364,-5607.634754472288,-0.06906113048843796,-0.35828811881389905,13.18249634532635,1053,-0.8256436835274381,-0.4469294832397605,0.4586894586894587,-869.4027987543923,-0.013772881780663078,0.7383615155606751,18.945559420964063,0.0009345059521694893,72.19390472729762
wti,ok,1,12,0,zero,2314,-0.9990654940478306,-0.7699159418049153,0.48357821953327573,-2311.83755322668,-0.016005219511726818,0.07703904392016206,15.520015719789127,1261,-2.646974428606097,-1.4597427942933645,0.46946867565424266,-3337.8347544722883,-0.04110728526739556,-0.35828811881389905,13.18249634532635,1053,0.9743563164725616,0.5274291727782676,0.5004748338081672,1025.9972012456074,0.016253614757500853,0.7383615155606749,18.945559420964056,0.0009345059521694893,72.19390472729762
wti,ok,1,36,1,hip3_standard,877,-22.163633284119783,-7.544818165250476,0.3090079817559863,-19437.50639017305,-0.25477040695199965,-0.5782168413095093,11.181200163719629,550,-24.67541267843296,-6.043981474683683,0.33454545454545453,-13571.476973138128,-0.25771623600851995,-1.0177176247384736,8.884794131142545,327,-17.93892788084075,-4.648729249646175,0.26605504587155965,-5866.029417034925,-0.25707531492319924,1.5774861889202305,18.549075277956323,-3.163633284119787,133.79941201446218
wti,ok,1,36,1,hip3_growth,877,-5.963633284119786,-2.0301061724007967,0.4640820980615735,-5230.106390173052,-0.06855181455272975,-0.5782168413095093,11.181200163719629,550,-8.475412678432958,-2.075962736117495,0.4690909090909091,-4661.476973138127,-0.08851934849356059,-1.0177176247384738,8.884794131142545,327,-1.7389278808407542,-0.4506292101950736,0.45565749235474007,-568.6294170349266,-0.024919852265715053,1.5774861889202305,18.549075277956323,-3.163633284119787,133.79941201446218
wti,ok,1,36,1,zero,877,-4.163633284119787,-1.4173603954174994,0.4880273660205245,-3651.506390173053,-0.04786085984169978,-0.5782168413095093,11.181200163719629,550,-6.6754126784329575,-1.6350717651656963,0.48363636363636364,-3671.4769731381266,-0.06971969432523177,-1.0177176247384736,8.884794131142545,327,0.061072119159245146,0.015826349743937623,0.4954128440366973,19.970582965073163,0.0008751991406720718,1.5774861889202305,18.549075277956323,-3.163633284119787,133.79941201446218
wti,ok,1,36,0,hip3_standard,1322,-19.629339976558786,-8.497017830686369,0.291981845688351,-25949.987449010714,-0.23369574336133253,-0.6447956231842803,15.223649322233864,628,-22.783755827684754,-6.167158146110678,0.321656050955414,-14308.198659786025,-0.24609640154242937,-0.5334906843553932,9.987980386744049,694,-16.77491180003558,-5.865362012200758,0.26512968299711814,-11641.78878922469,-0.2226460972740497,-0.7501521513368332,24.19814273370954,-0.6293399765587859,134.6224294031896
wti,ok,1,36,0,hip3_growth,1322,-3.429339976558787,-1.4844698274676256,0.4689863842662632,-4533.587449010716,-0.0408277688408114,-0.644795623184281,15.223649322233861,628,-6.583755827684753,-1.7821057990523455,0.4601910828025478,-4134.598659786025,-0.07111376324786843,-0.5334906843553933,9.987980386744043,694,-0.5749118000355772,-0.20101839416452139,0.4769452449567723,-398.98878922469055,-0.007630553893848112,-0.7501521513368332,24.19814273370954,-0.6293399765587859,134.6224294031896
wti,ok,1,36,0,zero,1322,-1.629339976558786,-0.7052978271099869,0.4939485627836611,-2153.987449010715,-0.019397993894086817,-0.6447956231842803,15.223649322233864,628,-4.783755827684752,-1.2948777604903083,0.47611464968152867,-3004.198659786024,-0.051671247881806104,-0.533490684355393,9.987980386744049,694,1.2250881999644232,0.4283531189506161,0.5100864553314121,850.2112107753097,0.0162600620372854,-0.7501521513368332,24.19814273370954,-0.6293399765587859,134.6224294031896
wti,ok,2,6,1,hip3_standard,2203,-19.42207574867084,-18.499645612499567,0.23694961416250568,-42786.83287432186,-0.3941451259297496,-0.20106507166641047,18.79154069439031,1564,-20.21320435040599,-15.497062523057135,0.2442455242966752,-31613.45160403497,-0.3918600692065751,-0.33794277970199943,16.27430911120184,639,-17.48572968745991,-10.257639851318048,0.2190923317683881,-11173.381270286882,-0.40578596106341946,0.4409984282935218,28.88703044865296,-0.4220757486708375,43.43033914008171
wti,ok,2,6,1,hip3_growth,2203,-3.2220757486708376,-3.0690468031522826,0.4380390376758965,-7098.232874321855,-0.0653877303409225,-0.20106507166641116,18.79154069439031,1564,-4.013204350405992,-3.0768441093209145,0.4309462915601023,-6276.651604034972,-0.07780134743745534,-0.3379427797019993,16.27430911120184,639,-1.2857296874599105,-0.7542465951289296,0.45539906103286387,-821.5812702868827,-0.02983753416180596,0.4409984282935218,28.88703044865296,-0.4220757486708375,43.43033914008171
wti,ok,2,6,1,zero,2203,-1.4220757486708377,-1.3545358243359182,0.46981389014979574,-3132.8328743218553,-0.02885913083105284,-0.20106507166641047,18.79154069439031,1564,-2.2132043504059924,-1.696819841128001,0.45652173913043476,-3461.451604034972,-0.04290593390755315,-0.33794277970199943,16.27430911120184,639,0.514270312540089,0.30168598889208353,0.5023474178403756,328.61872971311686,0.011934513271706642,0.4409984282935218,28.88703044865296,-0.4220757486708375,43.43033914008171
wti,ok,2,6,0,hip3_standard,3344,-19.574585966014435,-23.501120399606148,0.22816985645933013,-65457.41547035227,-0.4064016224366409,-0.01512518293143754,18.841100196093176,2017,-20.590888390436866,-18.729495987269665,0.23797719385225583,-41531.82188351116,-0.4170356112012383,-0.06799570713918222,18.682992028593386,1327,-18.029836915479358,-14.202895865260972,0.2132629992464205,-23925.593586841107,-0.3898894119477251,0.09679154475295816,18.969874299039756,-0.5745859660144346,41.48724523379187
wti,ok,2,6,0,hip3_growth,3344,-3.3745859660144335,-4.051505928340918,0.4410885167464115,-11284.615470352266,-0.07006213127681403,-0.015125182931437981,18.841100196093176,2017,-4.390888390436868,-3.9939571780414793,0.4343083787803669,-8856.421883511162,-0.08893044286873578,-0.06799570713918252,18.682992028593375,1327,-1.8298369154793555,-1.44144305257975,0.45139412207987945,-2428.1935868411047,-0.03956963350699931,0.09679154475295774,18.969874299039756,-0.5745859660144346,41.48724523379187
wti,ok,2,6,0,zero,3344,-1.5745859660144346,-1.890437653755894,0.4748803827751196,-5265.415470352269,-0.03269107670349996,-0.015125182931437582,18.841100196093176,2017,-2.5908883904368687,-2.3566750881272367,0.4615765989092712,-5225.821883511164,-0.05247431305401329,-0.06799570713918225,18.682992028593382,1327,-0.029836915479355675,-0.023503851170725638,0.49510173323285606,-39.59358684110498,-0.0006452136802520086,0.09679154475295797,18.969874299039756,-0.5745859660144346,41.48724523379187
wti,ok,2,12,1,hip3_standard,1500,-20.89133014691922,-12.91408586833422,0.2793333333333333,-31336.99522037883,-0.33344026333033994,-0.3353052780682243,13.876461247039872,1037,-21.877195549379408,-10.71387370201427,0.2970106075216972,-22686.651784706446,-0.3327033273845647,-0.5452834530060985,12.238285627517397,463,-18.68324716127945,-7.298851427985934,0.23974082073434125,-8650.343435672385,-0.33920639234004163,0.5306299688639748,19.43226637851098,-1.8913301469192214,68.56480324947778
wti,ok,2,12,1,hip3_growth,1500,-4.6913301469192215,-2.8999704627689296,0.4533333333333333,-7036.995220378832,-0.07487691537864988,-0.33530527806822474,13.87646124703988,1037,-5.677195549379407,-2.7802812275641013,0.44358727097396333,-5887.2517847064455,-0.08633747617367485,-0.5452834530060986,12.238285627517394,463,-2.4832471612794516,-0.9701125255522944,0.47516198704103674,-1149.743435672386,-0.04508495250290144,0.5306299688639748,19.43226637851098,-1.8913301469192214,68.56480324947778
wti,ok,2,12,1,zero,1500,-2.8913301469192216,-1.787290973261675,0.48,-4336.9952203788325,-0.04614765449512876,-0.3353052780682243,13.876461247039874,1037,-3.8771955493794072,-1.898770952625194,0.46769527483124396,-4020.651784706445,-0.05896349270579821,-0.5452834530060986,12.238285627517394,463,-0.6832471612794505,-0.2669193141707784,0.5075593952483801,-316.34343567238557,-0.012404792520996959,0.5306299688639748,19.43226637851098,-1.8913301469192214,68.56480324947778
wti,ok,2,12,0,hip3_standard,2196,-19.556913119108405,-14.616293535809975,0.2777777777777778,-42946.98120956206,-0.3119041034180776,-0.11300513823722753,15.68582500052622,1229,-20.80903246190342,-11.232024386765694,0.28885272579332794,-25574.300895679306,-0.32039231929422607,-0.33356715630405115,12.964017342214895,967,-17.965543240830144,-9.354846960672187,0.26370217166494314,-17372.68031388275,-0.3008315975945172,0.26287217495484744,20.19515198149588,-0.5569131191084034,69.57436015927443
wti,ok,2,12,0,hip3_growth,2196,-3.356913119108403,-2.5088636035898464,0.45901639344262296,-7371.781209562054,-0.05353784466347432,-0.1130051382372275,15.68582500052622,1229,-4.609032461903425,-2.4878025975628972,0.45402766476810413,-5664.500895679309,-0.07096430854606586,-0.33356715630405115,12.964017342214897,967,-1.7655432408301395,-0.9193368994753521,0.4653567735263702,-1707.2803138827448,-0.029563881628362612,0.26287217495484705,20.19515198149588,-0.5569131191084034,69.57436015927443
wti,ok,2,12,0,zero,2196,-1.5569131191084036,-1.1635936111209435,0.49225865209471764,-3418.981209562054,-0.02483048257962952,-0.11300513823722753,15.68582500052622,1229,-2.8090324619034255,-1.5162223987625871,0.4792514239218877,-3452.30089567931,-0.04325008512960363,-0.3335671563040511,12.964017342214897,967,0.03445675916985975,0.01794199621318445,0.5087900723888314,33.31968611725438,0.0005769757012101053,0.26287217495484705,20.19515198149588,-0.5569131191084034,69.57436015927443
wti,ok,2,36,1,hip3_standard,838,-21.754642891414942,-7.374618328600575,0.3031026252983294,-18230.390743005722,-0.2547519629762496,-0.5008932247953135,11.02322670568804,534,-23.687058273807555,-5.835172544009134,0.3333333333333333,-12648.889118213234,-0.2525126118345417,-0.885749129185354,8.616427570169705,304,-18.360202713133194,-4.69589030162027,0.25,-5581.501624792491,-0.26932777993046697,1.473869525617606,19.931308469681905,-2.7546428914149486,132.61384839311853
wti,ok,2,36,1,hip3_growth,838,-5.5546428914149475,-1.8829714410998208,0.4522673031026253,-4654.790743005726,-0.06504616909976738,-0.5008932247953135,11.02322670568804,534,-7.4870582738075555,-1.8443943680008363,0.449438202247191,-3998.0891182132345,-0.07981475022447614,-0.8857491291853542,8.616427570169709,304,-2.1602027131331965,-0.5525034297622344,0.45723684210526316,-656.7016247924917,-0.031688244951226345,1.4738695256176044,19.931308469681902,-2.7546428914149486,132.61384839311853
wti,ok,2,36,1,zero,838,-3.7546428914149486,-1.2727884535997371,0.47255369928400953,-3146.390743005727,-0.043967747557936025,-0.5008932247953133,11.02322670568804,534,-5.687058273807555,-1.4009745706665808,0.46441947565543074,-3036.8891182132343,-0.06062609893446885,-0.8857491291853538,8.616427570169705,304,-0.3602027131331961,-0.09212711066689697,0.4868421052631579,-109.50162479249161,-0.005283852175755156,1.473869525617606,19.931308469681905,-2.7546428914149486,132.61384839311853
wti,ok,2,36,0,hip3_standard,1249,-20.752505419531914,-8.69538523365296,0.3010408326661329,-25919.879268995363,-0.2460410706692458,-0.7195472934561218,14.666020396412321,613,-23.545452427897807,-6.286503493238081,0.3262642740619902,-14433.362338301355,-0.253909484618581,-0.4217521084254691,9.275915002648683,636,-18.060561211783025,-6.043762775234596,0.27672955974842767,-11486.516930694004,-0.2396507826302044,-1.1709562173486807,24.80378275365597,-1.752505419531914,130.87018393396048
wti,ok,2,36,0,hip3_growth,1249,-4.552505419531914,-1.9075185188900319,0.4731785428342674,-5686.0792689953605,-0.05397436526362515,-0.7195472934561216,14.66602039641232,613,-7.345452427897812,-1.9611945231802261,0.46818923327895595,-4502.762338301359,-0.07921190072559402,-0.42175210842546906,9.275915002648683,636,-1.8605612117830244,-0.6226157903378615,0.4779874213836478,-1183.3169306940035,-0.02468832199102983,-1.1709562173486803,24.803782753655973,-1.752505419531914,130.87018393396048
wti,ok,2,36,0,zero,1249,-2.7525054195319134,-1.1533111061385952,0.500400320256205,-3437.87926899536,-0.03263362021855619,-0.7195472934561219,14.666020396412323,613,-5.545452427897809,-1.4806046376182413,0.4926590538336052,-3399.362338301357,-0.05980105807081765,-0.42175210842546906,9.275915002648683,636,-0.060561211783023775,-0.020266125349335303,0.5078616352201258,-38.51693069400312,-0.000803604142232652,-1.1709562173486807,24.803782753655977,-1.752505419531914,130.87018393396048
wti,ok,3,6,1,hip3_standard,2076,-19.871400401716585,-18.289895070814755,0.23699421965317918,-41253.02723396363,-0.401418643814456,-0.3315195758893275,19.341970063526723,1503,-20.74704905988806,-15.688675258409893,0.23952095808383234,-31182.81473701175,-0.40467538008803594,-0.4245458675303841,16.95719403904354,573,-17.57454187949718,-9.453410475174765,0.23036649214659685,-10070.212496951885,-0.39492188816579,0.09990946252563553,28.86984288813317,-0.8714004017165861,45.358518700802826
wti,ok,3,6,1,hip3_growth,2076,-3.6714004017165855,-3.379204623371325,0.4393063583815029,-7621.827233963631,-0.07416530996122496,-0.3315195758893275,19.341970063526723,1503,-4.547049059888054,-3.438425188985723,0.4337990685296075,-6834.2147370117455,-0.08869110981892443,-0.42454586753038437,16.957194039043543,573,-1.3745418794971795,-0.7393711136996544,0.4537521815008726,-787.6124969518838,-0.030887671390584827,0.09990946252563553,28.869842888133167,-0.8714004017165861,45.358518700802826
wti,ok,3,6,1,zero,2076,-1.8714004017165862,-1.7224612403220556,0.4686897880539499,-3885.027233963633,-0.03780382842197708,-0.3315195758893275,19.341970063526723,1503,-2.7470490598880555,-2.0772862923830395,0.4577511643379907,-4128.814737011748,-0.05358174645568985,-0.42454586753038437,16.957194039043543,573,0.4254581205028194,0.2288554820198018,0.4973821989528796,243.78750304811552,0.00956057491777128,0.09990946252563553,28.86984288813317,-0.8714004017165861,45.358518700802826
wti,ok,3,6,0,hip3_standard,3075,-19.6844396188611,-21.656094189744227,0.23219512195121952,-60529.65182799788,-0.39053285072780364,0.19468835172384769,20.906443345121872,1933,-20.646373982410765,-18.188850069111144,0.23952405587170203,-39909.44090800001,-0.41370361521243293,0.014356775198231416,18.104906546103944,1142,-18.05622672504192,-11.91378177377639,0.21978984238178634,-20620.210919997873,-0.3525466472509512,0.47278064273599085,25.148695990863946,-0.684439618861099,43.120766751138206
wti,ok,3,6,0,hip3_growth,3075,-3.4844396188610984,-3.83345190646064,0.4426016260162602,-10714.651827997877,-0.06913014360027074,0.194688351723847,20.90644334512188,1933,-4.446373982410764,-3.9171250983908963,0.43766166580444904,-8594.840908000006,-0.08909462710870887,0.014356775198231166,18.104906546103944,1142,-1.8562267250419204,-1.2247675254393289,0.45096322241681264,-2119.810919997873,-0.036242705545093505,0.47278064273599024,25.148695990863946,-0.684439618861099,43.120766751138206
wti,ok,3,6,0,zero,3075,-1.6844396188610995,-1.853158319429131,0.47252032520325205,-5179.651827997881,-0.033418731697211546,0.19468835172384785,20.906443345121872,1933,-2.646373982410764,-2.3313778794219804,0.46249353336782206,-5115.440908000007,-0.05302696176385065,0.014356775198231166,18.104906546103944,1142,-0.05622672504192063,-0.037099275624099995,0.489492119089317,-64.21091999787336,-0.0010978231333315402,0.47278064273599085,25.148695990863946,-0.684439618861099,43.120766751138206
wti,ok,3,12,1,hip3_standard,1396,-20.82123644186346,-12.170103414243199,0.29011461318051573,-29066.44607284139,-0.32572535004643915,-0.41243903495947515,13.792619914822744,991,-21.961571508514048,-10.346761407132984,0.30373360242179614,-21763.91736493742,-0.3286757081168174,-0.5083985276495538,12.366210140632841,405,-18.03093508124437,-6.457634854012465,0.25679012345679014,-7302.52870790397,-0.32088245572097335,0.059851766630929545,19.015331081263387,-1.8212364418634623,71.53630590032236
wti,ok,3,12,1,hip3_growth,1396,-4.621236441863462,-2.701132834074582,0.46418338108882523,-6451.2460728413935,-0.07229416283112051,-0.41243903495947515,13.792619914822744,991,-5.761571508514049,-2.7144508172203956,0.4530776992936428,-5709.717364937423,-0.08622737196618149,-0.508398527649554,12.366210140632836,405,-1.8309350812443723,-0.655734721621649,0.49135802469135803,-741.5287079039708,-0.03258372028339796,0.059851766630929545,19.015331081263387,-1.8212364418634623,71.53630590032236
wti,ok,3,12,1,zero,1396,-2.821236441863462,-1.6490249918336248,0.49140401146131807,-3938.4460728413933,-0.04413514202941844,-0.41243903495947515,13.79261991482275,991,-3.961571508514049,-1.8664163072301085,0.479313824419778,-3925.9173649374225,-0.05928866794944417,-0.5083985276495537,12.366210140632836,405,-0.03093508124437241,-0.011079151356002776,0.5209876543209877,-12.528707903970826,-0.0005505274570006928,0.059851766630929545,19.015331081263387,-1.8212364418634623,71.53630590032236
wti,ok,3,12,0,hip3_standard,1965,-19.058000385540048,-13.21148465924021,0.28905852417302796,-37448.97075758619,-0.29803711272336214,0.019196054757306017,14.569207088727705,1160,-21.1082766836915,-10.86340440943544,0.2939655172413793,-24485.60095308214,-0.3189605360992838,-0.34267465953778986,12.753410122539393,805,-16.103564974539193,-7.551955183389826,0.2819875776397516,-12963.369804504051,-0.26617144592069525,0.7308287757404999,17.85916626699229,-0.05800038554004665,74.48621892456319
wti,ok,3,12,0,hip3_growth,1965,-2.858000385540046,-1.9812376684761495,0.46463104325699744,-5615.970757586191,-0.04469462513574579,0.0191960547573059,14.569207088727708,1160,-4.908276683691501,-2.5260515279079847,0.4543103448275862,-5693.600953082141,-0.07416742663617895,-0.34267465953779,12.753410122539393,805,0.09643502546080651,0.04522433334112761,0.4795031055900621,77.63019549594924,0.0015939483092647585,0.7308287757404994,17.85916626699229,-0.05800038554004665,74.48621892456319
wti,ok,3,12,0,zero,1965,-1.0580003855400468,-0.7334324472801435,0.4921119592875318,-2078.970757586192,-0.016545459848232875,0.01919605475730593,14.569207088727705,1160,-3.1082766836915012,-1.5996789855160458,0.47672413793103446,-3605.6009530821416,-0.046968192251389526,-0.34267465953778964,12.753410122539393,805,1.8964350254608073,0.8893553907556784,0.5142857142857142,1526.63019549595,0.031345658779260335,0.7308287757404995,17.859166266992283,-0.05800038554004665,74.48621892456319
wti,ok,3,36,1,hip3_standard,757,-22.405685991121167,-7.102752080061452,0.32232496697490093,-16961.104295278725,-0.25815391533680376,-0.5765658453242729,9.304394342627758,497,-24.688067908985694,-5.815017300002937,0.34004024144869216,-12269.96975076589,-0.2608391742966409,-0.7464648841995276,7.673364794453794,260,-18.04282517120321,-4.1979797175350795,0.28846153846153844,-4691.1345445128345,-0.26034765003767196,0.4992097530653449,15.104801924198581,-3.405685991121167,142.837798996059
wti,ok,3,36,1,hip3_growth,757,-6.205685991121168,-1.9672438995668744,0.47291941875825627,-4697.704295278724,-0.07150069569811547,-0.5765658453242731,9.304394342627758,497,-8.488067908985693,-1.999276003141043,0.46277665995975853,-4218.56975076589,-0.08967978510573557,-0.7464648841995283,7.673364794453798,260,-1.8428251712032093,-0.42876559620060256,0.49230769230769234,-479.1345445128344,-0.026590913462862735,0.4992097530653447,15.104801924198581,-3.405685991121167,142.837798996059
wti,ok,3,36,1,zero,757,-4.4056859911211665,-1.3966318795119206,0.49273447820343463,-3335.1042952787234,-0.05076144907159452,-0.5765658453242729,9.304394342627758,497,-6.688067908985693,-1.5753047479341657,0.4768611670020121,-3323.9697507658893,-0.07066207519563497,-0.7464648841995276,7.673364794453794,260,-0.04282517120320965,-0.009964027163438544,0.5230769230769231,-11.134544512834509,-0.0006179427323283818,0.4992097530653449,15.104801924198581,-3.405685991121167,142.837798996059
wti,ok,3,36,0,hip3_standard,1056,-19.971082717747638,-7.146197884046078,0.32859848484848486,-21089.463349941507,-0.21990903809514614,-0.6951950954708456,12.708895518745118,553,-24.309889483323996,-5.923696961031334,0.3453887884267631,-13443.36888427817,-0.25190121806750215,-0.376138183111953,7.88215788719689,503,-15.200983033127903,-4.060851081202377,0.3101391650099404,-7646.0944656633355,-0.18106440043469718,-1.1671573768915675,21.565717291818512,-0.9710827177476397,147.39276992937184
wti,ok,3,36,0,hip3_growth,1056,-3.77108271774764,-1.3493962104609543,0.48295454545454547,-3982.263349941508,-0.04152479786687508,-0.6951950954708463,12.708895518745123,553,-8.109889483324,-1.9761721960776915,0.46835443037974683,-4484.768884278172,-0.08403538982122956,-0.3761381831119529,7.882157887196885,503,0.9990169668720948,0.2668813668971833,0.4990059642147117,502.5055343366637,0.011899651998596083,-1.1671573768915673,21.565717291818512,-0.9710827177476397,147.39276992937184
wti,ok,3,36,0,zero,1056,-1.9710827177476393,-0.7053071356181625,0.5028409090909091,-2081.463349941507,-0.021704326730400514,-0.6951950954708456,12.708895518745118,553,-6.309889483323999,-1.537558333305064,0.4918625678119349,-3489.368884278171,-0.06538363112719926,-0.376138183111953,7.88215788719689,503,2.7990169668720952,0.7477405277971346,0.5149105367793241,1407.905534336664,0.03334010226896201,-1.1671573768915675,21.565717291818512,-0.9710827177476397,147.39276992937184
wti,ok,5,6,1,hip3_standard,1837,-19.543392085314938,-16.68228991650856,0.24442025040827436,-35901.21126072354,-0.3892253216825585,-0.12962418149709656,20.500358018168466,1404,-20.21088365834347,-14.562608523238,0.2571225071225071,-28376.08065631423,-0.38864726956872125,-0.2048809641614698,17.633218238401113,433,-17.37905451364736,-8.240462665531478,0.20323325635103925,-7525.130604409308,-0.3960113633042525,0.3422882478146478,36.31680227262129,-0.543392085314937,46.486228081019775
wti,ok,5,6,1,hip3_growth,1837,-3.343392085314936,-2.8539281117782007,0.4518236254763201,-6141.811260723538,-0.06658684706507313,-0.12962418149709776,20.500358018168477,1404,-4.010883658343468,-2.8899740128183953,0.4465811965811966,-5631.280656314229,-0.07712770053621482,-0.20488096416147006,17.633218238401117,433,-1.1790545136473634,-0.5590611786566273,0.46882217090069284,-510.53060440930835,-0.02686676568008141,0.3422882478146478,36.31680227262129,-0.543392085314937,46.486228081019775
wti,ok,5,6,1,zero,1837,-1.5433920853149368,-1.317443466808161,0.47904191616766467,-2835.211260723539,-0.030738127663130308,-0.1296241814970967,20.500358018168466,1404,-2.210883658343469,-1.593014622771773,0.46652421652421655,-3104.0806563142305,-0.04251441508815856,-0.2048809641614699,17.633218238401113,433,0.6209454863526362,0.2944278754405783,0.5196304849884527,268.8693955906915,0.01414930072260427,0.3422882478146478,36.31680227262129,-0.543392085314937,46.486228081019775
wti,ok,5,6,0,hip3_standard,2668,-19.973135668321344,-21.191847394419867,0.22976011994002998,-53288.32596308135,-0.41027580403669134,0.11031896897936998,18.146895528357774,1798,-20.410046001165817,-17.723794076652574,0.23915461624026696,-36697.26271009614,-0.41798611171156314,0.05929812494727112,17.494183492907343,870,-19.070187647109442,-11.623626782317857,0.2103448275862069,-16591.063252985216,-0.3940778550399566,0.21986741230247336,19.546662670948656,-0.9731356683213462,43.11995898181534
wti,ok,5,6,0,hip3_growth,2668,-3.7731356683213453,-4.003363147847111,0.44002998500749624,-10066.72596308135,-0.07750542006858373,0.11031896897936998,18.146895528357764,1798,-4.210046001165814,-3.655944154836072,0.4410456062291435,-7569.662710096134,-0.08621934306535115,0.059298124947270554,17.49418349290735,870,-2.870187647109445,-1.7494316585959788,0.4379310344827586,-2497.0632529852173,-0.059311287988637745,0.21986741230247364,19.546662670948656,-0.9731356683213462,43.11995898181534
wti,ok,5,6,0,zero,2668,-1.9731356683213463,-2.093531564894584,0.47188905547226384,-5264.325963081352,-0.04053093296101624,0.11031896897936998,18.146895528357764,1798,-2.4100460011658145,-2.0928497190786834,0.46774193548387094,-4333.2627100961345,-0.04935636877132759,0.05929812494727088,17.49418349290735,870,-1.0701876471094454,-0.6522988670713257,0.4804597701149425,-931.0632529852174,-0.02211500276071342,0.21986741230247353,19.546662670948656,-0.9731356683213462,43.11995898181534
wti,ok,5,12,1,hip3_standard,1201,-20.41444811553822,-11.092917472675788,0.28642797668609493,-24517.752186761405,-0.32009160072124077,0.12238368324097074,13.89554693236508,912,-21.79335074790159,-9.895002210520047,0.2949561403508772,-19875.535882086253,-0.32765626502659845,0.04368466063135102,12.068361015773684,289,-16.063032196107795,-5.045627712001583,0.25951557093425603,-4642.216304675153,-0.29680163011774013,0.7024989373429001,24.397129691862936,-1.4144481155382227,76.90270046991395
wti,ok,5,12,1,hip3_growth,1201,-4.2144481155382225,-2.290070487036868,0.4587843463780183,-5061.552186761405,-0.06608111254462291,0.1223836832409708,13.89554693236508,912,-5.593350747901591,-2.5395919450353137,0.44298245614035087,-5101.1358820862515,-0.08409429262352558,0.043684660631350826,12.068361015773684,289,0.13696780389220342,0.043023542412992,0.5086505190311419,39.583695324846786,0.0025307966125289413,0.7024989373429001,24.397129691862936,-1.4144481155382227,76.90270046991395
wti,ok,5,12,1,zero,1201,-2.4144481155382227,-1.311976377521433,0.48542880932556204,-2899.7521867614055,-0.03785772496944315,0.12238368324097078,13.89554693236508,912,-3.793350747901592,-1.7223241377592322,0.4692982456140351,-3459.535882086252,-0.057031851245406384,0.043684660631351103,12.068361015773684,289,1.9369678038922036,0.6084292373479449,0.5363321799307958,559.7836953248468,0.0357899551381144,0.7024989373429001,24.397129691862936,-1.4144481155382227,76.90270046991395
wti,ok,5,12,0,hip3_standard,1638,-19.73885483882089,-12.430532604187988,0.3034188034188034,-32332.244225988623,-0.3071374599529295,-0.7198437353453389,15.373215157127463,1059,-20.6087431046988,-10.40255186709015,0.3182247403210576,-21824.65894787603,-0.31966266058124143,-0.4485908271696244,13.09542128056717,579,-18.147815678950945,-6.83178531437267,0.2763385146804836,-10507.585278112598,-0.2839193084596344,-1.2291602052398816,19.789089205669168,-0.7388548388208951,78.401258891046
wti,ok,5,12,0,hip3_growth,1638,-3.538854838820895,-2.2285918212912557,0.46825396825396826,-5796.644225988626,-0.055064738821622085,-0.7198437353453386,15.373215157127463,1059,-4.4087431046988,-2.2253748606749695,0.4664778092540132,-4668.85894787603,-0.06838410976872714,-0.448590827169625,13.095421280567171,579,-1.9478156789509444,-0.7332595165156055,0.47150259067357514,-1127.7852781125969,-0.030473225558270246,-1.2291602052398825,19.78908920566918,-0.7388548388208951,78.401258891046
wti,ok,5,12,0,zero,1638,-1.7388548388208949,-1.0950428454138406,0.49694749694749696,-2848.2442259886257,-0.02705665869592124,-0.7198437353453386,15.373215157127463,1059,-2.6087431046987994,-1.316799637739949,0.48725212464589235,-2762.658947876029,-0.040464270789558866,-0.4485908271696244,13.09542128056717,579,-0.14781567895094483,-0.05564553897593176,0.5146804835924007,-85.58527811259705,-0.002312549680340901,-1.2291602052398818,19.78908920566917,-0.7388548388208951,78.401258891046
wti,ok,5,36,1,hip3_standard,593,-21.55172850009572,-5.757142658358154,0.33220910623946037,-12780.175000556763,-0.2364175129999851,-0.3429823613809719,8.813213501846695,436,-24.532549678329104,-5.341027076770818,0.34174311926605505,-10696.19165975149,-0.25578880621044886,-0.5258510005700633,7.666835431413881,157,-13.273779240797904,-2.1854157854150085,0.3057324840764331,-2083.983340805271,-0.17441516754482256,0.8922121228663961,14.064157844132282,-2.5517285000957206,166.5750380931141
wti,ok,5,36,1,hip3_growth,593,-5.351728500095722,-1.4296145408344083,0.4620573355817875,-3173.575000556763,-0.05870723279750631,-0.34298236138097216,8.813213501846691,436,-8.332549678329112,-1.8140949079502657,0.44036697247706424,-3632.9916597514925,-0.08687938933603047,-0.5258510005700634,7.6668354314138805,157,2.926220759202094,0.4817775648335202,0.5222929936305732,459.4166591947287,0.038450035572438195,0.8922121228663961,14.064157844132282,-2.5517285000957206,166.5750380931141
wti,ok,5,36,1,zero,593,-3.5517285000957197,-0.9487780833317696,0.4822934232715008,-2106.175000556762,-0.038961646108341984,-0.34298236138097227,8.813213501846695,436,-6.532549678329108,-1.422213555859092,0.45871559633027525,-2848.191659751491,-0.06811167634998393,-0.525851000570063,7.666835431413879,157,4.7262207592020955,0.7781323815278015,0.5477707006369427,742.016659194729,0.06210172480768942,0.8922121228663961,14.064157844132282,-2.5517285000957206,166.5750380931141
wti,ok,5,36,0,hip3_standard,795,-21.50338618849606,-6.400376793082556,0.3433962264150943,-17095.192019854367,-0.22699797215571046,-0.7107347186531611,11.712218391228914,478,-24.158015060945377,-5.3923403290681655,0.3577405857740586,-11547.53119913189,-0.24663990582928588,-0.14688153683648275,7.647611797991678,317,-17.500507320891092,-3.4751820647975418,0.3217665615141956,-5547.660820722476,-0.19518567059264855,-1.792866458252177,20.54492700078741,-2.50338618849606,172.0619838128302
wti,ok,5,36,0,hip3_growth,795,-5.303386188496061,-1.578526730072123,0.48050314465408805,-4216.1920198543685,-0.05598457376872353,-0.7107347186531611,11.712218391228914,478,-7.958015060945381,-1.7763183541449592,0.4665271966527197,-3803.931199131892,-0.08124691040501397,-0.14688153683648295,7.647611797991678,317,-1.3005073208910942,-0.2582496400720632,0.501577287066246,-412.26082072247686,-0.014504744855925233,-1.7928664582521756,20.5449270007874,-2.50338618849606,172.0619838128302
wti,ok,5,36,0,zero,795,-3.50338618849606,-1.0427656119598523,0.5006289308176101,-2785.1920198543676,-0.036983085059058306,-0.7107347186531611,11.712218391228914,478,-6.158015060945379,-1.374538134709047,0.48535564853556484,-2943.5311991318913,-0.0628699109134282,-0.14688153683648275,7.647611797991678,317,0.4994926791089063,0.09918729600854566,0.5236593059936908,158.3391792775233,0.005570913559266252,-1.792866458252177,20.54492700078741,-2.50338618849606,172.0619838128302
wti,ok,8,6,1,hip3_standard,1582,-19.120254125670954,-15.973018099308117,0.23577749683944374,-30248.24202681145,-0.4015907899585537,0.8031323131267105,17.10210883287824,1251,-19.622522643602952,-13.972999863434715,0.24940047961630696,-24547.775827147292,-0.39505812661950235,0.3954132825854795,13.61509361259585,331,-17.221952264846408,-8.061788739403587,0.18429003021148035,-5700.466199664161,-0.44311598421245807,4.0456123388142045,46.434440712029506,-0.1202541256709561,46.38529400709018
wti,ok,8,6,1,hip3_growth,1582,-2.9202541256709558,-2.4395738517562475,0.42857142857142855,-4619.842026811452,-0.0613353333852079,0.8031323131267106,17.10210883287824,1251,-3.4225226436029508,-2.437143750589926,0.4316546762589928,-4281.575827147291,-0.06890527830963665,0.3954132825854791,13.615093612595853,331,-1.021952264846407,-0.47838730094286636,0.4169184290030212,-338.2661996641607,-0.02629454411971133,4.045612338814205,46.43444071202952,-0.1202541256709561,46.38529400709018
wti,ok,8,6,1,zero,1582,-1.1202541256709564,-0.9358578242504849,0.4557522123893805,-1772.242026811453,-0.02352917154372504,0.8031323131267104,17.10210883287824,1251,-1.622522643602951,-1.1553819602738384,0.451638689048761,-2029.7758271472917,-0.03266607294187379,0.39541328258547936,13.615093612595846,331,0.7780477351535933,0.36421285888610283,0.47129909365558914,257.5338003358394,0.02001894922392721,4.045612338814205,46.43444071202952,-0.1202541256709561,46.38529400709018
wti,ok,8,6,0,hip3_standard,2238,-19.49072786456433,-19.804299159063667,0.2323503127792672,-43620.24896089497,-0.41862912214063697,0.295085087363826,18.83078631890046,1590,-20.061732963619733,-16.813304099515403,0.24716981132075472,-31898.155412155375,-0.42165233133171776,-0.0011281123892447921,17.105854482028484,648,-18.08965053817838,-10.47546505352771,0.19598765432098766,-11722.09354873959,-0.4115151319684524,1.2328587611197772,24.145705203404223,-0.4907278645643273,42.979117681493896
wti,ok,8,6,0,hip3_growth,2238,-3.2907278645643276,-3.3436698482350615,0.4548704200178731,-7364.648960894965,-0.07067948035182782,0.29508508736382516,18.830786318900465,1590,-3.8617329636197324,-3.2364347978414316,0.4578616352201258,-6140.1554121553745,-0.08116490783939777,-0.0011281123892453147,17.105854482028484,648,-1.8896505381783788,-1.0942703472513173,0.44753086419753085,-1224.4935487395894,-0.042986999055153595,1.2328587611197772,24.145705203404223,-0.4907278645643273,42.979117681493896
wti,ok,8,6,0,zero,2238,-1.4907278645643278,-1.5147110359207718,0.48570151921358357,-3336.2489608949654,-0.032018409041960134,0.29508508736382594,18.83078631890046,1590,-2.061732963619733,-1.727893764322102,0.48364779874213837,-3278.1554121553754,-0.04333297189580667,-0.0011281123892442695,17.105854482028487,648,-0.08965053817837886,-0.051915379887273905,0.49074074074074076,-58.093548739589494,-0.002039428731453727,1.2328587611197772,24.145705203404223,-0.4907278645643273,42.979117681493896
wti,ok,8,12,1,hip3_standard,1023,-20.504374366389868,-10.51295525059969,0.28934506353861195,-20975.974976816837,-0.3286903841349599,0.5135567811674274,11.699537234035517,807,-21.997814850365526,-9.568139039122812,0.29739776951672864,-17752.23658424498,-0.33681444608703986,0.24012191070160843,9.7631553680153,216,-14.92471478042526,-4.415580903804556,0.25925925925925924,-3223.7383925718564,-0.3004422258971815,3.040751919365983,27.84559294666122,-1.5043743663898683,75.78808501845879
wti,ok,8,12,1,hip3_growth,1023,-4.304374366389869,-2.2069288380659033,0.45356793743890517,-4403.374976816835,-0.0690002259356163,0.5135567811674274,11.699537234035517,807,-5.797814850365526,-2.5218095064777124,0.4448574969021066,-4678.836584244979,-0.0887718989647115,0.24012191070160818,9.763155368015301,216,1.2752852195747397,0.37730202186805,0.4861111111111111,275.4616074281438,0.02567215090269841,3.040751919365983,27.84559294666122,-1.5043743663898683,75.78808501845879
wti,ok,8,12,1,zero,1023,-2.5043743663898685,-1.284037014451038,0.4760508308895406,-2561.9749768168354,-0.04014576391346702,0.5135567811674274,11.699537234035517,807,-3.9978148503655246,-1.7388840028504784,0.4634448574969021,-3226.2365842449785,-0.06121161595111943,0.24012191070160824,9.7631553680153,216,3.075285219574738,0.9098445691650057,0.5231481481481481,664.2616074281434,0.06190708165824059,3.040751919365983,27.84559294666122,-1.5043743663898683,75.78808501845879
wti,ok,8,12,0,hip3_standard,1353,-18.987383807294353,-11.392497289070024,0.2926829268292683,-25689.93029126926,-0.30972055984315117,0.71914763534298,13.211404896588435,934,-20.406096785323705,-9.807079733815671,0.30085653104925053,-19059.29439749234,-0.3208974515588054,0.6622461220971744,12.699142718661259,419,-15.824906667725351,-5.803396642967988,0.2744630071599045,-6630.635893776922,-0.2835144787403262,0.9479740730720743,14.446958685871177,0.012616192705644938,76.136597662306
wti,ok,8,12,0,hip3_growth,1353,-2.7873838072943546,-1.6724401207921678,0.4715447154471545,-3771.330291269262,-0.045467563201692124,0.7191476353429802,13.211404896588435,934,-4.206096785323704,-2.021431485686301,0.4614561027837259,-3928.49439749234,-0.06614325873387009,0.662246122097174,12.699142718661257,419,0.3750933322746504,0.1375562858618284,0.49403341288782815,157.16410622307853,0.006720064314547093,0.9479740730720737,14.446958685871172,0.012616192705644938,76.136597662306
wti,ok,8,12,0,zero,1353,-0.9873838072943546,-0.5924337687612947,0.49741315594974134,-1335.9302912692617,-0.016106119130418897,0.7191476353429798,13.211404896588434,934,-2.406096785323705,-1.1563594581163712,0.4817987152034261,-2247.2943974923405,-0.03783723730887729,0.6622461220971746,12.699142718661257,419,2.1750933322746504,0.7976621668429191,0.5322195704057279,911.3641062230786,0.038968346876199676,0.9479740730720743,14.446958685871177,0.012616192705644938,76.136597662306
wti,ok,8,36,1,hip3_standard,472,-20.87021811185318,-4.97431363333585,0.3622881355932203,-9850.742948794701,-0.22896134361572854,-0.1950669382464858,8.607974816732286,373,-22.485286950478685,-4.572897022262847,0.3672922252010724,-8387.01203252855,-0.2367756326236808,-0.45849560945760554,7.608543753978825,99,-14.785160770365147,-1.9567145341523229,0.3434343434343434,-1463.7309162661495,-0.19665721004903974,1.990761014004676,15.032547818850233,-1.870218111853176,183.73438927856637
wti,ok,8,36,1,hip3_growth,472,-4.670218111853178,-1.1131234709640732,0.4639830508474576,-2204.3429487946996,-0.05123566069782035,-0.19506693824648644,8.607974816732286,373,-6.285286950478687,-1.2782567571057675,0.46648793565683644,-2344.4120325285503,-0.06618562605843349,-0.45849560945760554,7.6085437539788225,99,1.4148392296348564,0.1872442597759475,0.45454545454545453,140.0690837338508,0.018818756176504664,1.9907610140046759,15.032547818850231,-1.870218111853176,183.73438927856637
wti,ok,8,36,1,zero,472,-2.870218111853176,-0.6841023418116531,0.4788135593220339,-1354.742948794699,-0.03148836259583054,-0.19506693824648644,8.607974816732286,373,-4.485286950478687,-0.9121856165327588,0.4745308310991957,-1673.0120325285502,-0.047231180884517124,-0.4584956094576054,7.608543753978825,99,3.2148392296348582,0.42546190354575547,0.494949494949495,318.26908373385095,0.04276053020156517,1.9907610140046759,15.032547818850233,-1.870218111853176,183.73438927856637
wti,ok,8,36,0,hip3_standard,610,-20.332458264499536,-5.351081575454219,0.3721311475409836,-12402.799541344717,-0.21665896003296653,0.02558472821349538,7.821971252439885,401,-22.893817214295073,-4.690661256450372,0.3765586034912718,-9180.420702932324,-0.2342404450381749,0.0002908248713170095,7.252165104464276,209,-15.418080566566472,-2.5948281290458386,0.36363636363636365,-3222.3788384123927,-0.1794880148107552,0.1480585800562871,9.234066876348813,-1.3324582644995375,189.94532265603823
wti,ok,8,36,0,hip3_growth,610,-4.132458264499537,-1.0875773599450338,0.5049180327868853,-2520.7995413447175,-0.04403472016609818,0.025584728213494976,7.821971252439883,401,-6.693817214295076,-1.3714807264753146,0.5087281795511222,-2684.2207029323254,-0.0684884791646553,0.0002908248713163703,7.252165104464275,209,0.7819194334335251,0.13159527424708042,0.49760765550239233,163.42116158760675,0.00910263545731283,0.1480585800562871,9.234066876348813,-1.3324582644995375,189.94532265603823
wti,ok,8,36,0,zero,610,-2.3324582644995373,-0.6138546693329022,0.519672131147541,-1422.7995413447177,-0.024854249069779483,0.025584728213495642,7.821971252439883,401,-4.893817214295073,-1.0026828898114184,0.5211970074812967,-1962.4207029323243,-0.05007159406759752,0.0002908248713170095,7.252165104464276,209,2.581919433433526,0.43453120794629385,0.5167464114832536,539.6211615876069,0.030057152153764845,0.14805858005628744,9.234066876348813,-1.3324582644995375,189.94532265603823
wti,avg,1,6,1,hip3_standard,1923,-19.878961374831754,-17.563264706222327,0.23712948517940718,-38227.242723801464,-0.40051206637234604,0.01914143361130585,18.867889656767883,1338,-20.428215602483235,-14.47295564287958,0.2428998505231689,-27332.95247612257,-0.3956664025705732,-0.2105152448279075,16.863279129905656,585,-18.622718372100667,-10.064924927153907,0.22393162393162394,-10894.29024767889,-0.41613343066661446,0.8544147854565012,25.469354180927457,-0.8789613748317529,42.77300651488993
wti,avg,1,6,1,hip3_growth,1923,-3.6789613748317525,-3.25039981977854,0.4300572022880915,-7074.64272380146,-0.07412200238003547,0.019141433611305658,18.867889656767883,1338,-4.228215602483237,-2.9956006953359386,0.429745889387145,-5657.352476122571,-0.08189471313999384,-0.21051524482790773,16.863279129905656,585,-2.422718372100667,-1.3093941522179147,0.4307692307692308,-1417.2902476788902,-0.05413678538100356,0.8544147854565008,25.469354180927457,-0.8789613748317529,42.77300651488993
wti,avg,1,6,1,zero,1923,-1.8789613748317529,-1.660081499062564,0.4628185127405096,-3613.2427238014607,-0.03785643971422319,0.019141433611305755,18.867889656767883,1338,-2.4282156024832364,-1.7203390344977556,0.45590433482810166,-3248.9524761225703,-0.04703119209215168,-0.21051524482790734,16.863279129905653,585,-0.6227183721006677,-0.33655739944724933,0.47863247863247865,-364.29024767889064,-0.013914935904824595,0.8544147854565012,25.469354180927457,-0.8789613748317529,42.77300651488993
wti,avg,1,6,0,hip3_standard,2905,-19.868675716583432,-21.926973301121713,0.2216867469879518,-57718.50295667487,-0.40682311369207513,0.18639370570227393,23.71730047251297,1689,-20.615461937120784,-17.123907155999056,0.2285375962107756,-34819.51521179701,-0.4166659772313602,-0.2749848124584867,21.560065675518697,1216,-18.831404395458765,-13.698256558871424,0.21217105263157895,-22898.98774487786,-0.3928244476500904,0.8954990781790888,26.990741108658877,-0.8686757165834318,42.54903826756167
wti,avg,1,6,0,hip3_growth,2905,-3.668675716583431,-4.048732569572142,0.44819277108433736,-10657.502956674867,-0.07511834706231862,0.18639370570227412,23.71730047251297,1689,-4.415461937120785,-3.6676335700224416,0.4428656009473061,-7457.715211797005,-0.08924237393126562,-0.27498481245848705,21.560065675518704,1216,-2.6314043954587687,-1.9141244998078135,0.4555921052631579,-3199.7877448778627,-0.05489128460537893,0.8954990781790886,26.990741108658877,-0.8686757165834318,42.54903826756167
wti,avg,1,6,0,zero,2905,-1.8686757165834316,-2.062261377177746,0.4781411359724613,-5428.502956674869,-0.03826226188123458,0.1863937057022739,23.71730047251297,1689,-2.6154619371207843,-2.1724920604694837,0.46714031971580816,-4417.515211797005,-0.05286197356458843,-0.2749848124584867,21.560065675518697,1216,-0.8314043954587692,-0.6047764932451903,0.4934210526315789,-1010.9877448778633,-0.01734315537818877,0.8954990781790891,26.990741108658877,-0.8686757165834318,42.54903826756167
wti,avg,1,12,1,hip3_standard,1333,-21.12043120873686,-11.930776657993734,0.2873218304576144,-28153.534801246235,-0.3267786250883766,-0.009545743314003237,13.093331175517038,927,-21.15786068552574,-9.442187352576209,0.3063646170442287,-19613.33685548236,-0.31012212161353114,-0.06631177191001217,11.485711018343006,406,-21.034970309763235,-7.616762839572957,0.2438423645320197,-8540.197945763874,-0.3780135926684608,0.23271114942327084,19.08361706248243,-2.120431208736859,70.85275206326583
wti,avg,1,12,1,hip3_growth,1333,-4.920431208736859,-2.7795154953170353,0.4433608402100525,-6558.934801246232,-0.07612968359130068,-0.009545743314003362,13.093331175517038,927,-4.9578606855257386,-2.2125606249374314,0.4519956850053937,-4595.9368554823595,-0.07267002544881122,-0.06631177191001254,11.485711018343,406,-4.834970309763234,-1.7507427699458287,0.4236453201970443,-1962.997945763873,-0.0868879047759166,0.23271114942326998,19.083617062482418,-2.120431208736859,70.85275206326583
wti,avg,1,12,1,zero,1333,-3.120431208736859,-1.762708699464069,0.4703675918979745,-4159.534801246233,-0.04827980120273671,-0.009545743314003343,13.093331175517038,927,-3.1578606855257396,-1.4092687663109011,0.47680690399137,-2927.3368554823605,-0.046286459208286806,-0.06631177191001227,11.485711018343006,406,-3.0349703097632332,-1.0989627622094809,0.45566502463054187,-1232.1979457638727,-0.05454060612118945,0.23271114942327084,19.08361706248243,-2.120431208736859,70.85275206326583
wti,avg,1,12,0,hip3_standard,1972,-20.435488489816613,-14.568886257220436,0.2672413793103448,-40298.78330191836,-0.32807481860136367,-0.06312765964454616,16.874733613145356,1099,-23.06395931878306,-11.736263195339575,0.2747952684258417,-25347.291291342583,-0.3540226055899294,-0.8573120989078395,16.40248255911221,873,-17.1265658769482,-8.670824651768399,0.25773195876288657,-14951.492010575777,-0.29346295195730304,1.3702047575845495,16.82900815042442,-1.4354884898166134,68.79013018957065
wti,avg,1,12,0,hip3_growth,1972,-4.235488489816612,-3.0195681440477435,0.4594320486815416,-8352.38330191836,-0.06799725480881903,-0.06312765964454678,16.87473361314536,1099,-6.86395931878306,-3.492775547073425,0.4394904458598726,-7543.491291342583,-0.10535904651548228,-0.8573120989078395,16.40248255911221,873,-0.9265658769481987,-0.4691010623526968,0.4845360824742268,-808.8920105757775,-0.015876665490663914,1.3702047575845493,16.82900815042442,-1.4354884898166134,68.79013018957065
wti,avg,1,12,0,zero,1972,-2.4354884898166134,-1.7363105759174453,0.47971602434077076,-4802.783301918362,-0.03909974772075854,-0.06312765964454616,16.874733613145356,1099,-5.06395931878306,-2.576832475043853,0.45950864422202004,-5565.2912913425835,-0.07772976217387706,-0.8573120989078395,16.40248255911221,873,0.8734341230518011,0.44220155869349226,0.5051546391752577,762.5079894242224,0.014966255227851544,1.3702047575845495,16.82900815042442,-1.4354884898166134,68.79013018957065
wti,avg,1,36,1,hip3_standard,766,-21.102978589242067,-6.356219799536417,0.31462140992167104,-16164.881599359423,-0.22965955658787504,0.10453435894635936,14.268483130129036,509,-21.34231800679014,-4.796367265665902,0.3379174852652259,-10863.239865456182,-0.21259524132697571,-0.0055128966365292,13.319422379596547,257,-20.628956163047633,-4.571878692654672,0.26848249027237353,-5301.641733903241,-0.28518595735718577,0.6887572646219547,13.055530840044593,-2.1029785892420665,142.16106426433856
wti,avg,1,36,1,hip3_growth,766,-4.902978589242068,-1.476777766411166,0.4621409921671018,-3755.6815993594237,-0.053358149609231076,0.10453435894635901,14.268483130129036,509,-5.1423180067901395,-1.1556591814237545,0.4675834970530452,-2617.439865456181,-0.0512236926319712,-0.005512896636529606,13.31942237959655,257,-4.4289561630476335,-0.98156446465334,0.45136186770428016,-1138.2417339032418,-0.061228309055902624,0.6887572646219549,13.05553084004459,-2.1029785892420665,142.16106426433856
wti,avg,1,36,1,zero,766,-3.1029785892420665,-0.93461754050836,0.4751958224543081,-2376.881599359423,-0.033769104389381736,0.10453435894635915,14.268483130129036,509,-3.342318006790139,-0.7511360609524047,0.4774066797642436,-1701.2398654561807,-0.03329352055474847,-0.005512896636529316,13.31942237959655,257,-2.6289561630476337,-0.5826406615420808,0.4708171206225681,-675.6417339032419,-0.036344125911315604,0.6887572646219547,13.055530840044593,-2.1029785892420665,142.16106426433856
wti,avg,1,36,0,hip3_standard,1139,-19.757688349577155,-7.51902215729741,0.30816505706760317,-22504.00703016838,-0.22279195404366148,-0.5170578348941084,15.205617315530771,585,-23.233561387396634,-5.7694967012033755,0.31794871794871793,-13591.63341162703,-0.23853933068235816,-0.2603642750210732,12.450308539966217,554,-16.087317000977173,-4.832513287211583,0.29783393501805056,-8912.373618541353,-0.20531381576547986,-0.9385264683087895,20.047568985567896,-0.7576883495771581,145.45297847373428
wti,avg,1,36,0,hip3_growth,1139,-3.5576883495771585,-1.353920410927122,0.4925373134328358,-4052.2070301683834,-0.040117260949590165,-0.5170578348941088,15.205617315530771,585,-7.033561387396635,-1.746615964107404,0.48376068376068376,-4114.633411627032,-0.07221368251244543,-0.26036427502107384,12.450308539966217,554,0.11268299902282986,0.033849155206402574,0.5018050541516246,62.42638145864774,0.001438112800280479,-0.9385264683087889,20.047568985567892,-0.7576883495771581,145.45297847373428
wti,avg,1,36,0,zero,1139,-1.7576883495771582,-0.6689091057748673,0.5162423178226514,-2002.0070301683832,-0.01982007282802668,-0.5170578348941084,15.205617315530771,585,-5.2335613873966365,-1.2996292155411853,0.505982905982906,-3061.6334116270323,-0.053733054938010706,-0.26036427502107307,12.45030853996622,554,1.9126829990228298,0.5745560932528453,0.5270758122743683,1059.6263814586478,0.024410549307587178,-0.9385264683087895,20.047568985567896,-0.7576883495771581,145.45297847373428
wti,avg,2,6,1,hip3_standard,1786,-19.671780164114683,-17.63785380567806,0.24300111982082867,-35133.79937310882,-0.4173544142504416,0.15397420405555678,15.57490047896549,1260,-20.60816359808686,-15.242450977349213,0.24603174603174602,-25966.286133589445,-0.42940740986658404,-0.05137873889268542,11.609381613214063,526,-17.42873239452352,-8.886892430882863,0.23574144486692014,-9167.513239519372,-0.38748692380263466,0.7734232763319302,27.63163922089212,-0.6717801641146787,41.579355239473685
wti,avg,2,6,1,hip3_growth,1786,-3.4717801641146786,-3.1128220460602893,0.43449048152295633,-6200.599373108816,-0.07365692198226095,0.15397420405555626,15.574900478965487,1260,-4.408163598086859,-3.2604175148440633,0.4253968253968254,-5554.286133589443,-0.09185185782872787,-0.05137873889268578,11.609381613214055,526,-1.2287323945235231,-0.626529363656008,0.45627376425855515,-646.3132395193732,-0.027317978436582777,0.7734232763319303,27.63163922089212,-0.6717801641146787,41.579355239473685
wti,avg,2,6,1,zero,1786,-1.6717801641146788,-1.498929628324982,0.4708846584546473,-2985.7993731088163,-0.03546831173024089,0.15397420405555626,15.574900478965487,1260,-2.60816359808686,-1.9290804634546033,0.45555555555555555,-3286.286133589443,-0.05434568538007722,-0.05137873889268578,11.609381613214055,526,0.5712676054764764,0.2912887549247536,0.5076045627376425,300.4867604806266,0.012700793270756317,0.7734232763319305,27.631639220892122,-0.6717801641146787,41.579355239473685
wti,avg,2,6,0,hip3_standard,2654,-19.94380422009259,-21.697526772491383,0.22343632253202714,-52930.85640012573,-0.42117227403652635,0.4670541394894045,21.963425769281702,1583,-20.27646808907114,-17.116254172863954,0.23499684144030322,-32097.648984999614,-0.430197883708464,0.13127142467717176,16.474686077616518,1071,-19.452107763889927,-13.347292432061192,0.20634920634920634,-20833.20741512611,-0.40784809706221714,0.9456032072145711,29.67124975035404,-0.9438042200925868,42.08765079610022
wti,avg,2,6,0,hip3_growth,2654,-3.7438042200925863,-4.073008910435845,0.4446119065561417,-9936.056400125724,-0.07906147290271676,0.46705413948940416,21.963425769281713,1583,-4.076468089071137,-3.4411251325233594,0.4409349336702464,-6453.04898499961,-0.0864888272069786,0.13127142467717098,16.474686077616525,1071,-3.2521077638899283,-2.231471975792469,0.450046685340803,-3483.0074151261133,-0.06818623354565098,0.9456032072145714,29.67124975035405,-0.9438042200925868,42.08765079610022
wti,avg,2,6,0,zero,2654,-1.943804220092587,-2.11472914798523,0.474378296910324,-5158.8564001257255,-0.04104916166562683,0.46705413948940416,21.963425769281713,1583,-2.276468089071138,-1.9216663502632945,0.4668351231838282,-3603.6489849996115,-0.048298932040146916,0.1312714246771718,16.474686077616525,1071,-1.4521077638899293,-0.9963808139848339,0.48552754435107376,-1555.2074151261143,-0.030446026488254768,0.9456032072145711,29.67124975035404,-0.9438042200925868,42.08765079610022
wti,avg,2,12,1,hip3_standard,1235,-21.115945740479095,-11.612955971011925,0.28663967611336033,-26078.192989491683,-0.3304526969580539,0.29920429708694407,11.597516817373053,865,-21.54462395548542,-9.450878158443935,0.2971098265895954,-18636.099721494887,-0.3213394977166324,0.3266654695176942,9.642397246587336,370,-20.11376558918054,-6.917479049029132,0.26216216216216215,-7442.0932679968,-0.3596226114774066,0.19863556504724886,19.535228468183696,-2.1159457404790967,71.0824179602294
wti,avg,2,12,1,hip3_growth,1235,-4.915945740479097,-2.7035806087827208,0.4477732793522267,-6071.192989491685,-0.0769317911689196,0.29920429708694396,11.597516817373053,865,-5.344623955485415,-2.3445008792150563,0.44739884393063584,-4623.099721494884,-0.07971542139182669,0.326665469517694,9.642397246587336,370,-3.9137655891805383,-1.3460130747735601,0.4486486486486487,-1448.093267996799,-0.06997588769000158,0.19863556504724775,19.53522846818369,-2.1159457404790967,71.0824179602294
wti,avg,2,12,1,zero,1235,-3.1159457404790967,-1.7136500129794754,0.4720647773279352,-3848.1929894916843,-0.04876280163679356,0.29920429708694407,11.597516817373053,865,-3.544623955485417,-1.5549034037451823,0.4658959537572254,-3066.0997214948857,-0.05286830180018166,0.326665469517694,9.642397246587336,370,-2.113765589180538,-0.7269612998562744,0.4864864864864865,-782.093267996799,-0.03779291838028991,0.19863556504724886,19.535228468183696,-2.1159457404790967,71.0824179602294
wti,avg,2,12,0,hip3_standard,1780,-20.817529858236583,-14.303744269562424,0.2702247191011236,-37055.203147661116,-0.3390312538450257,0.18271295735329876,14.552019355339256,1017,-22.648854289669686,-11.552253982925032,0.27925270403146507,-23033.88481259407,-0.3622482132868369,-0.36699009153106976,12.69996763140132,763,-18.376564004019716,-8.483977651312198,0.2581913499344692,-14021.318335067042,-0.30714061309057206,1.031010785100324,17.26121757086235,-1.817529858236581,73.5065838496442
wti,avg,2,12,0,hip3_growth,1780,-4.61752985823658,-3.172709091763478,0.4606741573033708,-8219.203147661112,-0.07520041754067171,0.1827129573532989,14.55201935533926,1017,-6.448854289669686,-3.2892967432405302,0.4503441494591937,-6558.484812594071,-0.10314366962241898,-0.36699009153107,12.699967631401318,763,-2.176564004019714,-1.0048625174278818,0.4744429882044561,-1660.7183350670416,-0.0363784656630725,1.031010785100324,17.26121757086235,-1.817529858236581,73.5065838496442
wti,avg,2,12,0,zero,1780,-2.817529858236581,-1.9359274053413735,0.47808988764044946,-5015.203147661114,-0.04588588017352129,0.18271295735329876,14.552019355339256,1017,-4.648854289669687,-2.3711903832755863,0.46509341199606685,-4727.884812594072,-0.07435427588192814,-0.3669900915310692,12.699967631401321,763,-0.3765640040197147,-0.1738497247740693,0.4954128440366973,-287.3183350670423,-0.006293782615572563,1.031010785100324,17.26121757086235,-1.817529858236581,73.5065838496442
wti,avg,2,36,1,hip3_standard,697,-21.345843686851428,-6.166444974358685,0.3170731707317073,-14878.053049735445,-0.23357075868761362,-0.03421085240799568,11.06997761405143,467,-21.958498730255663,-4.728678082492016,0.3340471092077088,-10254.618907029395,-0.21881712568298567,-0.13668318230351256,9.705778360384254,230,-20.10188757698282,-4.3598348406597225,0.2826086956521739,-4623.434142706048,-0.2874789961161654,0.6474792452639395,14.411670936378503,-2.3458436868514263,148.17422856681014
wti,avg,2,36,1,hip3_growth,697,-5.145843686851426,-1.4865452219706023,0.45911047345767575,-3586.653049735444,-0.05630691537229376,-0.034210852407995845,11.06997761405143,467,-5.758498730255666,-1.2400705106628678,0.4539614561027837,-2689.218907029396,-0.057383619703813726,-0.13668318230351262,9.705778360384256,230,-3.901887576982818,-0.8462680600176942,0.46956521739130436,-897.4341427060481,-0.05580126340342015,0.6474792452639396,14.41167093637851,-2.3458436868514263,148.17422856681014
wti,avg,2,36,1,zero,697,-3.345843686851426,-0.966556360594149,0.46915351506456243,-2332.053049735444,-0.03661093278170267,-0.034210852407995845,11.06997761405143,467,-3.9584987302556662,-0.8524474471262957,0.4625267665952891,-1848.618907029396,-0.039446563483905725,-0.13668318230351262,9.705778360384256,230,-2.101887576982818,-0.45587175105746874,0.4826086956521739,-483.4341427060482,-0.030059293102004014,0.6474792452639396,14.41167093637851,-2.3458436868514263,148.17422856681014
wti,avg,2,36,0,hip3_standard,1001,-18.601254082072717,-6.6711788746074445,0.3126873126873127,-18619.85533615479,-0.21085579766655468,-0.021455286293987925,10.25897949045988,525,-21.318886557605666,-5.113484690136646,0.3314285714285714,-11192.415442742975,-0.22317076816713324,-0.29716653023843437,8.683100002643629,476,-15.603865322293734,-4.289088483235518,0.2920168067226891,-7427.439893411817,-0.1965900483101505,0.5603796398962102,12.709687480729789,0.398745917927281,157.11299397600732
wti,avg,2,36,0,hip3_growth,1001,-2.401254082072719,-0.8611890055481364,0.4805194805194805,-2403.6553361547917,-0.027219581144450194,-0.021455286293988185,10.25897949045988,525,-5.118886557605666,-1.2278008972060792,0.49523809523809526,-2687.415442742975,-0.05358562428363382,-0.2971665302384345,8.683100002643629,476,0.5961346777062656,0.1638616027372509,0.4642857142857143,283.76010658818245,0.007510584247493586,0.5603796398962096,12.709687480729789,0.398745917927281,157.11299397600732
wti,avg,2,36,0,zero,1001,-0.6012540820727188,-0.21563457565265745,0.5004995004995005,-601.8553361547915,-0.006815557086438579,-0.021455286293987925,10.25897949045988,525,-3.318886557605665,-0.7960582535471269,0.5123809523809524,-1742.4154427429742,-0.034742830518800547,-0.2971665302384345,8.683100002643629,476,2.3961346777062666,0.6586338345120033,0.48739495798319327,1140.5601065881829,0.030188432309454054,0.5603796398962103,12.709687480729789,0.398745917927281,157.11299397600732
wti,avg,3,6,1,hip3_standard,1654,-20.89724457304382,-17.464972237460405,0.23216444981862153,-34564.04252381448,-0.42943767909544445,0.0798414160091539,17.01491630741059,1194,-21.388223487078093,-14.929523257488169,0.2370184254606365,-25537.538843571245,-0.4320597164429519,-0.047408344572557784,13.850165569780732,460,-19.6228340874853,-9.0633069843056,0.21956521739130436,-9026.503680243237,-0.42257886707114956,0.4918965839009352,27.39121250179776,-1.8972445730438232,44.14991005063482
wti,avg,3,6,1,hip3_growth,1654,-4.6972445730438235,-3.9257446489665435,0.43349455864570735,-7769.242523814483,-0.09652821933249722,0.07984141600915327,17.014916307410584,1194,-5.188223487078095,-3.621511775495315,0.4288107202680067,-6194.7388435712455,-0.10480638422466096,-0.04740834457255788,13.850165569780732,460,-3.4228340874852985,-1.5809233239662142,0.44565217391304346,-1574.5036802432373,-0.0737109300528877,0.49189658390093494,27.391212501797742,-1.8972445730438232,44.14991005063482
wti,avg,3,6,1,zero,1654,-2.897244573043823,-2.4213860280227815,0.4709794437726723,-4792.0425238144835,-0.05953827935883642,0.07984141600915406,17.014916307410587,1194,-3.388223487078095,-2.365066055273887,0.457286432160804,-4045.5388435712457,-0.06844490286707308,-0.04740834457255752,13.850165569780732,460,-1.6228340874852996,-0.7495473617062829,0.5065217391304347,-746.5036802432378,-0.034947825939747525,0.4918965839009352,27.39121250179776,-1.8972445730438232,44.14991005063482
wti,avg,3,6,0,hip3_standard,2405,-19.928009490768936,-20.797168196962822,0.22910602910602912,-47926.86282529929,-0.4240788991298895,-0.09626608258731756,18.418449901297127,1478,-20.26190346341107,-16.45695291239826,0.2395128552097429,-29947.09331892156,-0.42806745383693223,0.08478284222405917,16.990049946411343,927,-19.39565211043984,-12.710295002390462,0.21251348435814454,-17979.769506377732,-0.4174608599986872,-0.4003633587195342,20.88639947224496,-0.9280094907689376,42.07515957690229
wti,avg,3,6,0,hip3_growth,2405,-3.7280094907689376,-3.8906063576148813,0.4498960498960499,-8965.862825299295,-0.0793340730554855,-0.09626608258731786,18.418449901297127,1478,-4.0619034634110704,-3.2991250872739992,0.4472259810554804,-6003.493318921563,-0.08581467562776916,0.08478284222405899,16.990049946411347,927,-3.1956521104398394,-2.094164239357504,0.45415318230852214,-2962.3695063777313,-0.06878137794412019,-0.4003633587195342,20.88639947224496,-0.9280094907689376,42.07515957690229
wti,avg,3,6,0,zero,2405,-1.928009490768938,-2.012099486576221,0.4802494802494803,-4636.862825299296,-0.04102909238055172,-0.0962660825873174,18.418449901297127,1478,-2.2619034634110706,-1.8371442178157482,0.4709066305818674,-3343.0933189215625,-0.04778658916008438,0.08478284222405917,16.990049946411343,927,-1.3956521104398407,-0.9145941545760656,0.49514563106796117,-1293.7695063777323,-0.030039213271390554,-0.4003633587195336,20.88639947224497,-0.9280094907689376,42.07515957690229
wti,avg,3,12,1,hip3_standard,1150,-22.30348764262664,-11.961952808036287,0.27304347826086955,-25649.010789020635,-0.352738744289887,0.4902032095867615,11.758077294000445,818,-23.093441257042915,-10.196032128705168,0.28484107579462103,-18890.434948261103,-0.3564959032838612,0.4587137191512291,9.951698850902243,332,-20.35715614686606,-6.256275683633127,0.24397590361445784,-6758.575840759532,-0.3433577353527421,0.6073993310437242,17.83267848711633,-3.30348764262664,72.224388059
wti,avg,3,12,1,hip3_growth,1150,-6.103487642626639,-3.2734625326487414,0.4373913043478261,-7019.0107890206355,-0.09652914384269887,0.4902032095867615,11.758077294000445,818,-6.893441257042915,-3.0435372429700545,0.4290953545232274,-5638.834948261105,-0.10641478419394422,0.4587137191512291,9.951698850902243,332,-4.157156146866059,-1.2776006003524236,0.4578313253012048,-1380.1758407595316,-0.07011744223003395,0.6073993310437231,17.83267848711633,-3.30348764262664,72.224388059
wti,avg,3,12,1,zero,1150,-4.30348764262664,-2.3080747242723483,0.46347826086956523,-4949.010789020636,-0.06806141045967797,0.4902032095867615,11.758077294000445,818,-5.093441257042914,-2.248815588999486,0.45232273838630804,-4166.434948261104,-0.07862799318395343,0.4587137191512291,9.951698850902243,332,-2.3571561468660596,-0.7244144799879012,0.49096385542168675,-782.5758407595317,-0.039757409660844165,0.6073993310437231,17.83267848711633,-3.30348764262664,72.224388059
wti,avg,3,12,0,hip3_standard,1605,-20.830813714843092,-13.504131033721723,0.27850467289719627,-33433.456012323164,-0.33707700385380307,0.11669101074573983,12.921127596213141,944,-22.3650407692799,-10.804172167191854,0.288135593220339,-21112.598486200226,-0.3516458521240088,0.049788423575060504,13.41013994766024,661,-18.639723942697334,-8.107727858034817,0.264750378214826,-12320.857526122938,-0.31535406468267024,0.25321588765962516,11.816269333599887,-1.8308137148430916,75.5160604463759
wti,avg,3,12,0,hip3_growth,1605,-4.630813714843092,-3.002048602327863,0.4604361370716511,-7432.456012323162,-0.07493422166663387,0.11669101074573977,12.921127596213141,944,-6.1650407692799,-2.978226714460023,0.4480932203389831,-5819.798486200225,-0.09693302315238687,0.04978842357506044,13.41013994766024,661,-2.439723942697334,-1.061207657201992,0.47806354009077157,-1612.6575261229377,-0.04127619402510844,0.2532158876596246,11.816269333599887,-1.8308137148430916,75.5160604463759
wti,avg,3,12,0,zero,1605,-2.8308137148430923,-1.8351505543952118,0.47601246105919004,-4543.456012323163,-0.04580724586805952,0.11669101074573977,12.921127596213141,944,-4.365040769279901,-2.1086772197120425,0.4608050847457627,-4120.598486200226,-0.06863159771109556,0.049788423575060504,13.41013994766024,661,-0.6397239426973338,-0.27826096822056684,0.4977307110438729,-422.8575261229376,-0.010823097285379342,0.25321588765962505,11.816269333599879,-1.8308137148430916,75.5160604463759
wti,avg,3,36,1,hip3_standard,641,-21.557539385233994,-5.929918369966769,0.32761310452418096,-13818.38274593499,-0.2342176936981786,0.06687194042061807,10.797450387504838,432,-22.410302705024986,-4.710505842540302,0.3472222222222222,-9681.250768570793,-0.22663431801749567,-0.04488203636757256,10.026139778093016,209,-19.79488984384784,-3.757428729785856,0.28708133971291866,-4137.131977364199,-0.25990677993388095,0.6155366798536742,11.840158366139203,-2.5575393852339965,153.29162545166406
wti,avg,3,36,1,hip3_growth,641,-5.357539385233998,-1.4737197344554316,0.47737909516380655,-3434.1827459349925,-0.05820842983435162,0.06687194042061778,10.797450387504835,432,-6.210302705024983,-1.3053668913363035,0.4699074074074074,-2682.8507685707928,-0.06280449384201998,-0.044882036367573215,10.026139778093022,209,-3.5948898438478434,-0.6823752234159242,0.49282296650717705,-751.3319773641992,-0.047200881182063885,0.615536679853674,11.840158366139203,-2.5575393852339965,153.29162545166406
wti,avg,3,36,1,zero,641,-3.5575393852339965,-0.9785865527319493,0.4914196567862715,-2280.382745934992,-0.038651844960593054,0.06687194042061798,10.797450387504835,432,-4.410302705024983,-0.927018118980304,0.47685185185185186,-1905.2507685707928,-0.04460118004474492,-0.04488203636757282,10.02613977809302,209,-1.7948898438478436,-0.34070261159704274,0.5215311004784688,-375.1319773641993,-0.023566892431861986,0.615536679853674,11.840158366139203,-2.5575393852339965,153.29162545166406
wti,avg,3,36,0,hip3_standard,881,-17.61525522164859,-5.674362494787698,0.3416572077185017,-15519.039850272406,-0.1911741298538393,0.07819379218007877,9.462221404994393,469,-20.934104931827118,-4.618119161927871,0.35394456289978676,-9818.095213026918,-0.21324492956857516,-0.1095589167756573,8.004303090601242,412,-13.837244265158954,-3.3151066401640725,0.3276699029126214,-5700.9446372454895,-0.16332358163952604,0.45554107983857595,11.808958420182693,1.3847447783514117,163.7679139926977
wti,avg,3,36,0,hip3_growth,881,-1.4152552216485896,-0.45589297737825385,0.4880817253121453,-1246.8398502724074,-0.015359424664325144,0.07819379218007842,9.462221404994393,469,-4.734104931827119,-1.0443561246800293,0.47974413646055436,-2220.2952130269186,-0.04822388518856094,-0.10955891677565732,8.004303090601242,412,2.3627557348410475,0.5660655456794685,0.4975728155339806,973.4553627545115,0.02788804777590137,0.4555410798385753,11.808958420182691,1.3847447783514117,163.7679139926977
wti,avg,3,36,0,zero,881,0.3847447783514112,0.1239369690005736,0.5062429057888763,338.96014972759326,0.004175542578954218,0.07819379218007877,9.462221404994393,469,-2.934104931827118,-0.6472713427636022,0.4925373134328358,-1376.0952130269184,-0.029888213590781573,-0.10955891677565732,8.004303090601242,412,4.162755734841047,0.9973068996620841,0.5218446601941747,1715.0553627545114,0.04913378437761552,0.45554107983857595,11.808958420182693,1.3847447783514117,163.7679139926977
wti,avg,5,6,1,hip3_standard,1338,-19.571684829727765,-14.519157375049183,0.23542600896860988,-26186.91430217575,-0.39692948065988315,0.6162080388267895,16.769913108631126,1025,-20.810145086150648,-13.293312959690438,0.23414634146341465,-21330.398713304414,-0.41521333857548315,0.299853412744594,13.764978114092179,313,-15.516024245595323,-5.91643553319393,0.23961661341853036,-4856.515588871336,-0.3344167084390283,1.9752936518041988,29.617428690770375,-0.5716848297277655,45.212542508844045
wti,avg,5,6,1,hip3_growth,1338,-3.371684829727765,-2.501267677656766,0.44245142002989535,-4511.31430217575,-0.06838047516378608,0.6162080388267898,16.769913108631126,1025,-4.610145086150648,-2.9449146637889014,0.4380487804878049,-4725.398713304414,-0.09198368029696646,0.2998534127445932,13.764978114092179,313,0.6839757544046764,0.26080769101348406,0.45686900958466453,214.0844111286637,0.01474172228784997,1.9752936518041988,29.617428690770375,-0.5716848297277655,45.212542508844045
wti,avg,5,6,1,zero,1338,-1.5716848297277652,-1.16594660016872,0.4760837070254111,-2102.91430217575,-0.031875030108664194,0.6162080388267898,16.769913108631126,1025,-2.810145086150648,-1.7950926309109532,0.46439024390243905,-2880.398713304414,-0.05606927382157573,0.29985341274459404,13.764978114092179,313,2.483975754404676,0.9471680492587521,0.5143769968051118,777.4844111286636,0.05353710347972533,1.9752936518041988,29.617428690770375,-0.5716848297277655,45.212542508844045
wti,avg,5,6,0,hip3_standard,1926,-19.78127324673789,-18.65016146337474,0.22793354101765317,-38098.732273217174,-0.4249662637700224,0.638074831847596,16.483621660484616,1269,-20.65394207470864,-15.656040450571082,0.23404255319148937,-26209.852492805265,-0.4394921513914522,0.2548206350806522,14.917574853423265,657,-18.095707428328627,-10.158324823201067,0.2161339421613394,-11888.879780411908,-0.3963139969661277,1.454156789316868,19.72832624579494,-0.7812732467378886,42.504912758809276
wti,avg,5,6,0,hip3_growth,1926,-3.5812732467378883,-3.376492678859304,0.4491173416407061,-6897.532273217173,-0.07693742926566753,0.6380748318475958,16.483621660484623,1269,-4.453942074708641,-3.3761640772454156,0.438140267927502,-5652.0524928052655,-0.09477476878293327,0.2548206350806517,14.917574853423265,657,-1.8957074283286262,-1.0641867361632067,0.4703196347031963,-1245.4797804119073,-0.04151787881048254,1.4541567893168676,19.72832624579494,-0.7812732467378886,42.504912758809276
wti,avg,5,6,0,zero,1926,-1.7812732467378884,-1.6794183694687004,0.476116303219107,-3430.7322732171733,-0.03826755876518367,0.6380748318475957,16.483621660484616,1269,-2.6539420747086404,-2.011733369098119,0.46099290780141844,-3367.852492805265,-0.056472837381986725,0.2548206350806522,14.917574853423265,657,-0.09570742832862722,-0.05372694871455648,0.5053272450532724,-62.87978041190809,-0.0020960879042997873,1.454156789316868,19.72832624579494,-0.7812732467378886,42.504912758809276
wti,avg,5,12,1,hip3_standard,912,-20.87884810852803,-9.831129032670988,0.28399122807017546,-19041.509474977564,-0.3255412127563572,0.6457793617310622,11.280086172057675,692,-22.176679685519982,-8.706336747889942,0.29335260115606937,-15346.262342379827,-0.33096526276268984,0.3993019565942177,9.226790779557527,220,-16.79657787544426,-4.608489795963841,0.2545454545454545,-3695.2471325977376,-0.3107043186602076,2.213151338704586,23.86352585751364,-1.8788481085280302,76.20056824939692
wti,avg,5,12,1,hip3_growth,912,-4.67884810852803,-2.20310810443702,0.44298245614035087,-4267.109474977563,-0.07295219926097668,0.6457793617310622,11.280086172057675,692,-5.976679685519978,-2.3463830796269094,0.43786127167630057,-4135.862342379825,-0.08919610106728969,0.3993019565942172,9.226790779557527,220,-0.5965778754442634,-0.1636835236243,0.4590909090909091,-131.24713259773796,-0.01103554091150019,2.213151338704586,23.86352585751364,-1.8788481085280302,76.20056824939692
wti,avg,5,12,1,zero,912,-2.87884810852803,-1.3555502235221353,0.46710526315789475,-2625.5094749775635,-0.044886753317045516,0.6457793617310622,11.280086172057675,692,-4.1766796855199795,-1.6397215609310172,0.46098265895953755,-2890.262342379826,-0.062332860878911905,0.39930195659421763,9.226790779557529,220,1.2034221245557366,0.33018383996898243,0.4863636363636364,264.75286740226204,0.02226098994946731,2.213151338704586,23.86352585751364,-1.8788481085280302,76.20056824939692
wti,avg,5,12,0,hip3_standard,1253,-20.315666874761142,-11.30318044728804,0.286512370311253,-25455.53059407571,-0.319319268242606,-0.14943105787950528,13.883144699565491,792,-22.731254149114676,-9.734346891386002,0.2904040404040404,-18003.153286098823,-0.3458949550829175,-0.22709474082960782,12.910159529836362,461,-16.165677457650506,-5.8146662525963215,0.279826464208243,-7452.3773079768835,-0.2708160065258968,0.07282751527058406,16.03198177126093,-1.3156668747611404,77.8564696810189
wti,avg,5,12,0,hip3_growth,1253,-4.11566687476114,-2.289864548042219,0.45490822027134875,-5156.9305940757085,-0.06468956903461294,-0.14943105787950575,13.883144699565491,792,-6.531254149114678,-2.796919743460902,0.4393939393939394,-5172.753286098825,-0.09938421548250241,-0.2270947408296082,12.91015952983636,461,0.034322542349494424,0.0123455468677846,0.48156182212581344,15.822692023116929,0.000574989441503863,0.07282751527058332,16.031981771260934,-1.3156668747611404,77.8564696810189
wti,avg,5,12,0,zero,1253,-2.31566687476114,-1.288385003681572,0.47086991221069435,-2901.530594075709,-0.03639738023372483,-0.14943105787950545,13.883144699565491,792,-4.731254149114679,-2.026094504802558,0.4494949494949495,-3747.1532860988254,-0.07199413330467852,-0.22709474082960748,12.910159529836362,461,1.8343225423494947,0.6597913023637965,0.5075921908893709,845.622692023117,0.03072954454899283,0.07282751527058406,16.03198177126093,-1.3156668747611404,77.8564696810189
wti,avg,5,36,1,hip3_standard,487,-20.58454962624235,-4.829255866714899,0.3593429158110883,-10024.675667980024,-0.21883447199156733,0.12141808134110442,9.889013345407134,359,-22.346385035100525,-4.219703600352238,0.37047353760445684,-8022.352227601088,-0.2227074381199319,-0.0876732850238501,8.800237291675318,128,-15.643151877960445,-2.3983190697375885,0.328125,-2002.323440378937,-0.21198345970755764,1.7608041684065454,14.683791026713783,-1.5845496262423486,169.58717630462013
wti,avg,5,36,1,hip3_growth,487,-4.384549626242349,-1.0286410142507818,0.4804928131416838,-2135.275667980024,-0.04661217368372031,0.12141808134110431,9.889013345407134,359,-6.1463850351005185,-1.1606317093805552,0.47075208913649025,-2206.552227601086,-0.0612557987663693,-0.08767328502385058,8.80023729167532,128,0.5568481220395567,0.08537278679219441,0.5078125,71.27655962106326,0.0075459595586942485,1.7608041684065447,14.68379102671378,-1.5845496262423486,169.58717630462013
wti,avg,5,36,1,zero,487,-2.584549626242349,-0.6063504750881021,0.48459958932238195,-1258.675667980024,-0.027476362760626195,0.12141808134110431,9.889013345407134,359,-4.346385035100521,-0.8207348326059243,0.4735376044568245,-1560.3522276010872,-0.04331672772708461,-0.08767328502385031,8.80023729167532,128,2.356848122039556,0.36133854862883685,0.515625,301.6765596210632,0.03193811725494445,1.7608041684065454,14.683791026713783,-1.5845496262423486,169.58717630462013
wti,avg,5,36,0,hip3_standard,651,-18.948723886568192,-5.185968458475886,0.35176651305683565,-12335.619250155894,-0.20325412896313663,-0.12824091405120988,8.364102517883271,383,-23.915935993587887,-4.75627316132564,0.34986945169712796,-9159.80348554416,-0.2430342054660052,-0.31722449402657815,7.857715749982316,268,-11.850058823178106,-2.283400727308422,0.35447761194029853,-3175.8157646117324,-0.13948089904902655,0.37858403600325646,8.956482243259842,0.05127611343180723,180.59623912544805
wti,avg,5,36,0,hip3_growth,651,-2.7487238865681936,-0.7522826055271413,0.4930875576036866,-1789.4192501558941,-0.029484279926661073,-0.12824091405120977,8.364102517883271,383,-7.715935993587887,-1.5345039930968192,0.4856396866840731,-2955.2034855441607,-0.07840949123341667,-0.31722449402657815,7.857715749982316,268,4.3499411768218925,0.8381948980266826,0.503731343283582,1165.7842353882672,0.051200902477104855,0.3785840360032558,8.956482243259842,0.05127611343180723,180.59623912544805
wti,avg,5,36,0,zero,651,-0.9487238865681926,-0.2596508440883917,0.5038402457757296,-617.6192501558934,-0.010176518922608221,-0.12824091405120994,8.364102517883271,383,-5.915935993587886,-1.1765296410713946,0.49869451697127937,-2265.80348554416,-0.06011785631868461,-0.31722449402657826,7.85771574998232,268,6.149941176821891,1.1850388563972494,0.5111940298507462,1648.1842353882666,0.07238776931334166,0.3785840360032565,8.956482243259842,0.05127611343180723,180.59623912544805
wti,avg,8,6,1,hip3_standard,942,-19.933364564521177,-13.79773705528696,0.2346072186836518,-18777.22941977895,-0.44955456586829917,0.30044722501469534,13.969671237471559,783,-20.290415154535868,-12.178673545499533,0.23754789272030652,-15887.395066001585,-0.43523028552758336,0.31658204782222715,13.582530770890026,159,-18.175058828788462,-7.441615156049584,0.22012578616352202,-2889.8343537773653,-0.5901584699809297,0.12908119423760447,4.78922826606277,-0.9333645645211808,39.475550197257604
wti,avg,8,6,1,hip3_growth,942,-3.7333645645211804,-2.584209124658958,0.4416135881104034,-3516.829419778952,-0.08419808309825727,0.30044722501469534,13.969671237471562,783,-4.0904151545358705,-2.455141033500253,0.4444444444444444,-3202.7950660015863,-0.08773958256034133,0.3165820478222268,13.58253077089002,159,-1.975058828788462,-0.8086701590820378,0.4276729559748428,-314.0343537773655,-0.06413171519829539,0.12908119423760447,4.7892282660627705,-0.9333645645211808,39.475550197257604
wti,avg,8,6,1,zero,942,-1.933364564521181,-1.3382615768114021,0.4819532908704883,-1821.2294197789524,-0.0436029183460304,0.3004472250146957,13.969671237471559,783,-2.290415154535871,-1.374748532167,0.48148148148148145,-1793.3950660015869,-0.04912950445287002,0.31658204782222726,13.582530770890026,159,-0.17505882878846185,-0.07167627053008804,0.48427672955974843,-27.834353777365436,-0.0056842980002249,0.12908119423760447,4.7892282660627705,-0.9333645645211808,39.475550197257604
wti,avg,8,6,0,hip3_standard,1343,-19.022010383915152,-15.196046162710994,0.24050632911392406,-25546.55994559805,-0.4146604339542788,0.45020803650959335,11.948985875853912,963,-18.884127624166993,-12.558629760486639,0.2544132917964694,-18185.414902072815,-0.40469618806257457,0.6111187341793697,12.982784522540136,380,-19.37143432506639,-8.607824950322039,0.20526315789473684,-7361.145043525228,-0.44157210287844406,-0.04690240005413413,8.409406229339355,-0.022010383915148184,39.96004412331844
wti,avg,8,6,0,hip3_growth,1343,-2.822010383915148,-2.254409455158651,0.4378257632166791,-3789.9599455980433,-0.06151694940757823,0.4502080365095925,11.948985875853912,963,-2.6841276241669934,-1.7850422181360814,0.43406022845275183,-2584.8149020728147,-0.057522181558638634,0.6111187341793692,12.982784522540136,380,-3.171434325066392,-1.409247815805228,0.4473684210526316,-1205.145043525229,-0.07229288758697254,-0.04690240005413396,8.409406229339355,-0.022010383915148184,39.96004412331844
wti,avg,8,6,0,zero,1343,-1.0220103839151482,-0.8164498209861691,0.4676098287416232,-1372.5599455980441,-0.02227878445794485,0.4502080365095931,11.94898587585391,963,-0.8841276241669936,-0.5879769356526864,0.46002076843198336,-851.4149020728149,-0.018947291947090203,0.6111187341793699,12.982784522540136,380,-1.3714343250663927,-0.6094059119700267,0.4868421052631579,-521.1450435252292,-0.03126186366569793,-0.046902400054133986,8.409406229339355,-0.022010383915148184,39.96004412331844
wti,avg,8,12,1,hip3_standard,644,-21.080145863323946,-8.813099367437124,0.3059006211180124,-13575.613935980622,-0.34728476613482157,0.5234617523549038,8.95555971273846,533,-21.79840552072953,-7.769386073897124,0.3170731707317073,-11618.55014254884,-0.3365294674860269,0.53950072160771,8.294565373247314,111,-17.631205346232274,-5.29424559238827,0.25225225225225223,-1957.0637934317824,-0.5025075535492753,0.14651042287770627,4.324114197874676,-2.080145863323948,69.99863789738613
wti,avg,8,12,1,hip3_growth,644,-4.880145863323948,-2.0402710066579886,0.4673913043478261,-3142.8139359806223,-0.0803979405947543,0.5234617523549038,8.95555971273846,533,-5.598405520729531,-1.995383279177068,0.4596622889305816,-2983.95014254884,-0.08642964398796492,0.5395007216077098,8.294565373247314,111,-1.4312053462322716,-0.4297580594914881,0.5045045045045045,-158.86379343178214,-0.04079082984054241,0.14651042287770616,4.324114197874676,-2.080145863323948,69.99863789738613
wti,avg,8,12,1,zero,644,-3.0801458633239474,-1.2877345221269731,0.4922360248447205,-1983.613935980622,-0.050743848868080144,0.5234617523549038,8.95555971273846,533,-3.7984055207295295,-1.3538274130970613,0.4821763602251407,-2024.5501425488392,-0.058640774710402445,0.5395007216077098,8.294565373247314,111,0.368794653767727,0.11074055527482056,0.5405405405405406,40.9362065682177,0.010511028349316753,0.14651042287770602,4.324114197874676,-2.080145863323948,69.99863789738613
wti,avg,8,12,0,hip3_standard,876,-20.52439737099817,-10.306660339688802,0.2888127853881279,-17979.372096994397,-0.34822978189976334,-0.7870441116494846,14.178499452148277,606,-20.53080215394679,-8.549191630925396,0.30198019801980197,-12441.666105291755,-0.3472871704838062,-0.5562049979767077,13.88355242128685,270,-20.51002219149126,-5.746564459217698,0.25925925925925924,-5537.70599170264,-0.3497247758301122,-1.319306714432521,14.862332336041485,-1.524397370998169,74.43606647952815
wti,avg,8,12,0,hip3_growth,876,-4.324397370998169,-2.1715665542366063,0.4589041095890411,-3788.1720969943963,-0.07337043451899247,-0.7870441116494851,14.178499452148277,606,-4.330802153946792,-1.80338095180553,0.44884488448844884,-2624.466105291756,-0.07325734351203725,-0.5562049979767082,13.883552421286854,270,-4.310022191491259,-1.2075959798004687,0.48148148148148145,-1163.70599170264,-0.07349195094325219,-1.319306714432521,14.862332336041485,-1.524397370998169,74.43606647952815
wti,avg,8,12,0,zero,876,-2.524397370998169,-1.2676672447419177,0.4680365296803653,-2211.372096994396,-0.04283050703224015,-0.7870441116494846,14.178499452148277,606,-2.530802153946793,-1.0538464319033232,0.45874587458745875,-1533.6661052917566,-0.04280958495961851,-0.5562049979767077,13.88355242128685,270,-2.51002219149126,-0.7032661487541102,0.4888888888888889,-677.7059917026402,-0.042799414844712204,-1.319306714432521,14.862332336041485,-1.524397370998169,74.43606647952815
wti,avg,8,36,1,hip3_standard,322,-18.30216237083003,-3.606612461752271,0.37577639751552794,-5893.29628340727,-0.20098865461372986,0.08473448677826449,8.65592973386977,262,-21.276336425695852,-3.6376130110565574,0.37404580152671757,-5574.400143532313,-0.22473248234092535,-0.2503465186322969,7.049495072765961,60,-5.314935664582592,-0.5680347770764018,0.38333333333333336,-318.8961398749555,-0.07333297438945156,3.7945777901370503,23.558725648309153,0.6978376291699695,192.18550057142855
wti,avg,8,36,1,hip3_growth,322,-2.1021623708300314,-0.4142507781127531,0.4813664596273292,-676.8962834072702,-0.023085293318462416,0.08473448677826449,8.65592973386977,262,-5.0763364256958585,-0.8679007072058771,0.46564885496183206,-1330.000143532315,-0.05361908475777355,-0.250346518632297,7.049495072765962,60,10.88506433541741,1.1633433560510857,0.55,653.1038601250445,0.15018698146356335,3.7945777901370503,23.558725648309153,0.6978376291699695,192.18550057142855
wti,avg,8,36,1,zero,322,-0.30216237083003067,-0.059543924375028714,0.4937888198757764,-97.29628340726987,-0.0033182531745437984,0.08473448677826449,8.65592973386977,262,-3.276336425695857,-0.5601548956669122,0.48091603053435117,-858.4001435323145,-0.034606485026312216,-0.250346518632297,7.049495072765962,60,12.685064335417412,1.3557187041763625,0.55,761.1038601250447,0.17502253211389837,3.7945777901370503,23.558725648309153,0.6978376291699695,192.18550057142855
wti,avg,8,36,0,hip3_standard,431,-19.113343934398806,-4.099621896916344,0.37587006960556846,-8237.851235725886,-0.1974718382675386,-0.11302701096514549,7.482740583340852,280,-22.59038045751467,-3.830358273043311,0.3678571428571429,-6325.306528104107,-0.2289076895971023,-0.20308705676538558,6.77683456222543,151,-12.665858990872708,-1.670903663360821,0.39072847682119205,-1912.544707621779,-0.13597621169614868,0.11160615695071696,9.040460904343412,-0.1133439343988069,211.06147138279195
wti,avg,8,36,0,hip3_growth,431,-2.913343934398808,-0.6248832557873103,0.5011600928074246,-1255.6512357258862,-0.03009956730783915,-0.1130270109651457,7.482740583340853,280,-6.39038045751467,-1.0835340599672465,0.49642857142857144,-1789.3065281041077,-0.06475354538305507,-0.20308705676538594,6.776834562225429,151,3.534141009127291,0.46623045173958755,0.5099337748344371,533.6552923782209,0.03794129607533404,0.11160615695071642,9.040460904343409,-0.1133439343988069,211.06147138279195
wti,avg,8,36,0,zero,431,-1.1133439343988065,-0.23880118455075075,0.5127610208816705,-479.85123572588566,-0.011502648312316973,-0.11302701096514549,7.482740583340853,280,-4.590380457514668,-0.7783313696254612,0.5142857142857142,-1285.306528104107,-0.046514196025938696,-0.20308705676538602,6.776834562225431,151,5.334141009127291,0.7036897978618551,0.5099337748344371,805.4552923782209,0.057265463605498786,0.11160615695071702,9.040460904343412,-0.1133439343988069,211.06147138279195
